timestamp_utc,date_of_journey,journey_day,airline,carrier_code,flight_code,class,source,destination,departure_time,arrival_time,duration_hours,stops,days_left,fare,jevons_index,anomaly_status,record_hash
2026-09-17T22:50:35Z,2026-11-02,Monday,Air India,AI,AI-773,Economy,Chennai,Delhi,04:30,06:45,5.3,1-stop,45,4690,73.28,VALIDATED_NORMAL,cf33b7fa7828f16b
2026-09-17T22:50:35Z,2026-10-09,Friday,IndiGo,6E,6E-229,Economy,Delhi,Bangalore,14:45,17:00,2.7,non-stop,21,7720,120.62,VALIDATED_NORMAL,4864b9394bdd31ed
2026-09-17T22:50:35Z,2026-11-02,Monday,Akasa Air,QP,QP-975,Economy,Delhi,Kolkata,20:30,22:45,2.2,non-stop,45,3160,49.38,VALIDATED_NORMAL,ff16c59c204e32d0
2026-09-17T22:50:35Z,2026-10-09,Friday,Air India,AI,AI-710,Economy,Chennai,Delhi,11:15,13:30,2.8,non-stop,21,8760,136.88,VALIDATED_NORMAL,35d8c267ffe5d767
2026-09-17T22:50:35Z,2026-10-03,Saturday,IndiGo,6E,6E-104,Economy,Delhi,Mumbai,04:30,06:45,2.1,non-stop,15,6970,108.91,VALIDATED_NORMAL,eb70f295f577248e
2026-09-17T22:50:35Z,2026-09-25,Friday,Vistara,UK,UK-139,Economy,Mumbai,Delhi,18:00,20:15,2.1,non-stop,7,11220,175.31,VALIDATED_NORMAL,b8039d9036ec6f7e
2026-09-17T22:50:35Z,2026-09-20,Sunday,Air India,AI,AI-991,Economy,Ahmedabad,Delhi,06:00,08:15,1.6,non-stop,2,13920,217.5,VALIDATED_NORMAL,d73892cec599b8c4
2026-09-17T22:50:35Z,2026-10-02,Friday,Air India,AI,AI-573,Economy,Kolkata,Mumbai,04:30,06:45,2.6,non-stop,14,10200,159.38,VALIDATED_NORMAL,847be0b847a9579d
2026-09-17T22:50:35Z,2026-10-18,Sunday,Akasa Air,QP,QP-671,Economy,Mumbai,Kolkata,04:30,06:45,2.6,non-stop,30,5070,79.22,VALIDATED_NORMAL,9ca474c9301d4ca9
2026-09-17T22:50:35Z,2026-10-02,Friday,IndiGo,6E,6E-527,Premium Economy,Bangalore,Mumbai,11:15,13:30,1.7,non-stop,14,13380,209.06,VALIDATED_NORMAL,a4df3025f3d9e16e
2026-09-17T22:50:35Z,2026-09-19,Saturday,Air India,AI,AI-631,Premium Economy,Delhi,Bangalore,04:30,06:45,2.7,non-stop,1,61700,964.06,FLAGGED_SURGE,b9df55856733941e
2026-09-17T22:50:35Z,2026-10-09,Friday,IndiGo,6E,6E-199,Economy,Delhi,Mumbai,08:30,10:45,2.1,non-stop,21,5590,87.34,VALIDATED_NORMAL,d29a41ff6b90fd65
2026-09-17T22:50:35Z,2026-09-25,Friday,IndiGo,6E,6E-109,Economy,Kolkata,Mumbai,06:00,08:15,2.6,non-stop,7,13560,211.88,VALIDATED_NORMAL,55b7c55a9c8c4a25
2026-09-17T22:50:35Z,2026-09-25,Friday,IndiGo,6E,6E-604,Economy,Bangalore,Delhi,11:15,13:30,2.7,non-stop,7,12650,197.66,VALIDATED_NORMAL,ce8aab78ec911c4d
2026-09-17T22:50:35Z,2026-10-09,Friday,IndiGo,6E,6E-994,Premium Economy,Bangalore,Delhi,20:30,22:45,2.7,non-stop,21,15850,247.66,VALIDATED_NORMAL,02c8c48b0e931fef
2026-09-17T22:50:35Z,2026-10-03,Saturday,IndiGo,6E,6E-483,Economy,Mumbai,Delhi,14:45,17:00,2.1,non-stop,15,6890,107.66,VALIDATED_NORMAL,b0bce3e433e9cfe7
2026-09-17T22:50:35Z,2026-10-18,Sunday,Air India,AI,AI-463,Economy,Kolkata,Delhi,04:30,06:45,2.2,non-stop,30,5020,78.44,VALIDATED_NORMAL,0f8cbb1d5a557bef
2026-09-17T22:50:35Z,2026-09-25,Friday,IndiGo,6E,6E-976,Economy,Bangalore,Delhi,06:00,08:15,2.7,non-stop,7,13320,208.12,VALIDATED_NORMAL,edd97a9268778018
2026-09-17T22:50:35Z,2026-10-18,Sunday,IndiGo,6E,6E-159,Premium Economy,Kolkata,Mumbai,04:30,06:45,5.1,1-stop,30,10180,159.06,VALIDATED_NORMAL,bd2cb4fad6a0f20d
2026-09-17T22:50:35Z,2026-09-25,Friday,IndiGo,6E,6E-103,Premium Economy,Delhi,Ahmedabad,18:00,20:15,1.6,non-stop,7,18060,282.19,VALIDATED_NORMAL,f605a1cce81a2bb8
2026-09-17T22:50:35Z,2026-10-03,Saturday,IndiGo,6E,6E-946,Economy,Chennai,Delhi,18:00,20:15,5.3,1-stop,15,8310,129.84,VALIDATED_NORMAL,81d787b80d5123ee
2026-09-17T22:50:35Z,2026-10-02,Friday,Air India,AI,AI-185,Economy,Kolkata,Delhi,06:00,08:15,2.2,non-stop,14,8590,134.22,VALIDATED_NORMAL,22d0b31daf2addba
2026-09-17T22:50:35Z,2026-10-03,Saturday,IndiGo,6E,6E-439,Economy,Delhi,Chennai,06:00,08:15,2.8,non-stop,15,10200,159.38,VALIDATED_NORMAL,78dbbbfcd5fbdad9
2026-09-17T22:50:35Z,2026-10-03,Saturday,IndiGo,6E,6E-326,Economy,Delhi,Kolkata,14:45,17:00,2.2,non-stop,15,7590,118.59,VALIDATED_NORMAL,74cf8b938ba6d8b0
2026-09-17T22:50:35Z,2026-11-02,Monday,Air India,AI,AI-163,Economy,Chennai,Delhi,20:30,22:45,2.8,non-stop,45,4800,75.0,VALIDATED_NORMAL,5b3cac53812981fb
2026-09-17T22:50:35Z,2026-11-02,Monday,IndiGo,6E,6E-488,Economy,Delhi,Mumbai,08:30,10:45,2.1,non-stop,45,3440,53.75,VALIDATED_NORMAL,a0b964ff053e72fe
2026-09-17T22:50:35Z,2026-09-20,Sunday,IndiGo,6E,6E-879,Economy,Delhi,Bangalore,14:45,17:00,2.7,non-stop,2,46899,732.8,FLAGGED_SURGE,5dbc84529536a873
2026-09-17T22:50:35Z,2026-11-02,Monday,Air India,AI,AI-814,Economy,Bangalore,Mumbai,14:45,17:00,1.7,non-stop,45,2810,43.91,VALIDATED_NORMAL,b9d203b2ef01dd73
2026-09-17T22:50:35Z,2026-11-02,Monday,IndiGo,6E,6E-149,Economy,Delhi,Ahmedabad,18:00,20:15,1.6,non-stop,45,2500,39.06,VALIDATED_NORMAL,59080f641930989d
2026-09-17T22:50:35Z,2026-11-02,Monday,Vistara,UK,UK-709,Economy,Delhi,Bangalore,06:00,08:15,2.7,non-stop,45,4640,72.5,VALIDATED_NORMAL,2e0cd4de39d13958
2026-09-17T22:50:35Z,2026-10-09,Friday,Air India,AI,AI-552,Economy,Bangalore,Hyderabad,18:00,20:15,1.1,non-stop,21,3080,48.12,VALIDATED_NORMAL,3926e76fd232bc64
2026-09-17T22:50:35Z,2026-10-03,Saturday,Air India,AI,AI-135,Economy,Mumbai,Bangalore,04:30,06:45,4.2,1-stop,15,5760,90.0,VALIDATED_NORMAL,d7bfedb6ffb9255f
2026-09-17T22:50:35Z,2026-10-02,Friday,Air India,AI,AI-132,Economy,Chennai,Delhi,08:30,10:45,2.8,non-stop,14,10900,170.31,VALIDATED_NORMAL,cea11424a30fdbb9
2026-09-17T22:50:35Z,2026-10-09,Friday,Vistara,UK,UK-817,Economy,Ahmedabad,Delhi,14:45,17:00,1.6,non-stop,21,4580,71.56,VALIDATED_NORMAL,ca5e3a80c9987e47
2026-09-17T22:50:35Z,2026-11-02,Monday,IndiGo,6E,6E-122,Premium Economy,Delhi,Kolkata,06:00,08:15,2.2,non-stop,45,7120,111.25,VALIDATED_NORMAL,3c27adcd21c27850
2026-09-17T22:50:35Z,2026-09-20,Sunday,IndiGo,6E,6E-315,Economy,Kolkata,Delhi,04:30,06:45,2.2,non-stop,2,17160,268.12,VALIDATED_NORMAL,490c44805a5e861b
2026-09-17T22:50:35Z,2026-11-02,Monday,IndiGo,6E,6E-798,Premium Economy,Bangalore,Delhi,04:30,06:45,2.7,non-stop,45,9080,141.88,VALIDATED_NORMAL,20050471cef8bf5a
2026-09-17T22:50:35Z,2026-09-25,Friday,IndiGo,6E,6E-152,Economy,Bangalore,Hyderabad,18:00,20:15,1.1,non-stop,7,5610,87.66,VALIDATED_NORMAL,d51224ff5e07cafb
2026-09-17T22:50:35Z,2026-10-02,Friday,IndiGo,6E,6E-621,Economy,Bangalore,Mumbai,04:30,06:45,1.7,non-stop,14,6070,94.84,VALIDATED_NORMAL,5d924d2e230f2ddd
2026-09-17T22:50:35Z,2026-11-02,Monday,IndiGo,6E,6E-700,Economy,Bangalore,Hyderabad,20:30,22:45,3.6,1-stop,45,1730,27.03,VALIDATED_NORMAL,595f7311c893b2f0
2026-09-17T22:50:35Z,2026-10-18,Sunday,Air India,AI,AI-593,Economy,Mumbai,Hyderabad,11:15,13:30,1.5,non-stop,30,3460,54.06,VALIDATED_NORMAL,6b4fc5b1501c7491
2026-09-17T22:50:35Z,2026-09-25,Friday,IndiGo,6E,6E-954,Economy,Hyderabad,Mumbai,06:00,08:15,4.0,1-stop,7,6760,105.62,VALIDATED_NORMAL,d44ab65ab874a75c
2026-09-17T22:50:35Z,2026-09-25,Friday,Air India,AI,AI-562,Economy,Delhi,Ahmedabad,18:00,20:15,4.1,1-stop,7,7530,117.66,VALIDATED_NORMAL,7ef74f76576b411f
2026-09-17T22:50:35Z,2026-09-19,Saturday,IndiGo,6E,6E-157,Economy,Bangalore,Delhi,20:30,22:45,2.7,non-stop,1,25620,400.31,FLAGGED_SURGE,457e013cc333c121
2026-09-17T22:50:35Z,2026-10-09,Friday,Vistara,UK,UK-700,Economy,Delhi,Bangalore,20:30,22:45,2.7,non-stop,21,7820,122.19,VALIDATED_NORMAL,8f21bd6b4e74c97e
2026-09-17T22:50:35Z,2026-09-19,Saturday,IndiGo,6E,6E-840,Economy,Mumbai,Delhi,11:15,13:30,2.1,non-stop,1,22320,348.75,VALIDATED_NORMAL,729254bf81552d3e
2026-09-17T22:50:35Z,2026-10-02,Friday,Air India,AI,AI-151,Economy,Mumbai,Kolkata,20:30,22:45,2.6,non-stop,14,9860,154.06,VALIDATED_NORMAL,34b1cbb117f1ea46
2026-09-17T22:50:35Z,2026-10-09,Friday,IndiGo,6E,6E-110,Economy,Mumbai,Delhi,20:30,22:45,4.6,1-stop,21,5610,87.66,VALIDATED_NORMAL,df611a6f6d8008ff
2026-09-17T22:50:35Z,2026-10-09,Friday,IndiGo,6E,6E-561,Economy,Ahmedabad,Delhi,06:00,08:15,1.6,non-stop,21,4570,71.41,VALIDATED_NORMAL,7a350ed5343215db
2026-09-17T22:50:35Z,2026-11-02,Monday,IndiGo,6E,6E-107,Economy,Bangalore,Hyderabad,11:15,13:30,1.1,non-stop,45,1660,25.94,VALIDATED_NORMAL,13feecca4a8bec17
2026-09-17T22:50:35Z,2026-11-02,Monday,Vistara,UK,UK-373,Economy,Bangalore,Hyderabad,08:30,10:45,3.6,1-stop,45,1840,28.75,VALIDATED_NORMAL,e26b9b0dc3eb1e70
2026-09-17T22:50:35Z,2026-10-02,Friday,IndiGo,6E,6E-849,Economy,Bangalore,Mumbai,06:00,08:15,1.7,non-stop,14,6000,93.75,VALIDATED_NORMAL,64459f94f48bef8d
2026-09-17T22:50:35Z,2026-10-09,Friday,IndiGo,6E,6E-420,Economy,Delhi,Chennai,20:30,22:45,2.8,non-stop,21,7650,119.53,VALIDATED_NORMAL,303c0787dc8d4eb0
2026-09-17T22:50:35Z,2026-10-09,Friday,AirAsia,I5,I5-669,Economy,Chennai,Delhi,14:45,17:00,2.8,non-stop,21,6730,105.16,VALIDATED_NORMAL,81963aa1eb853a55
2026-09-17T22:50:35Z,2026-09-19,Saturday,Air India,AI,AI-752,Premium Economy,Kolkata,Delhi,04:30,06:45,2.2,non-stop,1,53790,840.47,FLAGGED_SURGE,1dd540146acdbfa4
2026-09-17T22:50:35Z,2026-09-20,Sunday,Vistara,UK,UK-209,Economy,Hyderabad,Mumbai,18:00,20:15,1.5,non-stop,2,14400,225.0,VALIDATED_NORMAL,c556f715da7366aa
2026-09-17T22:50:35Z,2026-09-25,Friday,IndiGo,6E,6E-203,Economy,Mumbai,Bangalore,14:45,17:00,1.7,non-stop,7,9010,140.78,VALIDATED_NORMAL,337f859fa6fff1be
2026-09-17T22:50:35Z,2026-09-25,Friday,IndiGo,6E,6E-612,Economy,Mumbai,Hyderabad,14:45,17:00,1.5,non-stop,7,7840,122.5,VALIDATED_NORMAL,0c2b89dada22d85e
2026-09-17T22:50:35Z,2026-09-25,Friday,IndiGo,6E,6E-450,Economy,Bangalore,Delhi,11:15,13:30,2.7,non-stop,7,13390,209.22,VALIDATED_NORMAL,ec249f815799ba9a
2026-09-17T22:50:35Z,2026-10-03,Saturday,IndiGo,6E,6E-651,Economy,Delhi,Chennai,20:30,22:45,2.8,non-stop,15,9200,143.75,VALIDATED_NORMAL,0e82753278d3bb9b
2026-09-17T22:50:38Z,2026-10-03,Saturday,IndiGo,6E,6E-578,Economy,Delhi,Kolkata,14:45,17:00,2.2,non-stop,15,7120,111.25,VALIDATED_NORMAL,5a6145ebedb72ad5
2026-09-17T22:50:38Z,2026-10-18,Sunday,Vistara,UK,UK-662,Premium Economy,Delhi,Mumbai,18:00,20:15,2.1,non-stop,30,9770,152.66,VALIDATED_NORMAL,126a71f8cee0b04b
2026-09-17T22:50:38Z,2026-09-19,Saturday,IndiGo,6E,6E-460,Economy,Ahmedabad,Delhi,11:15,13:30,4.1,1-stop,1,14740,230.31,VALIDATED_NORMAL,1785fca06a003e45
2026-09-17T22:50:38Z,2026-10-03,Saturday,IndiGo,6E,6E-651,Economy,Delhi,Kolkata,06:00,08:15,2.2,non-stop,15,7620,119.06,VALIDATED_NORMAL,def0a0b2eb7f055a
2026-09-17T22:50:38Z,2026-09-25,Friday,IndiGo,6E,6E-893,Economy,Ahmedabad,Delhi,08:30,10:45,4.1,1-stop,7,7850,122.66,VALIDATED_NORMAL,33d5b448e9c6b7e1
2026-09-17T22:50:38Z,2026-09-19,Saturday,IndiGo,6E,6E-251,Economy,Hyderabad,Mumbai,08:30,10:45,1.5,non-stop,1,14500,226.56,VALIDATED_NORMAL,05f35f245ebed492
2026-09-17T22:50:38Z,2026-10-02,Friday,IndiGo,6E,6E-209,Economy,Bangalore,Hyderabad,04:30,06:45,1.1,non-stop,14,3860,60.31,VALIDATED_NORMAL,b63a0e2a44cf22c2
2026-09-17T22:50:38Z,2026-09-25,Friday,IndiGo,6E,6E-872,Business,Delhi,Bangalore,20:30,22:45,5.2,1-stop,7,48900,764.06,FLAGGED_SURGE,afbfd78559ccdccb
2026-09-17T22:50:38Z,2026-10-18,Sunday,IndiGo,6E,6E-804,Economy,Ahmedabad,Delhi,11:15,13:30,1.6,non-stop,30,3240,50.62,VALIDATED_NORMAL,d22567a4fd0c58bb
2026-09-17T22:50:38Z,2026-10-18,Sunday,Air India,AI,AI-589,Economy,Delhi,Mumbai,04:30,06:45,2.1,non-stop,30,4390,68.59,VALIDATED_NORMAL,df00ac02bb413efc
2026-09-17T22:50:38Z,2026-09-25,Friday,IndiGo,6E,6E-908,Economy,Mumbai,Hyderabad,11:15,13:30,1.5,non-stop,7,7230,112.97,VALIDATED_NORMAL,6ec3cb757f115407
2026-09-17T22:50:38Z,2026-10-03,Saturday,IndiGo,6E,6E-926,Economy,Delhi,Ahmedabad,06:00,08:15,1.6,non-stop,15,5470,85.47,VALIDATED_NORMAL,b86e17ebff937a6b
2026-09-17T22:50:38Z,2026-09-20,Sunday,IndiGo,6E,6E-672,Economy,Ahmedabad,Delhi,08:30,10:45,1.6,non-stop,2,13920,217.5,VALIDATED_NORMAL,1b3914b8351a15cf
2026-09-17T22:50:38Z,2026-09-20,Sunday,SpiceJet,SG,SG-575,Economy,Kolkata,Mumbai,11:15,13:30,2.6,non-stop,2,19170,299.53,VALIDATED_NORMAL,ce5b0e7c53af80be
2026-09-17T22:50:38Z,2026-11-02,Monday,IndiGo,6E,6E-726,Economy,Kolkata,Mumbai,11:15,13:30,2.6,non-stop,45,4440,69.38,VALIDATED_NORMAL,0a93dbe935109b67
2026-09-17T22:50:38Z,2026-10-02,Friday,Vistara,UK,UK-837,Economy,Ahmedabad,Delhi,11:15,13:30,4.1,1-stop,14,5990,93.59,VALIDATED_NORMAL,55419e0d338b578a
2026-09-17T22:50:38Z,2026-09-20,Sunday,IndiGo,6E,6E-379,Economy,Bangalore,Hyderabad,08:30,10:45,1.1,non-stop,2,8590,134.22,VALIDATED_NORMAL,6ea2fb7c11e30551
2026-09-17T22:50:38Z,2026-09-20,Sunday,Vistara,UK,UK-376,Economy,Hyderabad,Bangalore,18:00,20:15,1.1,non-stop,2,10400,162.5,VALIDATED_NORMAL,5eb7c48a1a3376fa
2026-09-17T22:50:38Z,2026-09-20,Sunday,Vistara,UK,UK-486,Business,Mumbai,Kolkata,18:00,20:15,2.6,non-stop,2,96580,1509.06,FLAGGED_SURGE,9ea3805d426641ab
2026-09-17T22:50:38Z,2026-10-03,Saturday,IndiGo,6E,6E-749,Economy,Delhi,Kolkata,18:00,20:15,4.7,1-stop,15,7350,114.84,VALIDATED_NORMAL,d02ff02c3e53de44
2026-09-17T22:50:38Z,2026-09-25,Friday,IndiGo,6E,6E-441,Economy,Chennai,Delhi,18:00,20:15,2.8,non-stop,7,13430,209.84,VALIDATED_NORMAL,b051f2f56783d4e5
2026-09-17T22:50:38Z,2026-11-02,Monday,Akasa Air,QP,QP-905,Business,Delhi,Chennai,20:30,22:45,2.8,non-stop,45,16790,262.34,VALIDATED_NORMAL,241d14b56f776c19
2026-09-17T22:50:38Z,2026-09-25,Friday,IndiGo,6E,6E-284,Economy,Ahmedabad,Delhi,04:30,06:45,1.6,non-stop,7,8110,126.72,VALIDATED_NORMAL,0f19aa026367dfd7
2026-09-17T22:50:38Z,2026-10-02,Friday,IndiGo,6E,6E-989,Economy,Kolkata,Delhi,11:15,13:30,2.2,non-stop,14,8230,128.59,VALIDATED_NORMAL,326e1d94325277a4
2026-09-17T22:50:38Z,2026-09-19,Saturday,IndiGo,6E,6E-787,Economy,Mumbai,Bangalore,04:30,06:45,1.7,non-stop,1,16530,258.28,VALIDATED_NORMAL,3808a28a8be0c148
2026-09-17T22:50:38Z,2026-10-03,Saturday,IndiGo,6E,6E-788,Economy,Bangalore,Delhi,14:45,17:00,2.7,non-stop,15,9920,155.0,VALIDATED_NORMAL,bdf2e02693ed7465
2026-09-17T22:50:38Z,2026-10-03,Saturday,IndiGo,6E,6E-996,Economy,Mumbai,Bangalore,11:15,13:30,1.7,non-stop,15,5910,92.34,VALIDATED_NORMAL,059450a026082425
2026-09-17T22:50:38Z,2026-11-02,Monday,SpiceJet,SG,SG-282,Economy,Mumbai,Bangalore,14:45,17:00,1.7,non-stop,45,2410,37.66,VALIDATED_NORMAL,559a9e7c36f417cd
2026-09-17T22:50:38Z,2026-11-02,Monday,Air India,AI,AI-556,Economy,Delhi,Chennai,20:30,22:45,2.8,non-stop,45,5100,79.69,VALIDATED_NORMAL,13d740425e4f6d63
2026-09-17T22:50:38Z,2026-10-02,Friday,IndiGo,6E,6E-467,Economy,Bangalore,Hyderabad,18:00,20:15,1.1,non-stop,14,4160,65.0,VALIDATED_NORMAL,23f2f4796126e27c
2026-09-17T22:50:38Z,2026-10-02,Friday,SpiceJet,SG,SG-392,Economy,Delhi,Kolkata,18:00,20:15,4.7,1-stop,14,6980,109.06,VALIDATED_NORMAL,dfa341756ee3efac
2026-09-17T22:50:38Z,2026-09-19,Saturday,Air India,AI,AI-817,Economy,Hyderabad,Mumbai,20:30,22:45,1.5,non-stop,1,15390,240.47,VALIDATED_NORMAL,16d43a72478d110f
2026-09-17T22:50:38Z,2026-09-19,Saturday,SpiceJet,SG,SG-814,Economy,Hyderabad,Mumbai,04:30,06:45,1.5,non-stop,1,14030,219.22,VALIDATED_NORMAL,1580c6dc73f2f99c
2026-09-17T22:50:38Z,2026-10-18,Sunday,SpiceJet,SG,SG-546,Economy,Ahmedabad,Delhi,14:45,17:00,1.6,non-stop,30,3190,49.84,VALIDATED_NORMAL,2c40345b0fa33227
2026-09-17T22:50:38Z,2026-10-03,Saturday,IndiGo,6E,6E-799,Economy,Chennai,Delhi,08:30,10:45,2.8,non-stop,15,9250,144.53,VALIDATED_NORMAL,4abb87d682b7d5ec
2026-09-17T22:50:38Z,2026-09-20,Sunday,IndiGo,6E,6E-556,Economy,Chennai,Delhi,04:30,06:45,2.8,non-stop,2,21730,339.53,VALIDATED_NORMAL,50c85510ff28e09c
2026-09-17T22:50:38Z,2026-11-02,Monday,Vistara,UK,UK-126,Economy,Ahmedabad,Delhi,14:45,17:00,1.6,non-stop,45,2980,46.56,VALIDATED_NORMAL,4052e54d2b6d03e8
2026-09-17T22:50:38Z,2026-09-25,Friday,IndiGo,6E,6E-848,Economy,Mumbai,Kolkata,14:45,17:00,2.6,non-stop,7,13290,207.66,VALIDATED_NORMAL,dbe7c59a39f7cf9b
2026-09-17T22:50:38Z,2026-10-02,Friday,Air India,AI,AI-364,Business,Delhi,Chennai,20:30,22:45,2.8,non-stop,14,41220,644.06,FLAGGED_SURGE,c1bbb6ddabbfecb9
2026-09-17T22:50:38Z,2026-09-20,Sunday,IndiGo,6E,6E-384,Economy,Mumbai,Hyderabad,14:45,17:00,4.0,1-stop,2,11970,187.03,VALIDATED_NORMAL,339d8645efef346d
2026-09-17T22:50:38Z,2026-10-18,Sunday,IndiGo,6E,6E-379,Economy,Mumbai,Delhi,18:00,20:15,2.1,non-stop,30,4080,63.75,VALIDATED_NORMAL,ced6452cd3cac89c
2026-09-17T22:50:38Z,2026-10-09,Friday,SpiceJet,SG,SG-702,Economy,Chennai,Delhi,18:00,20:15,2.8,non-stop,21,7230,112.97,VALIDATED_NORMAL,bab88876e267a3b8
2026-09-17T22:50:38Z,2026-10-03,Saturday,IndiGo,6E,6E-699,Economy,Mumbai,Kolkata,04:30,06:45,2.6,non-stop,15,8960,140.0,VALIDATED_NORMAL,0918db683f30360b
2026-09-17T22:50:38Z,2026-09-19,Saturday,IndiGo,6E,6E-353,Economy,Hyderabad,Mumbai,14:45,17:00,4.0,1-stop,1,14350,224.22,VALIDATED_NORMAL,87afcac32a966b8e
2026-09-17T22:50:38Z,2026-10-03,Saturday,SpiceJet,SG,SG-517,Business,Hyderabad,Bangalore,11:15,13:30,1.1,non-stop,15,13790,215.47,VALIDATED_NORMAL,2bb31c8dfb41e099
2026-09-17T22:50:38Z,2026-09-19,Saturday,IndiGo,6E,6E-579,Economy,Delhi,Bangalore,18:00,20:15,2.7,non-stop,1,27510,429.84,FLAGGED_SURGE,3add8dc507755941
2026-09-17T22:50:38Z,2026-09-20,Sunday,Air India,AI,AI-352,Economy,Chennai,Delhi,20:30,22:45,5.3,1-stop,2,23360,365.0,VALIDATED_NORMAL,3bac972b0ccbda84
2026-09-17T22:50:38Z,2026-10-03,Saturday,Air India,AI,AI-748,Economy,Mumbai,Bangalore,14:45,17:00,1.7,non-stop,15,6290,98.28,VALIDATED_NORMAL,addb138a905d98b1
2026-09-17T22:50:38Z,2026-09-25,Friday,Akasa Air,QP,QP-408,Economy,Delhi,Mumbai,06:00,08:15,2.1,non-stop,7,9270,144.84,VALIDATED_NORMAL,122e64f85b878e2a
2026-09-17T22:50:38Z,2026-09-19,Saturday,IndiGo,6E,6E-900,Economy,Kolkata,Delhi,04:30,06:45,4.7,1-stop,1,21700,339.06,VALIDATED_NORMAL,1f8f0b9a6b5b416f
2026-09-17T22:50:38Z,2026-10-18,Sunday,IndiGo,6E,6E-494,Economy,Mumbai,Hyderabad,11:15,13:30,1.5,non-stop,30,3070,47.97,VALIDATED_NORMAL,40f232e186e8b7e1
2026-09-17T22:50:38Z,2026-09-25,Friday,IndiGo,6E,6E-827,Economy,Chennai,Delhi,08:30,10:45,2.8,non-stop,7,14380,224.69,VALIDATED_NORMAL,cd2b083330d924b1
2026-09-17T22:50:38Z,2026-09-25,Friday,IndiGo,6E,6E-900,Economy,Ahmedabad,Delhi,18:00,20:15,1.6,non-stop,7,8170,127.66,VALIDATED_NORMAL,bc3637a874bc3303
2026-09-17T22:50:38Z,2026-10-18,Sunday,SpiceJet,SG,SG-715,Economy,Delhi,Kolkata,04:30,06:45,2.2,non-stop,30,4400,68.75,VALIDATED_NORMAL,48a10f420940204c
2026-09-17T22:50:38Z,2026-09-25,Friday,IndiGo,6E,6E-635,Economy,Mumbai,Bangalore,14:45,17:00,1.7,non-stop,7,8000,125.0,VALIDATED_NORMAL,6104e94784d42ad1
2026-09-17T22:50:38Z,2026-10-03,Saturday,Air India,AI,AI-107,Economy,Mumbai,Kolkata,08:30,10:45,2.6,non-stop,15,10240,160.0,VALIDATED_NORMAL,c245a1e41f3f2b2a
2026-09-17T22:50:38Z,2026-11-02,Monday,IndiGo,6E,6E-687,Economy,Bangalore,Delhi,06:00,08:15,2.7,non-stop,45,4450,69.53,VALIDATED_NORMAL,5b074e3cce5ee5fc
2026-09-17T22:50:38Z,2026-09-19,Saturday,Air India,AI,AI-369,Economy,Delhi,Kolkata,04:30,06:45,2.2,non-stop,1,50038,781.84,FLAGGED_SURGE,d35623a2821ffdb2
2026-09-17T22:50:38Z,2026-10-02,Friday,IndiGo,6E,6E-581,Economy,Delhi,Chennai,11:15,13:30,2.8,non-stop,14,9920,155.0,VALIDATED_NORMAL,090f5264bba5e574
2026-09-17T22:50:38Z,2026-10-03,Saturday,IndiGo,6E,6E-934,Economy,Mumbai,Bangalore,14:45,17:00,1.7,non-stop,15,5980,93.44,VALIDATED_NORMAL,f372d952ebe35f6a
2026-09-17T22:53:08Z,2026-09-19,Saturday,IndiGo,6E,6E-400,Premium Economy,Mumbai,Delhi,11:15,13:30,2.1,non-stop,1,45660,713.44,FLAGGED_SURGE,cbc93c20fb41b924
2026-09-17T22:53:08Z,2026-09-20,Sunday,IndiGo,6E,6E-430,Economy,Delhi,Mumbai,14:45,17:00,2.1,non-stop,2,16170,252.66,VALIDATED_NORMAL,c7611a58c1e7cb23
2026-09-17T22:53:08Z,2026-10-09,Friday,IndiGo,6E,6E-117,Economy,Delhi,Chennai,04:30,06:45,2.8,non-stop,21,7730,120.78,VALIDATED_NORMAL,5f4e95bed140a82f
2026-09-17T22:53:08Z,2026-10-02,Friday,IndiGo,6E,6E-379,Economy,Delhi,Mumbai,11:15,13:30,2.1,non-stop,14,7490,117.03,VALIDATED_NORMAL,931efc8515ed4fa3
2026-09-17T22:53:08Z,2026-09-19,Saturday,Akasa Air,QP,QP-924,Economy,Mumbai,Bangalore,11:15,13:30,1.7,non-stop,1,16530,258.28,VALIDATED_NORMAL,40b05247803bc99e
2026-09-17T22:53:08Z,2026-09-20,Sunday,IndiGo,6E,6E-459,Economy,Bangalore,Delhi,20:30,22:45,2.7,non-stop,2,21270,332.34,VALIDATED_NORMAL,a4667925b8f7bc98
2026-09-17T22:53:08Z,2026-11-02,Monday,Vistara,UK,UK-825,Economy,Bangalore,Hyderabad,08:30,10:45,1.1,non-stop,45,1960,30.63,VALIDATED_NORMAL,f44ffa63b7b5c641
2026-09-17T22:53:08Z,2026-09-19,Saturday,IndiGo,6E,6E-947,Economy,Delhi,Ahmedabad,06:00,08:15,1.6,non-stop,1,16140,252.19,VALIDATED_NORMAL,95fd0a596f026394
2026-09-17T22:53:08Z,2026-11-02,Monday,IndiGo,6E,6E-625,Economy,Kolkata,Mumbai,11:15,13:30,2.6,non-stop,45,4360,68.12,VALIDATED_NORMAL,55d0ba2a61360f0c
2026-09-17T22:53:08Z,2026-10-02,Friday,Vistara,UK,UK-437,Economy,Mumbai,Bangalore,04:30,06:45,1.7,non-stop,14,7170,112.03,VALIDATED_NORMAL,8f53cff58b937d86
2026-09-17T22:53:08Z,2026-11-02,Monday,Akasa Air,QP,QP-864,Economy,Ahmedabad,Delhi,08:30,10:45,1.6,non-stop,45,2390,37.34,VALIDATED_NORMAL,ac8a4b12454ccb5e
2026-09-17T22:53:08Z,2026-10-09,Friday,Vistara,UK,UK-856,Economy,Mumbai,Kolkata,18:00,20:15,2.6,non-stop,21,7620,119.06,VALIDATED_NORMAL,f255d44c27020e84
2026-09-17T22:53:08Z,2026-09-25,Friday,Akasa Air,QP,QP-302,Economy,Bangalore,Mumbai,18:00,20:15,4.2,1-stop,7,6960,108.75,VALIDATED_NORMAL,805acea9a2bac62c
2026-09-17T22:53:08Z,2026-11-02,Monday,Air India,AI,AI-296,Economy,Mumbai,Hyderabad,18:00,20:15,1.5,non-stop,45,2480,38.75,VALIDATED_NORMAL,ef246404009035a1
2026-09-17T22:53:08Z,2026-11-02,Monday,IndiGo,6E,6E-919,Economy,Hyderabad,Mumbai,18:00,20:15,1.5,non-stop,45,2480,38.75,VALIDATED_NORMAL,e55d1e41171c4e35
2026-09-17T22:53:08Z,2026-09-20,Sunday,IndiGo,6E,6E-106,Economy,Delhi,Ahmedabad,20:30,22:45,1.6,non-stop,2,14080,220.0,VALIDATED_NORMAL,75b93c0d8c2996e1
2026-09-17T22:53:08Z,2026-10-02,Friday,IndiGo,6E,6E-132,Economy,Ahmedabad,Delhi,08:30,10:45,1.6,non-stop,14,5690,88.91,VALIDATED_NORMAL,dfed599e3fe3d5ec
2026-09-17T22:53:08Z,2026-09-19,Saturday,IndiGo,6E,6E-130,Economy,Hyderabad,Mumbai,18:00,20:15,4.0,1-stop,1,13580,212.19,VALIDATED_NORMAL,333628bd01b5c655
2026-09-17T22:53:08Z,2026-09-25,Friday,SpiceJet,SG,SG-871,Economy,Mumbai,Kolkata,08:30,10:45,2.6,non-stop,7,12470,194.84,VALIDATED_NORMAL,e40e8bbcd9c4a345
2026-09-17T22:53:08Z,2026-10-09,Friday,IndiGo,6E,6E-427,Economy,Bangalore,Delhi,08:30,10:45,2.7,non-stop,21,7460,116.56,VALIDATED_NORMAL,5317830c2e1a1fb1
2026-09-17T22:53:08Z,2026-11-02,Monday,IndiGo,6E,6E-545,Economy,Ahmedabad,Delhi,11:15,13:30,1.6,non-stop,45,2430,37.97,VALIDATED_NORMAL,c08f7d9f53a0c816
2026-09-17T22:53:08Z,2026-10-09,Friday,Vistara,UK,UK-415,Economy,Delhi,Mumbai,20:30,22:45,2.1,non-stop,21,6320,98.75,VALIDATED_NORMAL,06f8d41eb3c44d32
2026-09-17T22:53:08Z,2026-10-18,Sunday,Vistara,UK,UK-680,Economy,Kolkata,Delhi,18:00,20:15,2.2,non-stop,30,11489,179.52,VALIDATED_NORMAL,ae6b6b86001d64fd
2026-09-17T22:53:08Z,2026-09-19,Saturday,IndiGo,6E,6E-220,Economy,Mumbai,Delhi,14:45,17:00,2.1,non-stop,1,21930,342.66,VALIDATED_NORMAL,0d9235b7214407fb
2026-09-17T22:53:08Z,2026-10-03,Saturday,Air India,AI,AI-826,Economy,Delhi,Bangalore,11:15,13:30,2.7,non-stop,15,9610,150.16,VALIDATED_NORMAL,2f368791c1a0578f
2026-09-17T22:53:08Z,2026-10-03,Saturday,IndiGo,6E,6E-317,Economy,Bangalore,Mumbai,06:00,08:15,4.2,1-stop,15,5400,84.38,VALIDATED_NORMAL,80215d0e893ac822
2026-09-17T22:53:08Z,2026-10-09,Friday,Vistara,UK,UK-769,Economy,Delhi,Mumbai,11:15,13:30,2.1,non-stop,21,6760,105.62,VALIDATED_NORMAL,074cc9f489c332f5
2026-09-17T22:53:08Z,2026-11-02,Monday,IndiGo,6E,6E-879,Economy,Delhi,Bangalore,06:00,08:15,5.2,1-stop,45,4180,65.31,VALIDATED_NORMAL,9ff951a1d5336cad
2026-09-17T22:53:08Z,2026-10-03,Saturday,IndiGo,6E,6E-299,Economy,Ahmedabad,Delhi,18:00,20:15,1.6,non-stop,15,5140,80.31,VALIDATED_NORMAL,50729110fdfdbcd5
2026-09-17T22:53:08Z,2026-10-03,Saturday,IndiGo,6E,6E-457,Economy,Hyderabad,Bangalore,20:30,22:45,1.1,non-stop,15,3820,59.69,VALIDATED_NORMAL,062292635d0a2ea4
2026-09-17T22:53:25Z,2026-09-19,Saturday,IndiGo,6E,6E-166,Economy,Ahmedabad,Delhi,04:30,06:45,1.6,non-stop,1,35104,548.5,FLAGGED_SURGE,cfc9c98f2ac81a47
2026-09-17T22:53:25Z,2026-10-02,Friday,Vistara,UK,UK-416,Economy,Hyderabad,Bangalore,14:45,17:00,1.1,non-stop,14,4630,72.34,VALIDATED_NORMAL,247a3ca44bc5849a
2026-09-17T22:53:25Z,2026-11-02,Monday,IndiGo,6E,6E-962,Economy,Hyderabad,Bangalore,18:00,20:15,1.1,non-stop,45,1750,27.34,VALIDATED_NORMAL,0f35928b5236242e
2026-09-17T22:53:25Z,2026-09-20,Sunday,IndiGo,6E,6E-410,Economy,Hyderabad,Mumbai,11:15,13:30,4.0,1-stop,2,10930,170.78,VALIDATED_NORMAL,178fe63ea8e1191f
2026-09-17T22:53:25Z,2026-11-02,Monday,IndiGo,6E,6E-362,Economy,Hyderabad,Mumbai,11:15,13:30,1.5,non-stop,45,2340,36.56,VALIDATED_NORMAL,485c83bb5af385db
2026-09-17T22:53:25Z,2026-09-25,Friday,IndiGo,6E,6E-917,Economy,Bangalore,Hyderabad,20:30,22:45,1.1,non-stop,7,5480,85.62,VALIDATED_NORMAL,27eb55bd17ac682f
2026-09-17T22:53:25Z,2026-10-09,Friday,Akasa Air,QP,QP-458,Economy,Delhi,Bangalore,14:45,17:00,2.7,non-stop,21,6990,109.22,VALIDATED_NORMAL,bb3722d93b4f5b9b
2026-09-17T22:53:25Z,2026-09-20,Sunday,IndiGo,6E,6E-435,Business,Bangalore,Hyderabad,06:00,08:15,1.1,non-stop,2,33210,518.91,FLAGGED_SURGE,570e40dc0cad669f
2026-09-17T22:53:25Z,2026-09-19,Saturday,IndiGo,6E,6E-804,Economy,Delhi,Bangalore,14:45,17:00,2.7,non-stop,1,26990,421.72,FLAGGED_SURGE,69703d0c410fcc22
2026-09-17T22:53:25Z,2026-09-20,Sunday,Vistara,UK,UK-277,Economy,Mumbai,Hyderabad,11:15,13:30,1.5,non-stop,2,14340,224.06,VALIDATED_NORMAL,e0d399f8e7c27b09
2026-09-17T22:53:25Z,2026-10-03,Saturday,IndiGo,6E,6E-332,Economy,Hyderabad,Mumbai,20:30,22:45,1.5,non-stop,15,5010,78.28,VALIDATED_NORMAL,0b117437d2ec3d79
2026-09-17T22:53:25Z,2026-10-18,Sunday,IndiGo,6E,6E-183,Economy,Delhi,Bangalore,11:15,13:30,2.7,non-stop,30,5660,88.44,VALIDATED_NORMAL,f73f20bae2859f8a
2026-09-17T22:53:25Z,2026-10-09,Friday,Akasa Air,QP,QP-667,Economy,Delhi,Kolkata,06:00,08:15,2.2,non-stop,21,5740,89.69,VALIDATED_NORMAL,9e38840846c989da
2026-09-17T22:53:25Z,2026-11-02,Monday,SpiceJet,SG,SG-714,Economy,Delhi,Kolkata,08:30,10:45,2.2,non-stop,45,3230,50.47,VALIDATED_NORMAL,3d8d1e359201da5a
2026-09-17T22:53:25Z,2026-10-09,Friday,Air India,AI,AI-523,Premium Economy,Chennai,Delhi,11:15,13:30,2.8,non-stop,21,16210,253.28,VALIDATED_NORMAL,f33beee36d5b22c0
2026-09-17T22:53:25Z,2026-09-19,Saturday,Vistara,UK,UK-548,Economy,Hyderabad,Mumbai,18:00,20:15,1.5,non-stop,1,16360,255.62,VALIDATED_NORMAL,8bc544cefb4d5dd3
2026-09-17T22:53:25Z,2026-10-03,Saturday,IndiGo,6E,6E-227,Economy,Bangalore,Hyderabad,20:30,22:45,1.1,non-stop,15,3640,56.88,VALIDATED_NORMAL,33418aa6bf836842
2026-09-17T22:53:25Z,2026-10-09,Friday,IndiGo,6E,6E-216,Economy,Hyderabad,Bangalore,20:30,22:45,1.1,non-stop,21,2800,43.75,VALIDATED_NORMAL,01ffd761f8a9c8e9
2026-09-17T22:53:25Z,2026-09-25,Friday,IndiGo,6E,6E-955,Business,Bangalore,Delhi,20:30,22:45,2.7,non-stop,7,49010,765.78,FLAGGED_SURGE,be9114bd8de8e9ba
2026-09-17T22:53:25Z,2026-10-18,Sunday,IndiGo,6E,6E-364,Economy,Mumbai,Delhi,18:00,20:15,2.1,non-stop,30,4490,70.16,VALIDATED_NORMAL,72f755f771cf7048
2026-09-17T22:53:25Z,2026-10-18,Sunday,IndiGo,6E,6E-486,Economy,Bangalore,Hyderabad,08:30,10:45,1.1,non-stop,30,2300,35.94,VALIDATED_NORMAL,a97575bcf3431b0e
2026-09-17T22:53:25Z,2026-09-25,Friday,Air India,AI,AI-925,Premium Economy,Mumbai,Delhi,11:15,13:30,2.1,non-stop,7,24870,388.59,VALIDATED_NORMAL,ce745212342cc594
2026-09-17T22:53:25Z,2026-10-18,Sunday,Vistara,UK,UK-765,Economy,Ahmedabad,Delhi,14:45,17:00,1.6,non-stop,30,3700,57.81,VALIDATED_NORMAL,4d70aa8452eb7092
2026-09-17T22:53:25Z,2026-09-19,Saturday,IndiGo,6E,6E-415,Economy,Ahmedabad,Delhi,11:15,13:30,1.6,non-stop,1,15580,243.44,VALIDATED_NORMAL,62643d5a5b4f2d8b
2026-09-17T22:53:25Z,2026-11-02,Monday,IndiGo,6E,6E-790,Economy,Hyderabad,Mumbai,08:30,10:45,1.5,non-stop,45,2520,39.38,VALIDATED_NORMAL,22512f3786a59de9
2026-09-17T22:53:25Z,2026-09-25,Friday,IndiGo,6E,6E-918,Economy,Bangalore,Delhi,20:30,22:45,2.7,non-stop,7,12940,202.19,VALIDATED_NORMAL,b36fba5a831aa6aa
2026-09-17T22:53:25Z,2026-09-25,Friday,Air India,AI,AI-873,Economy,Delhi,Mumbai,11:15,13:30,2.1,non-stop,7,11200,175.0,VALIDATED_NORMAL,cacf4073c3d7621a
2026-09-17T22:53:25Z,2026-10-03,Saturday,IndiGo,6E,6E-279,Economy,Kolkata,Mumbai,14:45,17:00,2.6,non-stop,15,8900,139.06,VALIDATED_NORMAL,12c13cccf0ce2f54
2026-09-17T22:53:25Z,2026-10-18,Sunday,Vistara,UK,UK-999,Economy,Delhi,Chennai,14:45,17:00,2.8,non-stop,30,6110,95.47,VALIDATED_NORMAL,0b9e71e48f8a8597
2026-09-17T22:53:25Z,2026-09-25,Friday,IndiGo,6E,6E-323,Economy,Kolkata,Mumbai,04:30,06:45,2.6,non-stop,7,12780,199.69,VALIDATED_NORMAL,b87407484459b6bf
2026-09-17T22:53:25Z,2026-10-09,Friday,IndiGo,6E,6E-350,Economy,Chennai,Delhi,11:15,13:30,2.8,non-stop,21,7230,112.97,VALIDATED_NORMAL,9c8ad90fe3109622
2026-09-17T22:53:25Z,2026-09-25,Friday,Vistara,UK,UK-680,Economy,Hyderabad,Mumbai,08:30,10:45,1.5,non-stop,7,8130,127.03,VALIDATED_NORMAL,6508b8f85c2891e6
2026-09-17T22:53:25Z,2026-10-09,Friday,Vistara,UK,UK-710,Economy,Hyderabad,Bangalore,06:00,08:15,1.1,non-stop,21,3490,54.53,VALIDATED_NORMAL,69450402d084be19
2026-09-17T22:53:25Z,2026-09-19,Saturday,IndiGo,6E,6E-305,Economy,Delhi,Mumbai,11:15,13:30,2.1,non-stop,1,20820,325.31,VALIDATED_NORMAL,19f4dc57296ccb46
2026-09-17T22:53:25Z,2026-09-20,Sunday,IndiGo,6E,6E-925,Economy,Hyderabad,Bangalore,14:45,17:00,1.1,non-stop,2,9280,145.0,VALIDATED_NORMAL,41d709fa939ec46a
2026-09-17T22:53:25Z,2026-11-02,Monday,Air India,AI,AI-222,Economy,Mumbai,Hyderabad,08:30,10:45,1.5,non-stop,45,2490,38.91,VALIDATED_NORMAL,19512c4fbc346a3b
2026-09-17T22:53:25Z,2026-10-03,Saturday,IndiGo,6E,6E-638,Economy,Mumbai,Hyderabad,06:00,08:15,1.5,non-stop,15,5070,79.22,VALIDATED_NORMAL,38020b97df355c61
2026-09-17T22:53:25Z,2026-11-02,Monday,IndiGo,6E,6E-946,Economy,Delhi,Chennai,20:30,22:45,2.8,non-stop,45,4610,72.03,VALIDATED_NORMAL,bbf0776c5d7c868c
2026-09-17T22:53:25Z,2026-10-18,Sunday,IndiGo,6E,6E-288,Economy,Delhi,Kolkata,08:30,10:45,2.2,non-stop,30,4850,75.78,VALIDATED_NORMAL,992d1ecde64082bb
2026-09-17T22:53:25Z,2026-10-09,Friday,IndiGo,6E,6E-952,Economy,Bangalore,Mumbai,11:15,13:30,1.7,non-stop,21,4580,71.56,VALIDATED_NORMAL,4cd0a678564777fb
2026-09-17T22:53:25Z,2026-09-20,Sunday,IndiGo,6E,6E-499,Economy,Hyderabad,Bangalore,11:15,13:30,3.6,1-stop,2,8060,125.94,VALIDATED_NORMAL,08636e5923a5a41c
2026-09-17T22:53:25Z,2026-09-25,Friday,IndiGo,6E,6E-466,Economy,Bangalore,Mumbai,18:00,20:15,1.7,non-stop,7,9060,141.56,VALIDATED_NORMAL,fa233a1e589c8f59
2026-09-17T22:53:25Z,2026-10-03,Saturday,IndiGo,6E,6E-372,Economy,Mumbai,Delhi,20:30,22:45,2.1,non-stop,15,6920,108.12,VALIDATED_NORMAL,d6a665a5efb0e273
2026-09-17T22:53:25Z,2026-10-03,Saturday,IndiGo,6E,6E-146,Economy,Delhi,Kolkata,14:45,17:00,4.7,1-stop,15,6700,104.69,VALIDATED_NORMAL,7c56b32a56e61714
2026-09-17T22:53:25Z,2026-09-25,Friday,IndiGo,6E,6E-531,Economy,Bangalore,Mumbai,20:30,22:45,1.7,non-stop,7,8030,125.47,VALIDATED_NORMAL,c679e09e413f4964
2026-09-17T22:53:25Z,2026-10-02,Friday,IndiGo,6E,6E-296,Economy,Mumbai,Kolkata,18:00,20:15,2.6,non-stop,14,9830,153.59,VALIDATED_NORMAL,229e23f79297532e
2026-09-17T22:53:25Z,2026-09-25,Friday,IndiGo,6E,6E-762,Economy,Hyderabad,Bangalore,18:00,20:15,3.6,1-stop,7,12665,197.89,VALIDATED_NORMAL,69d7625c381ff956
2026-09-17T22:53:25Z,2026-10-18,Sunday,IndiGo,6E,6E-909,Economy,Mumbai,Hyderabad,18:00,20:15,1.5,non-stop,30,3090,48.28,VALIDATED_NORMAL,17125d45c124c479
2026-09-17T22:53:25Z,2026-10-09,Friday,Vistara,UK,UK-184,Economy,Chennai,Delhi,14:45,17:00,2.8,non-stop,21,8480,132.5,VALIDATED_NORMAL,33f02915501d9fe8
2026-09-17T22:53:25Z,2026-09-25,Friday,Air India,AI,AI-115,Economy,Delhi,Chennai,18:00,20:15,2.8,non-stop,7,16180,252.81,VALIDATED_NORMAL,03466c4d330bc851
2026-09-17T22:54:22Z,2026-10-18,Sunday,IndiGo,6E,6E-976,Economy,Chennai,Delhi,04:30,06:45,2.8,non-stop,30,5540,86.56,VALIDATED_NORMAL,f0cd47aead045a84
2026-09-17T22:54:22Z,2026-09-20,Sunday,IndiGo,6E,6E-362,Economy,Delhi,Mumbai,18:00,20:15,2.1,non-stop,2,16860,263.44,VALIDATED_NORMAL,9b94742479bd3220
2026-09-17T22:54:22Z,2026-10-02,Friday,Air India,AI,AI-649,Economy,Delhi,Ahmedabad,18:00,20:15,1.6,non-stop,14,6320,98.75,VALIDATED_NORMAL,cbce3a263120969d
2026-09-17T22:54:22Z,2026-09-25,Friday,IndiGo,6E,6E-839,Economy,Delhi,Mumbai,14:45,17:00,2.1,non-stop,7,11250,175.78,VALIDATED_NORMAL,f05c100275f61081
2026-09-17T22:54:22Z,2026-10-03,Saturday,IndiGo,6E,6E-943,Economy,Mumbai,Delhi,20:30,22:45,2.1,non-stop,15,7710,120.47,VALIDATED_NORMAL,b930e21e8c0fae87
2026-09-17T22:54:22Z,2026-09-19,Saturday,IndiGo,6E,6E-265,Economy,Delhi,Kolkata,11:15,13:30,4.7,1-stop,1,21780,340.31,VALIDATED_NORMAL,473112a168215c62
2026-09-17T22:54:22Z,2026-09-19,Saturday,IndiGo,6E,6E-860,Economy,Delhi,Bangalore,06:00,08:15,2.7,non-stop,1,26570,415.16,FLAGGED_SURGE,06bd86eaad0bd564
2026-09-17T22:54:22Z,2026-10-09,Friday,IndiGo,6E,6E-905,Premium Economy,Bangalore,Mumbai,20:30,22:45,1.7,non-stop,21,9590,149.84,VALIDATED_NORMAL,f90decc536408432
2026-09-17T22:54:22Z,2026-09-25,Friday,IndiGo,6E,6E-897,Economy,Delhi,Chennai,04:30,06:45,5.3,1-stop,7,13550,211.72,VALIDATED_NORMAL,c90f7c8ed5a55713
2026-09-17T22:54:22Z,2026-10-18,Sunday,IndiGo,6E,6E-244,Economy,Delhi,Kolkata,18:00,20:15,2.2,non-stop,30,4710,73.59,VALIDATED_NORMAL,ae5480b6e6ef0f44
2026-09-17T22:54:22Z,2026-10-09,Friday,Akasa Air,QP,QP-436,Economy,Mumbai,Hyderabad,04:30,06:45,1.5,non-stop,21,3590,56.09,VALIDATED_NORMAL,676c690ebf7eff1a
2026-09-17T22:54:22Z,2026-09-20,Sunday,IndiGo,6E,6E-599,Economy,Delhi,Mumbai,20:30,22:45,2.1,non-stop,2,17110,267.34,VALIDATED_NORMAL,053e3325dd6abd3e
2026-09-17T22:54:22Z,2026-10-09,Friday,IndiGo,6E,6E-142,Economy,Bangalore,Delhi,18:00,20:15,2.7,non-stop,21,7100,110.94,VALIDATED_NORMAL,f341722d1631f359
2026-09-17T22:54:22Z,2026-10-09,Friday,IndiGo,6E,6E-696,Economy,Chennai,Delhi,06:00,08:15,2.8,non-stop,21,7410,115.78,VALIDATED_NORMAL,c46bf1a9346ff71b
2026-09-17T22:54:22Z,2026-09-25,Friday,IndiGo,6E,6E-969,Economy,Hyderabad,Mumbai,08:30,10:45,1.5,non-stop,7,7130,111.41,VALIDATED_NORMAL,3e8c39410c5cf7e9
2026-09-17T22:54:22Z,2026-10-02,Friday,IndiGo,6E,6E-248,Economy,Ahmedabad,Delhi,20:30,22:45,1.6,non-stop,14,5660,88.44,VALIDATED_NORMAL,55998b07eefa2451
2026-09-17T22:54:22Z,2026-09-20,Sunday,IndiGo,6E,6E-352,Economy,Delhi,Chennai,08:30,10:45,2.8,non-stop,2,22190,346.72,VALIDATED_NORMAL,8a1afdaac2e587b7
2026-09-17T22:54:22Z,2026-10-02,Friday,SpiceJet,SG,SG-231,Economy,Hyderabad,Bangalore,11:15,13:30,1.1,non-stop,14,3600,56.25,VALIDATED_NORMAL,0aa8ab1531cf909a
2026-09-17T22:54:22Z,2026-10-18,Sunday,IndiGo,6E,6E-990,Economy,Chennai,Delhi,20:30,22:45,2.8,non-stop,30,5710,89.22,VALIDATED_NORMAL,f82c5c32e9bdaf01
2026-09-17T22:54:22Z,2026-10-03,Saturday,IndiGo,6E,6E-158,Economy,Mumbai,Bangalore,08:30,10:45,1.7,non-stop,15,5920,92.5,VALIDATED_NORMAL,07fd143374f3b582
2026-09-17T22:54:22Z,2026-11-02,Monday,Air India,AI,AI-860,Economy,Delhi,Bangalore,08:30,10:45,2.7,non-stop,45,4910,76.72,VALIDATED_NORMAL,7390a0f6231b0824
2026-09-17T22:54:22Z,2026-09-25,Friday,IndiGo,6E,6E-482,Economy,Hyderabad,Bangalore,20:30,22:45,1.1,non-stop,7,5800,90.62,VALIDATED_NORMAL,93f28770e6388472
2026-09-17T22:54:22Z,2026-09-25,Friday,IndiGo,6E,6E-881,Economy,Delhi,Kolkata,04:30,06:45,2.2,non-stop,7,11060,172.81,VALIDATED_NORMAL,c6cb49ee38c77d5b
2026-09-17T22:54:22Z,2026-09-20,Sunday,Air India,AI,AI-354,Economy,Mumbai,Hyderabad,08:30,10:45,1.5,non-stop,2,12550,196.09,VALIDATED_NORMAL,b6bf39f0b36e62a2
2026-09-17T22:54:43Z,2026-10-18,Sunday,Akasa Air,QP,QP-450,Economy,Delhi,Ahmedabad,14:45,17:00,1.6,non-stop,30,3110,48.59,VALIDATED_NORMAL,adef272d95dc320e
2026-09-17T22:54:43Z,2026-09-20,Sunday,IndiGo,6E,6E-328,Economy,Delhi,Kolkata,14:45,17:00,2.2,non-stop,2,19380,302.81,VALIDATED_NORMAL,fc8f3af57daf7d29
2026-09-17T22:54:43Z,2026-09-19,Saturday,IndiGo,6E,6E-853,Economy,Hyderabad,Bangalore,06:00,08:15,1.1,non-stop,1,11250,175.78,VALIDATED_NORMAL,4c8d961c8f68127d
2026-09-17T22:54:43Z,2026-09-20,Sunday,IndiGo,6E,6E-502,Economy,Hyderabad,Mumbai,06:00,08:15,1.5,non-stop,2,11530,180.16,VALIDATED_NORMAL,f4c5a3388e57b61f
2026-09-17T22:54:43Z,2026-09-20,Sunday,Air India,AI,AI-615,Economy,Chennai,Delhi,14:45,17:00,5.3,1-stop,2,24000,375.0,VALIDATED_NORMAL,730864c08982f0c5
2026-09-17T22:54:43Z,2026-10-02,Friday,IndiGo,6E,6E-555,Economy,Bangalore,Delhi,06:00,08:15,2.7,non-stop,14,10350,161.72,VALIDATED_NORMAL,c3321a07707c82f3
2026-09-17T22:54:43Z,2026-09-25,Friday,IndiGo,6E,6E-633,Economy,Bangalore,Delhi,11:15,13:30,2.7,non-stop,7,13600,212.5,VALIDATED_NORMAL,602939d761e84dc8
2026-09-17T22:54:43Z,2026-10-09,Friday,SpiceJet,SG,SG-797,Economy,Mumbai,Delhi,20:30,22:45,4.6,1-stop,21,5190,81.09,VALIDATED_NORMAL,3680b3a1616b3c74
2026-09-17T22:54:43Z,2026-10-03,Saturday,IndiGo,6E,6E-404,Economy,Kolkata,Mumbai,14:45,17:00,2.6,non-stop,15,8420,131.56,VALIDATED_NORMAL,5ef20698d27568e3
2026-09-17T22:54:43Z,2026-11-02,Monday,Air India,AI,AI-578,Economy,Mumbai,Kolkata,11:15,13:30,5.1,1-stop,45,10732,167.69,VALIDATED_NORMAL,d0ba5555cb79e184
2026-09-17T22:54:43Z,2026-09-25,Friday,Vistara,UK,UK-904,Economy,Kolkata,Delhi,04:30,06:45,2.2,non-stop,7,11870,185.47,VALIDATED_NORMAL,e1e0320efd56aa31
2026-09-17T22:54:43Z,2026-10-18,Sunday,Air India,AI,AI-560,Premium Economy,Kolkata,Mumbai,04:30,06:45,2.6,non-stop,30,12870,201.09,VALIDATED_NORMAL,6077701b7a2bf2bb
2026-09-17T22:54:43Z,2026-10-02,Friday,IndiGo,6E,6E-148,Business,Hyderabad,Bangalore,08:30,10:45,1.1,non-stop,14,15240,238.12,VALIDATED_NORMAL,49054fb426577bd1
2026-09-17T22:54:43Z,2026-11-02,Monday,IndiGo,6E,6E-743,Economy,Mumbai,Hyderabad,14:45,17:00,1.5,non-stop,45,2470,38.59,VALIDATED_NORMAL,55f3a08c4a1d567f
2026-09-17T22:54:43Z,2026-10-02,Friday,IndiGo,6E,6E-401,Economy,Hyderabad,Mumbai,04:30,06:45,1.5,non-stop,14,5110,79.84,VALIDATED_NORMAL,abc90b8273fe98b3
2026-09-17T22:54:43Z,2026-10-09,Friday,IndiGo,6E,6E-399,Premium Economy,Bangalore,Delhi,20:30,22:45,5.2,1-stop,21,13660,213.44,VALIDATED_NORMAL,15c52e9e87c0c6c5
2026-09-17T22:54:43Z,2026-10-09,Friday,Vistara,UK,UK-664,Economy,Mumbai,Kolkata,11:15,13:30,2.6,non-stop,21,8080,126.25,VALIDATED_NORMAL,a0deb3d4728f78ff
2026-09-17T22:54:43Z,2026-09-19,Saturday,IndiGo,6E,6E-253,Economy,Delhi,Kolkata,14:45,17:00,2.2,non-stop,1,23300,364.06,VALIDATED_NORMAL,ec3193fa58956fcd
2026-09-17T22:54:43Z,2026-10-03,Saturday,IndiGo,6E,6E-211,Business,Mumbai,Delhi,18:00,20:15,2.1,non-stop,15,28700,448.44,VALIDATED_NORMAL,95ae4985f479b854
2026-09-17T22:54:43Z,2026-10-02,Friday,IndiGo,6E,6E-809,Economy,Mumbai,Kolkata,20:30,22:45,2.6,non-stop,14,9750,152.34,VALIDATED_NORMAL,0036aa4bab395147
2026-09-17T22:54:43Z,2026-09-20,Sunday,Air India,AI,AI-389,Economy,Ahmedabad,Delhi,04:30,06:45,1.6,non-stop,2,13960,218.12,VALIDATED_NORMAL,3a90c90b1f8db847
2026-09-17T22:54:43Z,2026-10-02,Friday,IndiGo,6E,6E-103,Economy,Kolkata,Mumbai,06:00,08:15,2.6,non-stop,14,9260,144.69,VALIDATED_NORMAL,3b63b4d7b58a1e7c
2026-09-17T22:54:43Z,2026-11-02,Monday,IndiGo,6E,6E-287,Economy,Hyderabad,Bangalore,06:00,08:15,1.1,non-stop,45,1740,27.19,VALIDATED_NORMAL,1f2585d7acbd57c4
2026-09-17T22:54:43Z,2026-11-02,Monday,Vistara,UK,UK-982,Economy,Mumbai,Kolkata,20:30,22:45,2.6,non-stop,45,4600,71.88,VALIDATED_NORMAL,d7860507d22a127e
2026-09-17T22:54:43Z,2026-10-03,Saturday,Air India,AI,AI-638,Economy,Delhi,Ahmedabad,20:30,22:45,1.6,non-stop,15,6330,98.91,VALIDATED_NORMAL,ec0882ca6a336776
2026-09-17T22:54:43Z,2026-09-25,Friday,IndiGo,6E,6E-854,Economy,Bangalore,Hyderabad,14:45,17:00,1.1,non-stop,7,5590,87.34,VALIDATED_NORMAL,1ef2824c15628998
2026-09-17T22:54:43Z,2026-09-25,Friday,Air India,AI,AI-637,Economy,Chennai,Delhi,06:00,08:15,2.8,non-stop,7,14640,228.75,VALIDATED_NORMAL,f5dd7864a2b3e849
2026-09-17T22:54:43Z,2026-10-09,Friday,IndiGo,6E,6E-135,Economy,Hyderabad,Bangalore,08:30,10:45,1.1,non-stop,21,3020,47.19,VALIDATED_NORMAL,2198b71fa9f3723e
2026-09-17T22:54:43Z,2026-10-02,Friday,AirAsia,I5,I5-866,Economy,Delhi,Ahmedabad,08:30,10:45,1.6,non-stop,14,5390,84.22,VALIDATED_NORMAL,4302b4d90eaf85c6
2026-09-17T22:54:43Z,2026-10-03,Saturday,Akasa Air,QP,QP-745,Economy,Delhi,Kolkata,11:15,13:30,2.2,non-stop,15,6950,108.59,VALIDATED_NORMAL,4e1dbe23b5a66b13
2026-09-17T22:54:43Z,2026-09-19,Saturday,IndiGo,6E,6E-132,Economy,Ahmedabad,Delhi,06:00,08:15,1.6,non-stop,1,16960,265.0,VALIDATED_NORMAL,dc9082969a3e0738
2026-09-17T22:54:43Z,2026-10-18,Sunday,IndiGo,6E,6E-954,Economy,Bangalore,Hyderabad,11:15,13:30,1.1,non-stop,30,2380,37.19,VALIDATED_NORMAL,39187ce16446cae2
2026-09-17T22:54:43Z,2026-10-02,Friday,IndiGo,6E,6E-367,Economy,Chennai,Delhi,14:45,17:00,2.8,non-stop,14,9660,150.94,VALIDATED_NORMAL,56d6fbede59860df
2026-09-17T22:54:43Z,2026-09-19,Saturday,IndiGo,6E,6E-876,Economy,Kolkata,Delhi,04:30,06:45,4.7,1-stop,1,42916,670.56,FLAGGED_SURGE,f1b181d2cb6603bc
2026-09-17T22:54:43Z,2026-10-03,Saturday,IndiGo,6E,6E-531,Business,Delhi,Ahmedabad,18:00,20:15,1.6,non-stop,15,19500,304.69,VALIDATED_NORMAL,2b389710fc46e678
2026-09-17T22:54:43Z,2026-09-19,Saturday,Akasa Air,QP,QP-653,Economy,Mumbai,Delhi,11:15,13:30,2.1,non-stop,1,19800,309.38,VALIDATED_NORMAL,559bd9bb193ff520
2026-09-17T22:55:22Z,2026-09-20,Sunday,Air India,AI,AI-887,Economy,Kolkata,Delhi,18:00,20:15,2.2,non-stop,2,19060,297.81,VALIDATED_NORMAL,db964097f2926258
2026-09-17T22:55:22Z,2026-10-09,Friday,IndiGo,6E,6E-483,Premium Economy,Kolkata,Delhi,11:15,13:30,2.2,non-stop,21,12640,197.5,VALIDATED_NORMAL,1d4e46fa0e7876a0
2026-09-17T22:55:22Z,2026-10-18,Sunday,IndiGo,6E,6E-711,Economy,Mumbai,Kolkata,06:00,08:15,2.6,non-stop,30,5320,83.12,VALIDATED_NORMAL,7851d908da430061
2026-09-17T22:55:22Z,2026-10-18,Sunday,IndiGo,6E,6E-549,Economy,Ahmedabad,Delhi,08:30,10:45,1.6,non-stop,30,3130,48.91,VALIDATED_NORMAL,ac6abd43fc68c0b8
2026-09-17T22:55:22Z,2026-11-02,Monday,IndiGo,6E,6E-207,Economy,Mumbai,Delhi,06:00,08:15,2.1,non-stop,45,3440,53.75,VALIDATED_NORMAL,7ea1ddbbbc21b380
2026-09-17T22:55:22Z,2026-09-19,Saturday,IndiGo,6E,6E-129,Economy,Kolkata,Delhi,11:15,13:30,2.2,non-stop,1,21330,333.28,VALIDATED_NORMAL,8027332840bdfaa4
2026-09-17T22:55:22Z,2026-10-09,Friday,IndiGo,6E,6E-520,Economy,Mumbai,Delhi,06:00,08:15,4.6,1-stop,21,5040,78.75,VALIDATED_NORMAL,8e482e267b983ab4
2026-09-17T22:55:22Z,2026-10-09,Friday,IndiGo,6E,6E-240,Economy,Ahmedabad,Delhi,20:30,22:45,1.6,non-stop,21,4220,65.94,VALIDATED_NORMAL,89531f4a878b097a
2026-09-17T22:55:22Z,2026-09-25,Friday,Vistara,UK,UK-566,Economy,Bangalore,Mumbai,18:00,20:15,1.7,non-stop,7,9160,143.12,VALIDATED_NORMAL,1086ecbc0c70831f
2026-09-17T22:55:22Z,2026-09-20,Sunday,Vistara,UK,UK-854,Economy,Bangalore,Delhi,08:30,10:45,2.7,non-stop,2,23530,367.66,VALIDATED_NORMAL,1a83c0260cb84e8a
2026-09-17T22:55:22Z,2026-10-03,Saturday,IndiGo,6E,6E-199,Economy,Delhi,Bangalore,14:45,17:00,2.7,non-stop,15,9160,143.12,VALIDATED_NORMAL,b0dac657c0d15c27
2026-09-17T22:55:22Z,2026-10-09,Friday,IndiGo,6E,6E-835,Economy,Mumbai,Kolkata,08:30,10:45,2.6,non-stop,21,6620,103.44,VALIDATED_NORMAL,f8abb3b58ffa0b1b
2026-09-17T22:55:22Z,2026-10-03,Saturday,Air India,AI,AI-376,Premium Economy,Mumbai,Delhi,18:00,20:15,2.1,non-stop,15,17220,269.06,VALIDATED_NORMAL,bdb9d2a36958f29f
2026-09-17T22:55:22Z,2026-10-18,Sunday,IndiGo,6E,6E-143,Economy,Bangalore,Delhi,11:15,13:30,2.7,non-stop,30,5780,90.31,VALIDATED_NORMAL,d84a0a4dbfa809ea
2026-09-17T22:55:22Z,2026-10-03,Saturday,Air India,AI,AI-250,Economy,Chennai,Delhi,06:00,08:15,2.8,non-stop,15,11040,172.5,VALIDATED_NORMAL,914939c7de3dc4f8
2026-09-17T22:55:22Z,2026-10-02,Friday,IndiGo,6E,6E-235,Economy,Mumbai,Hyderabad,04:30,06:45,1.5,non-stop,14,5060,79.06,VALIDATED_NORMAL,33931328c6a5f0ec
2026-09-17T22:55:22Z,2026-10-09,Friday,IndiGo,6E,6E-835,Premium Economy,Delhi,Mumbai,14:45,17:00,2.1,non-stop,21,12380,193.44,VALIDATED_NORMAL,e2e75db23af38911
2026-09-17T22:55:22Z,2026-10-02,Friday,Air India,AI,AI-249,Economy,Delhi,Kolkata,18:00,20:15,2.2,non-stop,14,9080,141.88,VALIDATED_NORMAL,02e481037eede4c0
2026-09-17T22:56:22Z,2026-10-09,Friday,Air India,AI,AI-480,Economy,Hyderabad,Mumbai,20:30,22:45,4.0,1-stop,21,3890,60.78,VALIDATED_NORMAL,c30b4e7fcb1dab8e
2026-09-17T22:56:22Z,2026-10-18,Sunday,Air India,AI,AI-203,Economy,Delhi,Chennai,04:30,06:45,2.8,non-stop,30,5900,92.19,VALIDATED_NORMAL,5f1e55eac8750429
2026-09-17T22:56:22Z,2026-09-25,Friday,Vistara,UK,UK-556,Economy,Chennai,Delhi,11:15,13:30,5.3,1-stop,7,15460,241.56,VALIDATED_NORMAL,bee20fae26b662a4
2026-09-17T22:56:22Z,2026-10-03,Saturday,IndiGo,6E,6E-445,Economy,Delhi,Mumbai,11:15,13:30,2.1,non-stop,15,7110,111.09,VALIDATED_NORMAL,3e3be3f134196376
2026-09-17T22:56:22Z,2026-10-09,Friday,IndiGo,6E,6E-526,Economy,Mumbai,Hyderabad,04:30,06:45,4.0,1-stop,21,3880,60.62,VALIDATED_NORMAL,cd5a0d24b8d7f84d
2026-09-17T22:56:22Z,2026-11-02,Monday,IndiGo,6E,6E-165,Economy,Mumbai,Hyderabad,06:00,08:15,1.5,non-stop,45,2410,37.66,VALIDATED_NORMAL,6c4dabb226a05289
2026-09-17T22:56:22Z,2026-10-09,Friday,IndiGo,6E,6E-717,Premium Economy,Mumbai,Delhi,06:00,08:15,4.6,1-stop,21,11430,178.59,VALIDATED_NORMAL,69c12f8a9a0cac5e
2026-09-17T22:56:22Z,2026-10-03,Saturday,IndiGo,6E,6E-419,Economy,Delhi,Kolkata,14:45,17:00,2.2,non-stop,15,7810,122.03,VALIDATED_NORMAL,7c1dfadfb66a7bac
2026-09-17T22:56:22Z,2026-09-20,Sunday,IndiGo,6E,6E-107,Economy,Bangalore,Hyderabad,06:00,08:15,3.6,1-stop,2,8730,136.41,VALIDATED_NORMAL,400c8ae31c992d56
2026-09-17T22:56:22Z,2026-10-02,Friday,IndiGo,6E,6E-256,Economy,Kolkata,Mumbai,08:30,10:45,2.6,non-stop,14,9690,151.41,VALIDATED_NORMAL,a9e64fb193311274
2026-09-17T22:56:22Z,2026-10-09,Friday,IndiGo,6E,6E-295,Economy,Mumbai,Bangalore,14:45,17:00,1.7,non-stop,21,4710,73.59,VALIDATED_NORMAL,e54abf86a7e5aa74
2026-09-17T22:56:22Z,2026-09-25,Friday,IndiGo,6E,6E-432,Economy,Chennai,Delhi,08:30,10:45,2.8,non-stop,7,13840,216.25,VALIDATED_NORMAL,0a5fe9e698c6c874
2026-09-17T22:56:22Z,2026-10-18,Sunday,IndiGo,6E,6E-740,Economy,Mumbai,Kolkata,04:30,06:45,2.6,non-stop,30,5750,89.84,VALIDATED_NORMAL,133886e3cecb4aa3
2026-09-17T22:56:22Z,2026-11-02,Monday,Vistara,UK,UK-729,Economy,Delhi,Mumbai,14:45,17:00,2.1,non-stop,45,3640,56.88,VALIDATED_NORMAL,d32a5a39f8cfa75b
2026-09-17T22:56:22Z,2026-10-03,Saturday,IndiGo,6E,6E-369,Economy,Delhi,Bangalore,20:30,22:45,2.7,non-stop,15,8720,136.25,VALIDATED_NORMAL,ba4d9470fd22b27e
2026-09-17T22:56:22Z,2026-09-20,Sunday,IndiGo,6E,6E-319,Premium Economy,Delhi,Ahmedabad,14:45,17:00,1.6,non-stop,2,26340,411.56,FLAGGED_SURGE,292a1380acf85aa4
2026-09-17T22:56:22Z,2026-10-02,Friday,IndiGo,6E,6E-316,Economy,Hyderabad,Mumbai,08:30,10:45,1.5,non-stop,14,5700,89.06,VALIDATED_NORMAL,0faf1b112b4b62a9
2026-09-17T22:56:22Z,2026-09-20,Sunday,IndiGo,6E,6E-767,Economy,Mumbai,Hyderabad,14:45,17:00,4.0,1-stop,2,11370,177.66,VALIDATED_NORMAL,4058d5d91659a73b
2026-09-17T22:57:22Z,2026-09-19,Saturday,IndiGo,6E,6E-720,Economy,Hyderabad,Bangalore,04:30,06:45,1.1,non-stop,1,11490,179.53,VALIDATED_NORMAL,2dfae94474bb8dba
2026-09-17T22:57:22Z,2026-09-25,Friday,IndiGo,6E,6E-541,Economy,Delhi,Kolkata,06:00,08:15,2.2,non-stop,7,10340,161.56,VALIDATED_NORMAL,8b0fa8d7c9414fd5
2026-09-17T22:57:22Z,2026-09-19,Saturday,IndiGo,6E,6E-657,Business,Kolkata,Delhi,20:30,22:45,2.2,non-stop,1,89120,1392.5,FLAGGED_SURGE,643949a1db3e817b
2026-09-17T22:57:22Z,2026-09-19,Saturday,Vistara,UK,UK-494,Economy,Delhi,Chennai,20:30,22:45,5.3,1-stop,1,28460,444.69,VALIDATED_NORMAL,27698e9c2186edd7
2026-09-17T22:57:22Z,2026-11-02,Monday,IndiGo,6E,6E-693,Business,Hyderabad,Bangalore,11:15,13:30,1.1,non-stop,45,7180,112.19,VALIDATED_NORMAL,0cd40e69c07097ae
2026-09-17T22:57:22Z,2026-09-25,Friday,IndiGo,6E,6E-923,Premium Economy,Mumbai,Kolkata,06:00,08:15,2.6,non-stop,7,27710,432.97,VALIDATED_NORMAL,bc7bee4205f8ccec
2026-09-17T22:57:22Z,2026-10-03,Saturday,IndiGo,6E,6E-152,Economy,Mumbai,Delhi,18:00,20:15,2.1,non-stop,15,7100,110.94,VALIDATED_NORMAL,2784d9cafa486023
2026-09-17T22:57:22Z,2026-11-02,Monday,Air India,AI,AI-314,Economy,Chennai,Delhi,20:30,22:45,2.8,non-stop,45,4560,71.25,VALIDATED_NORMAL,8563689509ea9b62
2026-09-17T22:57:22Z,2026-11-02,Monday,Vistara,UK,UK-469,Business,Delhi,Ahmedabad,14:45,17:00,1.6,non-stop,45,10980,171.56,VALIDATED_NORMAL,e10b753b8b1c0bb7
2026-09-17T22:57:22Z,2026-10-18,Sunday,AirAsia,I5,I5-215,Premium Economy,Delhi,Kolkata,04:30,06:45,2.2,non-stop,30,8700,135.94,VALIDATED_NORMAL,1903d8b3ffc342e5
2026-09-17T22:57:22Z,2026-09-25,Friday,SpiceJet,SG,SG-646,Economy,Bangalore,Hyderabad,20:30,22:45,1.1,non-stop,7,5290,82.66,VALIDATED_NORMAL,ffa0e42b8322bef8
2026-09-17T22:57:22Z,2026-09-19,Saturday,Air India,AI,AI-326,Premium Economy,Hyderabad,Bangalore,04:30,06:45,1.1,non-stop,1,24750,386.72,VALIDATED_NORMAL,880649f4093ec81e
2026-09-17T22:57:22Z,2026-09-25,Friday,Vistara,UK,UK-848,Economy,Hyderabad,Bangalore,18:00,20:15,1.1,non-stop,7,6440,100.63,VALIDATED_NORMAL,2cf990d0460952b7
2026-09-17T22:57:22Z,2026-10-18,Sunday,IndiGo,6E,6E-650,Economy,Kolkata,Delhi,20:30,22:45,4.7,1-stop,30,4180,65.31,VALIDATED_NORMAL,0a9923b2f0eb41d5
2026-09-17T22:57:22Z,2026-10-09,Friday,Air India,AI,AI-101,Economy,Kolkata,Mumbai,04:30,06:45,2.6,non-stop,21,7600,118.75,VALIDATED_NORMAL,995281c87835e789
2026-09-17T22:57:22Z,2026-11-02,Monday,Air India,AI,AI-539,Business,Delhi,Ahmedabad,04:30,06:45,1.6,non-stop,45,9980,155.94,VALIDATED_NORMAL,a2821af5b7ab67ca
2026-09-17T22:57:22Z,2026-10-02,Friday,Akasa Air,QP,QP-488,Economy,Ahmedabad,Delhi,08:30,10:45,4.1,1-stop,14,4600,71.88,VALIDATED_NORMAL,4555d809f4064789
2026-09-17T22:57:22Z,2026-09-19,Saturday,IndiGo,6E,6E-639,Economy,Ahmedabad,Delhi,08:30,10:45,1.6,non-stop,1,15890,248.28,VALIDATED_NORMAL,efb9bcf1eb7389b0
2026-09-17T22:58:22Z,2026-09-25,Friday,Air India,AI,AI-300,Economy,Bangalore,Mumbai,18:00,20:15,1.7,non-stop,7,8700,135.94,VALIDATED_NORMAL,0cc6c1f5f5512793
2026-09-17T22:58:22Z,2026-10-03,Saturday,Akasa Air,QP,QP-539,Economy,Kolkata,Mumbai,14:45,17:00,5.1,1-stop,15,7100,110.94,VALIDATED_NORMAL,c43d14d6b978e4aa
2026-09-17T22:58:22Z,2026-11-02,Monday,Air India,AI,AI-416,Economy,Delhi,Ahmedabad,14:45,17:00,1.6,non-stop,45,2810,43.91,VALIDATED_NORMAL,adae92794ab462fe
2026-09-17T22:58:22Z,2026-09-25,Friday,Air India,AI,AI-917,Economy,Hyderabad,Bangalore,18:00,20:15,3.6,1-stop,7,5230,81.72,VALIDATED_NORMAL,ff03162f69d25c14
2026-09-17T22:58:22Z,2026-09-25,Friday,Air India,AI,AI-481,Economy,Hyderabad,Bangalore,20:30,22:45,1.1,non-stop,7,6320,98.75,VALIDATED_NORMAL,9f78581c0a6e31c0
2026-09-17T22:58:22Z,2026-11-02,Monday,Vistara,UK,UK-116,Economy,Delhi,Kolkata,18:00,20:15,2.2,non-stop,45,3750,58.59,VALIDATED_NORMAL,73cf21546b64a73e
2026-09-17T22:58:22Z,2026-10-03,Saturday,IndiGo,6E,6E-838,Economy,Mumbai,Delhi,20:30,22:45,2.1,non-stop,15,6830,106.72,VALIDATED_NORMAL,266f5afa6ba26c5b
2026-09-17T22:58:22Z,2026-09-25,Friday,IndiGo,6E,6E-914,Economy,Delhi,Ahmedabad,18:00,20:15,4.1,1-stop,7,7900,123.44,VALIDATED_NORMAL,f157773e9adfcc25
2026-09-17T22:58:22Z,2026-10-18,Sunday,IndiGo,6E,6E-176,Economy,Delhi,Mumbai,11:15,13:30,4.6,1-stop,30,3910,61.09,VALIDATED_NORMAL,ab8730c9ae475a60
2026-09-17T22:58:22Z,2026-10-02,Friday,IndiGo,6E,6E-172,Economy,Hyderabad,Bangalore,08:30,10:45,1.1,non-stop,14,3880,60.62,VALIDATED_NORMAL,d3fc91628798faef
2026-09-17T22:58:22Z,2026-09-20,Sunday,IndiGo,6E,6E-623,Economy,Ahmedabad,Delhi,11:15,13:30,1.6,non-stop,2,13180,205.94,VALIDATED_NORMAL,f5420a106888ab8b
2026-09-17T22:58:22Z,2026-10-09,Friday,IndiGo,6E,6E-920,Economy,Kolkata,Delhi,14:45,17:00,2.2,non-stop,21,5710,89.22,VALIDATED_NORMAL,8d74e095891ffe17
2026-09-17T22:58:22Z,2026-10-09,Friday,Air India,AI,AI-464,Economy,Mumbai,Bangalore,20:30,22:45,1.7,non-stop,21,4890,76.41,VALIDATED_NORMAL,cdcd994a316f18be
2026-09-17T22:58:22Z,2026-09-25,Friday,IndiGo,6E,6E-106,Economy,Kolkata,Delhi,08:30,10:45,2.2,non-stop,7,10550,164.84,VALIDATED_NORMAL,6dff6c8b697a8068
2026-09-17T22:58:22Z,2026-09-20,Sunday,IndiGo,6E,6E-821,Economy,Mumbai,Kolkata,08:30,10:45,5.1,1-stop,2,20800,325.0,FLAGGED_SURGE,40a48c91369d8aba
2026-09-17T22:58:22Z,2026-10-03,Saturday,IndiGo,6E,6E-287,Economy,Delhi,Kolkata,14:45,17:00,2.2,non-stop,15,7510,117.34,VALIDATED_NORMAL,40ecdee2b74429fd
2026-09-17T22:58:22Z,2026-09-25,Friday,Air India,AI,AI-863,Economy,Mumbai,Delhi,04:30,06:45,4.6,1-stop,7,10100,157.81,VALIDATED_NORMAL,26bf8197a10c1aab
2026-09-17T22:58:22Z,2026-10-02,Friday,IndiGo,6E,6E-145,Premium Economy,Delhi,Ahmedabad,20:30,22:45,1.6,non-stop,14,12410,193.91,VALIDATED_NORMAL,f5c9c127a4123de2
2026-09-17T22:59:22Z,2026-11-02,Monday,Air India,AI,AI-906,Business,Chennai,Delhi,18:00,20:15,2.8,non-stop,45,18250,285.16,VALIDATED_NORMAL,7917fc5e76d2ed96
2026-09-17T22:59:22Z,2026-10-18,Sunday,IndiGo,6E,6E-159,Economy,Mumbai,Kolkata,11:15,13:30,2.6,non-stop,30,5760,90.0,VALIDATED_NORMAL,086e2abea23acba1
2026-09-17T22:59:22Z,2026-10-03,Saturday,IndiGo,6E,6E-803,Economy,Delhi,Bangalore,20:30,22:45,2.7,non-stop,15,9210,143.91,VALIDATED_NORMAL,04484a6bb3276f96
2026-09-17T22:59:22Z,2026-11-02,Monday,IndiGo,6E,6E-862,Economy,Chennai,Delhi,04:30,06:45,2.8,non-stop,45,4370,68.28,VALIDATED_NORMAL,e7bb2eae4dfc885e
2026-09-17T22:59:22Z,2026-09-20,Sunday,Vistara,UK,UK-211,Premium Economy,Mumbai,Delhi,14:45,17:00,2.1,non-stop,2,40690,635.78,VALIDATED_NORMAL,e83c36b14bf521de
2026-09-17T22:59:22Z,2026-11-02,Monday,Air India,AI,AI-989,Economy,Bangalore,Delhi,06:00,08:15,5.2,1-stop,45,4330,67.66,VALIDATED_NORMAL,e0f26e3a476eaa97
2026-09-17T22:59:22Z,2026-10-02,Friday,IndiGo,6E,6E-600,Premium Economy,Delhi,Kolkata,08:30,10:45,2.2,non-stop,14,38396,599.94,VALIDATED_NORMAL,bb2945988cb3be09
2026-09-17T22:59:22Z,2026-10-02,Friday,Air India,AI,AI-685,Economy,Kolkata,Delhi,14:45,17:00,2.2,non-stop,14,8310,129.84,VALIDATED_NORMAL,a305f1d8170f5aaf
2026-09-17T22:59:22Z,2026-09-25,Friday,Air India,AI,AI-715,Economy,Delhi,Kolkata,04:30,06:45,2.2,non-stop,7,12690,198.28,VALIDATED_NORMAL,239ed34f57ab6b7c
2026-09-17T22:59:22Z,2026-10-02,Friday,IndiGo,6E,6E-782,Business,Kolkata,Delhi,18:00,20:15,2.2,non-stop,14,30860,482.19,VALIDATED_NORMAL,8e8232497b86d9b6
2026-09-17T22:59:22Z,2026-09-19,Saturday,IndiGo,6E,6E-544,Economy,Mumbai,Kolkata,18:00,20:15,2.6,non-stop,1,26570,415.16,VALIDATED_NORMAL,59001080a27973f3
2026-09-17T22:59:22Z,2026-10-18,Sunday,IndiGo,6E,6E-552,Economy,Mumbai,Delhi,14:45,17:00,2.1,non-stop,30,8473,132.39,VALIDATED_NORMAL,8670f7a95c04714b
2026-09-17T22:59:22Z,2026-11-02,Monday,IndiGo,6E,6E-684,Economy,Bangalore,Hyderabad,14:45,17:00,1.1,non-stop,45,1740,27.19,VALIDATED_NORMAL,d9eb4153d83d6f02
2026-09-17T22:59:22Z,2026-10-18,Sunday,Vistara,UK,UK-895,Economy,Hyderabad,Bangalore,08:30,10:45,1.1,non-stop,30,2560,40.0,VALIDATED_NORMAL,beda157cfa1817f1
2026-09-17T22:59:22Z,2026-10-09,Friday,IndiGo,6E,6E-164,Economy,Hyderabad,Bangalore,11:15,13:30,1.1,non-stop,21,3020,47.19,VALIDATED_NORMAL,2ad5a0c9ead91200
2026-09-17T22:59:22Z,2026-11-02,Monday,IndiGo,6E,6E-769,Economy,Bangalore,Mumbai,11:15,13:30,4.2,1-stop,45,2460,38.44,VALIDATED_NORMAL,c9d6afd0db67ee95
2026-09-17T22:59:22Z,2026-11-02,Monday,IndiGo,6E,6E-957,Economy,Mumbai,Bangalore,14:45,17:00,1.7,non-stop,45,2700,42.19,VALIDATED_NORMAL,af9ed9c1e470c8c2
2026-09-17T22:59:22Z,2026-10-18,Sunday,Akasa Air,QP,QP-393,Economy,Mumbai,Kolkata,04:30,06:45,5.1,1-stop,30,4610,72.03,VALIDATED_NORMAL,de8ce499ec2f836e
2026-09-17T23:00:22Z,2026-10-18,Sunday,IndiGo,6E,6E-846,Economy,Hyderabad,Bangalore,20:30,22:45,1.1,non-stop,30,2340,36.56,VALIDATED_NORMAL,da4d1a07bf75615c
2026-09-17T23:00:22Z,2026-10-09,Friday,IndiGo,6E,6E-520,Premium Economy,Delhi,Mumbai,20:30,22:45,2.1,non-stop,21,12660,197.81,VALIDATED_NORMAL,875e193731fd581d
2026-09-17T23:00:22Z,2026-09-19,Saturday,IndiGo,6E,6E-421,Economy,Delhi,Bangalore,06:00,08:15,2.7,non-stop,1,28270,441.72,VALIDATED_NORMAL,6881120a9dda330d
2026-09-17T23:00:22Z,2026-09-25,Friday,IndiGo,6E,6E-406,Economy,Delhi,Ahmedabad,08:30,10:45,1.6,non-stop,7,7870,122.97,VALIDATED_NORMAL,7296a44abb8be8a4
2026-09-17T23:00:22Z,2026-10-03,Saturday,Vistara,UK,UK-686,Premium Economy,Kolkata,Mumbai,18:00,20:15,2.6,non-stop,15,19660,307.19,VALIDATED_NORMAL,2fa14f0abd758e13
2026-09-17T23:00:22Z,2026-10-18,Sunday,IndiGo,6E,6E-725,Economy,Delhi,Ahmedabad,20:30,22:45,1.6,non-stop,30,3300,51.56,VALIDATED_NORMAL,a4faebc5f8203ef7
2026-09-17T23:00:22Z,2026-10-03,Saturday,Air India,AI,AI-226,Economy,Hyderabad,Mumbai,06:00,08:15,4.0,1-stop,15,5090,79.53,VALIDATED_NORMAL,19aa3029c7059c15
2026-09-17T23:00:22Z,2026-09-25,Friday,Air India,AI,AI-118,Economy,Delhi,Chennai,08:30,10:45,2.8,non-stop,7,15820,247.19,VALIDATED_NORMAL,8c81430f85971705
2026-09-17T23:00:22Z,2026-09-19,Saturday,Air India,AI,AI-825,Economy,Delhi,Kolkata,06:00,08:15,2.2,non-stop,1,24840,388.12,VALIDATED_NORMAL,3971a9eb77e13fb0
2026-09-17T23:00:22Z,2026-10-18,Sunday,Akasa Air,QP,QP-450,Economy,Delhi,Kolkata,08:30,10:45,4.7,1-stop,30,3620,56.56,VALIDATED_NORMAL,70c8132599478c84
2026-09-17T23:00:22Z,2026-09-25,Friday,IndiGo,6E,6E-674,Economy,Mumbai,Kolkata,18:00,20:15,2.6,non-stop,7,12410,193.91,VALIDATED_NORMAL,d386072b8f7ab01e
2026-09-17T23:00:22Z,2026-10-18,Sunday,Air India,AI,AI-475,Economy,Mumbai,Delhi,14:45,17:00,2.1,non-stop,30,4870,76.09,VALIDATED_NORMAL,38800607775faa68
2026-09-17T23:00:22Z,2026-10-02,Friday,IndiGo,6E,6E-805,Economy,Hyderabad,Mumbai,11:15,13:30,1.5,non-stop,14,5560,86.88,VALIDATED_NORMAL,9fd918e2edb0a2dd
2026-09-17T23:00:22Z,2026-10-02,Friday,Air India,AI,AI-676,Economy,Ahmedabad,Delhi,14:45,17:00,1.6,non-stop,14,6060,94.69,VALIDATED_NORMAL,a1a71fd116de94e8
2026-09-17T23:00:22Z,2026-10-18,Sunday,Vistara,UK,UK-331,Business,Delhi,Ahmedabad,20:30,22:45,1.6,non-stop,30,14510,226.72,VALIDATED_NORMAL,1ab8b9cacc528de5
2026-09-17T23:00:22Z,2026-10-03,Saturday,IndiGo,6E,6E-962,Economy,Delhi,Mumbai,04:30,06:45,2.1,non-stop,15,7390,115.47,VALIDATED_NORMAL,6387c15bfdc013e3
2026-09-17T23:00:22Z,2026-10-09,Friday,IndiGo,6E,6E-341,Economy,Delhi,Kolkata,18:00,20:15,4.7,1-stop,21,5320,83.12,VALIDATED_NORMAL,a63dae42dc6197bf
2026-09-17T23:00:22Z,2026-10-03,Saturday,Vistara,UK,UK-187,Premium Economy,Kolkata,Delhi,04:30,06:45,2.2,non-stop,15,17620,275.31,VALIDATED_NORMAL,29845e14464ec859
2026-09-17T23:01:22Z,2026-11-02,Monday,IndiGo,6E,6E-168,Economy,Kolkata,Delhi,08:30,10:45,2.2,non-stop,45,3410,53.28,VALIDATED_NORMAL,dbbafbbfef42e870
2026-09-17T23:01:22Z,2026-10-02,Friday,IndiGo,6E,6E-255,Economy,Mumbai,Bangalore,11:15,13:30,1.7,non-stop,14,6510,101.72,VALIDATED_NORMAL,dcdc1ff0a02ad9aa
2026-09-17T23:01:22Z,2026-09-19,Saturday,IndiGo,6E,6E-795,Economy,Mumbai,Hyderabad,04:30,06:45,1.5,non-stop,1,14340,224.06,VALIDATED_NORMAL,0140807e43ace79d
2026-09-17T23:01:22Z,2026-09-25,Friday,IndiGo,6E,6E-391,Economy,Delhi,Chennai,20:30,22:45,2.8,non-stop,7,14630,228.59,VALIDATED_NORMAL,ca66146640e3bbd9
2026-09-17T23:01:22Z,2026-09-25,Friday,Akasa Air,QP,QP-715,Economy,Delhi,Chennai,20:30,22:45,2.8,non-stop,7,12470,194.84,VALIDATED_NORMAL,bf10fc8c36e708e7
2026-09-17T23:01:22Z,2026-10-18,Sunday,IndiGo,6E,6E-284,Economy,Hyderabad,Bangalore,04:30,06:45,1.1,non-stop,30,2320,36.25,VALIDATED_NORMAL,0a47b3631f178c76
2026-09-17T23:01:22Z,2026-10-18,Sunday,Air India,AI,AI-729,Economy,Kolkata,Delhi,18:00,20:15,2.2,non-stop,30,4760,74.38,VALIDATED_NORMAL,d49e0f9ee4f510a1
2026-09-17T23:01:22Z,2026-09-20,Sunday,IndiGo,6E,6E-664,Economy,Delhi,Mumbai,11:15,13:30,2.1,non-stop,2,18490,288.91,VALIDATED_NORMAL,b9338f4e0236f602
2026-09-17T23:01:22Z,2026-10-03,Saturday,Air India,AI,AI-824,Economy,Mumbai,Hyderabad,06:00,08:15,1.5,non-stop,15,5250,82.03,VALIDATED_NORMAL,ca5931d919aa54fd
2026-09-17T23:01:22Z,2026-10-03,Saturday,IndiGo,6E,6E-491,Economy,Kolkata,Mumbai,20:30,22:45,2.6,non-stop,15,8450,132.03,VALIDATED_NORMAL,7600f527ec999427
2026-09-17T23:01:22Z,2026-10-02,Friday,Air India,AI,AI-926,Economy,Mumbai,Bangalore,04:30,06:45,1.7,non-stop,14,15333,239.58,VALIDATED_NORMAL,6a90f88f7e86ccfe
2026-09-17T23:01:22Z,2026-10-09,Friday,Vistara,UK,UK-959,Economy,Chennai,Delhi,08:30,10:45,2.8,non-stop,21,8740,136.56,VALIDATED_NORMAL,093217859bacc170
2026-09-17T23:01:22Z,2026-09-19,Saturday,Vistara,UK,UK-606,Economy,Mumbai,Bangalore,06:00,08:15,1.7,non-stop,1,18140,283.44,VALIDATED_NORMAL,bf10976071eaa9a9
2026-09-17T23:01:22Z,2026-10-18,Sunday,SpiceJet,SG,SG-295,Economy,Ahmedabad,Delhi,11:15,13:30,1.6,non-stop,30,2940,45.94,VALIDATED_NORMAL,00601b70a171ba04
2026-09-17T23:01:22Z,2026-11-02,Monday,Air India,AI,AI-972,Economy,Bangalore,Hyderabad,06:00,08:15,1.1,non-stop,45,1920,30.0,VALIDATED_NORMAL,c806dc4a41fa8cae
2026-09-17T23:01:22Z,2026-09-20,Sunday,Air India,AI,AI-476,Economy,Kolkata,Delhi,11:15,13:30,2.2,non-stop,2,20880,326.25,VALIDATED_NORMAL,fd5e07f2a9ef4b11
2026-09-17T23:01:22Z,2026-09-25,Friday,IndiGo,6E,6E-327,Premium Economy,Bangalore,Delhi,04:30,06:45,2.7,non-stop,7,28590,446.72,VALIDATED_NORMAL,147fc6509cc921a2
2026-09-17T23:01:22Z,2026-09-19,Saturday,IndiGo,6E,6E-557,Economy,Bangalore,Hyderabad,11:15,13:30,1.1,non-stop,1,10670,166.72,VALIDATED_NORMAL,f3b256df6901d769
2026-09-17T23:02:22Z,2026-10-18,Sunday,Air India,AI,AI-558,Economy,Delhi,Mumbai,11:15,13:30,2.1,non-stop,30,4750,74.22,VALIDATED_NORMAL,999ac098fccbea1f
2026-09-17T23:02:22Z,2026-10-03,Saturday,Air India,AI,AI-940,Economy,Mumbai,Kolkata,18:00,20:15,5.1,1-stop,15,8900,139.06,VALIDATED_NORMAL,52b317a4c6fc8776
2026-09-17T23:02:22Z,2026-10-18,Sunday,Air India,AI,AI-143,Economy,Delhi,Mumbai,04:30,06:45,2.1,non-stop,30,10320,161.25,VALIDATED_NORMAL,0f47130e67743cc4
2026-09-17T23:02:22Z,2026-11-02,Monday,IndiGo,6E,6E-246,Economy,Mumbai,Hyderabad,11:15,13:30,1.5,non-stop,45,2440,38.12,VALIDATED_NORMAL,db6e5c122e10ecf6
2026-09-17T23:02:22Z,2026-09-25,Friday,Air India,AI,AI-356,Economy,Delhi,Ahmedabad,11:15,13:30,4.1,1-stop,7,7590,118.59,VALIDATED_NORMAL,b761df4546fb47ab
2026-09-17T23:02:22Z,2026-09-25,Friday,IndiGo,6E,6E-882,Economy,Kolkata,Delhi,06:00,08:15,4.7,1-stop,7,10330,161.41,VALIDATED_NORMAL,45416d7d660a9989
2026-09-17T23:02:22Z,2026-11-02,Monday,Air India,AI,AI-984,Economy,Delhi,Mumbai,11:15,13:30,4.6,1-stop,45,3340,52.19,VALIDATED_NORMAL,dce2cbf7f0d1e889
2026-09-17T23:02:22Z,2026-10-09,Friday,Air India,AI,AI-763,Business,Delhi,Ahmedabad,08:30,10:45,1.6,non-stop,21,17140,267.81,VALIDATED_NORMAL,242561978cf757f5
2026-09-17T23:02:22Z,2026-10-18,Sunday,Air India,AI,AI-351,Economy,Bangalore,Mumbai,08:30,10:45,1.7,non-stop,30,3740,58.44,VALIDATED_NORMAL,926a40673fbe8fac
2026-09-17T23:02:22Z,2026-09-19,Saturday,IndiGo,6E,6E-881,Economy,Chennai,Delhi,18:00,20:15,2.8,non-stop,1,27910,436.09,FLAGGED_SURGE,79871747ff3441ed
2026-09-17T23:02:22Z,2026-10-02,Friday,IndiGo,6E,6E-377,Economy,Mumbai,Kolkata,04:30,06:45,2.6,non-stop,14,9580,149.69,VALIDATED_NORMAL,66afcd0bce8fe568
2026-09-17T23:02:22Z,2026-09-19,Saturday,IndiGo,6E,6E-196,Economy,Mumbai,Kolkata,20:30,22:45,5.1,1-stop,1,25440,397.5,FLAGGED_SURGE,cc44725937b0cf1a
2026-09-17T23:02:22Z,2026-11-02,Monday,IndiGo,6E,6E-502,Economy,Hyderabad,Bangalore,14:45,17:00,1.1,non-stop,45,1890,29.53,VALIDATED_NORMAL,1b985aea6c9e7ce7
2026-09-17T23:02:22Z,2026-10-02,Friday,SpiceJet,SG,SG-359,Economy,Delhi,Bangalore,06:00,08:15,2.7,non-stop,14,8870,138.59,VALIDATED_NORMAL,760b208f16a6ceed
2026-09-17T23:02:22Z,2026-10-18,Sunday,Air India,AI,AI-281,Economy,Delhi,Ahmedabad,04:30,06:45,1.6,non-stop,30,3440,53.75,VALIDATED_NORMAL,26c1c4951bfd3330
2026-09-17T23:02:22Z,2026-10-09,Friday,IndiGo,6E,6E-157,Economy,Bangalore,Mumbai,14:45,17:00,1.7,non-stop,21,4440,69.38,VALIDATED_NORMAL,a73c40f14717c181
2026-09-17T23:02:22Z,2026-09-19,Saturday,IndiGo,6E,6E-396,Premium Economy,Kolkata,Delhi,04:30,06:45,2.2,non-stop,1,46720,730.0,FLAGGED_SURGE,b9b3b66ce1fc41e0
2026-09-17T23:02:22Z,2026-11-02,Monday,AirAsia,I5,I5-866,Economy,Delhi,Bangalore,14:45,17:00,2.7,non-stop,45,3860,60.31,VALIDATED_NORMAL,de25931a14d5e15b
2026-09-17T23:03:22Z,2026-09-19,Saturday,Air India,AI,AI-460,Economy,Delhi,Ahmedabad,08:30,10:45,4.1,1-stop,1,15950,249.22,VALIDATED_NORMAL,f3d7ab2220cf3cf8
2026-09-17T23:03:22Z,2026-09-19,Saturday,IndiGo,6E,6E-586,Economy,Kolkata,Delhi,08:30,10:45,4.7,1-stop,1,21500,335.94,VALIDATED_NORMAL,f822080523c4cda3
2026-09-17T23:03:22Z,2026-10-02,Friday,IndiGo,6E,6E-531,Economy,Mumbai,Kolkata,18:00,20:15,2.6,non-stop,14,9080,141.88,VALIDATED_NORMAL,101749c7a14790de
2026-09-17T23:03:22Z,2026-10-02,Friday,Vistara,UK,UK-318,Economy,Mumbai,Delhi,04:30,06:45,2.1,non-stop,14,7870,122.97,VALIDATED_NORMAL,debec6c9e029a7e9
2026-09-17T23:03:22Z,2026-10-18,Sunday,Akasa Air,QP,QP-894,Economy,Delhi,Chennai,11:15,13:30,5.3,1-stop,30,4700,73.44,VALIDATED_NORMAL,61b514f8c955b6cb
2026-09-17T23:03:22Z,2026-09-25,Friday,Akasa Air,QP,QP-917,Economy,Mumbai,Bangalore,04:30,06:45,4.2,1-stop,7,7090,110.78,VALIDATED_NORMAL,a75aa8ef911c756f
2026-09-17T23:03:22Z,2026-10-03,Saturday,IndiGo,6E,6E-275,Premium Economy,Chennai,Delhi,11:15,13:30,2.8,non-stop,15,19130,298.91,VALIDATED_NORMAL,5ca45d2726a3c844
2026-09-17T23:03:22Z,2026-10-02,Friday,IndiGo,6E,6E-747,Economy,Bangalore,Mumbai,14:45,17:00,1.7,non-stop,14,5950,92.97,VALIDATED_NORMAL,94407f5a0729e67a
2026-09-17T23:03:22Z,2026-11-02,Monday,IndiGo,6E,6E-447,Economy,Mumbai,Delhi,14:45,17:00,2.1,non-stop,45,3180,49.69,VALIDATED_NORMAL,e4e8e877b68c0f7e
2026-09-17T23:03:22Z,2026-10-03,Saturday,Air India,AI,AI-720,Economy,Delhi,Chennai,20:30,22:45,2.8,non-stop,15,10330,161.41,VALIDATED_NORMAL,85b4e35f2e6cd6a0
2026-09-17T23:03:22Z,2026-09-19,Saturday,IndiGo,6E,6E-916,Economy,Kolkata,Mumbai,18:00,20:15,2.6,non-stop,1,25800,403.12,VALIDATED_NORMAL,62cb9cce650d9a2e
2026-09-17T23:03:22Z,2026-09-25,Friday,IndiGo,6E,6E-973,Economy,Mumbai,Bangalore,06:00,08:15,1.7,non-stop,7,8500,132.81,VALIDATED_NORMAL,10bdce52f1ccaaf8
2026-09-17T23:03:22Z,2026-09-25,Friday,Air India,AI,AI-749,Economy,Chennai,Delhi,06:00,08:15,5.3,1-stop,7,14050,219.53,VALIDATED_NORMAL,b3e4821b9b6f88f5
2026-09-17T23:03:22Z,2026-10-03,Saturday,Air India,AI,AI-876,Economy,Delhi,Ahmedabad,06:00,08:15,1.6,non-stop,15,5880,91.88,VALIDATED_NORMAL,00225f7a4592b6e1
2026-09-17T23:03:22Z,2026-09-20,Sunday,IndiGo,6E,6E-864,Economy,Chennai,Delhi,04:30,06:45,2.8,non-stop,2,23760,371.25,VALIDATED_NORMAL,d13fe50d260be7d0
2026-09-17T23:03:22Z,2026-10-02,Friday,Air India,AI,AI-468,Economy,Ahmedabad,Delhi,14:45,17:00,1.6,non-stop,14,6210,97.03,VALIDATED_NORMAL,ea0abd8a6c5c6849
2026-09-17T23:03:22Z,2026-10-03,Saturday,IndiGo,6E,6E-400,Economy,Delhi,Ahmedabad,18:00,20:15,1.6,non-stop,15,5260,82.19,VALIDATED_NORMAL,0a9362482ccfe231
2026-09-17T23:03:22Z,2026-10-09,Friday,Vistara,UK,UK-225,Economy,Bangalore,Mumbai,04:30,06:45,1.7,non-stop,21,5230,81.72,VALIDATED_NORMAL,839548046fff3769
2026-09-17T23:04:22Z,2026-10-18,Sunday,IndiGo,6E,6E-919,Economy,Hyderabad,Mumbai,06:00,08:15,4.0,1-stop,30,3020,47.19,VALIDATED_NORMAL,c3c48b2ede203649
2026-09-17T23:04:22Z,2026-10-18,Sunday,IndiGo,6E,6E-871,Economy,Mumbai,Hyderabad,20:30,22:45,4.0,1-stop,30,2990,46.72,VALIDATED_NORMAL,b0ea87fdd184eeb2
2026-09-17T23:04:22Z,2026-09-19,Saturday,IndiGo,6E,6E-657,Economy,Hyderabad,Bangalore,14:45,17:00,3.6,1-stop,1,9900,154.69,VALIDATED_NORMAL,0f0df730a4c5f374
2026-09-17T23:04:22Z,2026-10-03,Saturday,Air India,AI,AI-705,Economy,Bangalore,Delhi,14:45,17:00,2.7,non-stop,15,10500,164.06,VALIDATED_NORMAL,a14ee504fa6a3b7d
2026-09-17T23:04:22Z,2026-10-02,Friday,IndiGo,6E,6E-712,Economy,Delhi,Ahmedabad,18:00,20:15,1.6,non-stop,14,5620,87.81,VALIDATED_NORMAL,07ee87b8ce14531f
2026-09-17T23:04:22Z,2026-10-03,Saturday,IndiGo,6E,6E-646,Economy,Bangalore,Delhi,14:45,17:00,5.2,1-stop,15,8450,132.03,VALIDATED_NORMAL,e9b9545aa3f95a9b
2026-09-17T23:04:22Z,2026-10-18,Sunday,Air India,AI,AI-502,Economy,Kolkata,Delhi,06:00,08:15,2.2,non-stop,30,5250,82.03,VALIDATED_NORMAL,e6f7e354b4428192
2026-09-17T23:04:22Z,2026-10-02,Friday,IndiGo,6E,6E-648,Economy,Delhi,Kolkata,08:30,10:45,2.2,non-stop,14,7440,116.25,VALIDATED_NORMAL,e11a4fc12c6510e9
2026-09-17T23:04:22Z,2026-10-03,Saturday,Air India,AI,AI-935,Economy,Hyderabad,Mumbai,20:30,22:45,1.5,non-stop,15,5470,85.47,VALIDATED_NORMAL,eac112c304ffb6ab
2026-09-17T23:04:22Z,2026-10-02,Friday,IndiGo,6E,6E-891,Economy,Delhi,Mumbai,18:00,20:15,2.1,non-stop,14,7860,122.81,VALIDATED_NORMAL,e817292bcfa56457
2026-09-17T23:04:22Z,2026-10-09,Friday,Air India,AI,AI-636,Economy,Mumbai,Hyderabad,11:15,13:30,1.5,non-stop,21,4190,65.47,VALIDATED_NORMAL,ca202432c1518523
2026-09-17T23:04:22Z,2026-10-02,Friday,SpiceJet,SG,SG-947,Economy,Mumbai,Delhi,18:00,20:15,2.1,non-stop,14,6740,105.31,VALIDATED_NORMAL,d4c9fd3ae0582325
2026-09-17T23:04:22Z,2026-10-18,Sunday,IndiGo,6E,6E-120,Economy,Chennai,Delhi,11:15,13:30,2.8,non-stop,30,5720,89.38,VALIDATED_NORMAL,100ac078ad5268e8
2026-09-17T23:04:22Z,2026-10-09,Friday,Air India,AI,AI-290,Economy,Delhi,Bangalore,08:30,10:45,2.7,non-stop,21,16346,255.41,VALIDATED_NORMAL,4b154e8d6e9a40bb
2026-09-17T23:04:22Z,2026-09-20,Sunday,IndiGo,6E,6E-240,Economy,Delhi,Mumbai,20:30,22:45,2.1,non-stop,2,18460,288.44,FLAGGED_SURGE,fbd64aaf3f0ff61d
2026-09-17T23:04:22Z,2026-10-03,Saturday,Vistara,UK,UK-652,Economy,Chennai,Delhi,14:45,17:00,2.8,non-stop,15,10120,158.12,VALIDATED_NORMAL,c1932566699ea58a
2026-09-17T23:04:22Z,2026-09-19,Saturday,IndiGo,6E,6E-926,Economy,Kolkata,Mumbai,14:45,17:00,5.1,1-stop,1,24340,380.31,FLAGGED_SURGE,d248e475bf53ff23
2026-09-17T23:04:22Z,2026-10-03,Saturday,Vistara,UK,UK-564,Economy,Delhi,Ahmedabad,14:45,17:00,1.6,non-stop,15,5900,92.19,VALIDATED_NORMAL,5cda9161d99b7842
2026-09-17T23:05:22Z,2026-11-02,Monday,IndiGo,6E,6E-899,Economy,Ahmedabad,Delhi,04:30,06:45,1.6,non-stop,45,2640,41.25,VALIDATED_NORMAL,c9e2c48a82decc85
2026-09-17T23:05:22Z,2026-09-25,Friday,IndiGo,6E,6E-317,Economy,Chennai,Delhi,08:30,10:45,2.8,non-stop,7,14990,234.22,VALIDATED_NORMAL,2ccd37ee70b3b63a
2026-09-17T23:05:22Z,2026-11-02,Monday,IndiGo,6E,6E-589,Economy,Mumbai,Delhi,18:00,20:15,2.1,non-stop,45,3440,53.75,VALIDATED_NORMAL,1228cf902f3a7f96
2026-09-17T23:05:22Z,2026-09-20,Sunday,IndiGo,6E,6E-519,Premium Economy,Bangalore,Hyderabad,06:00,08:15,1.1,non-stop,2,19150,299.22,VALIDATED_NORMAL,413bac0d69c84aa3
2026-09-17T23:05:22Z,2026-10-18,Sunday,Akasa Air,QP,QP-942,Economy,Hyderabad,Bangalore,06:00,08:15,1.1,non-stop,30,2030,31.72,VALIDATED_NORMAL,2377a21c930f067c
2026-09-17T23:05:22Z,2026-09-25,Friday,Vistara,UK,UK-849,Economy,Hyderabad,Bangalore,18:00,20:15,1.1,non-stop,7,6260,97.81,VALIDATED_NORMAL,385c8b455f26c777
2026-09-17T23:05:22Z,2026-10-02,Friday,Akasa Air,QP,QP-194,Economy,Mumbai,Hyderabad,04:30,06:45,1.5,non-stop,14,4810,75.16,VALIDATED_NORMAL,a0ed2202e840ab34
2026-09-17T23:05:22Z,2026-11-02,Monday,IndiGo,6E,6E-570,Economy,Kolkata,Mumbai,08:30,10:45,2.6,non-stop,45,4020,62.81,VALIDATED_NORMAL,33f80246b0dbd8af
2026-09-17T23:05:22Z,2026-10-03,Saturday,IndiGo,6E,6E-997,Economy,Mumbai,Kolkata,20:30,22:45,2.6,non-stop,15,8410,131.41,VALIDATED_NORMAL,c926ae3da5eefba0
2026-09-17T23:05:22Z,2026-11-02,Monday,Air India,AI,AI-759,Economy,Mumbai,Bangalore,04:30,06:45,1.7,non-stop,45,2870,44.84,VALIDATED_NORMAL,836125060d036af6
2026-09-17T23:05:22Z,2026-09-25,Friday,AirAsia,I5,I5-213,Economy,Bangalore,Delhi,04:30,06:45,2.7,non-stop,7,13390,209.22,VALIDATED_NORMAL,93ba8363a33ac79e
2026-09-17T23:05:22Z,2026-09-25,Friday,IndiGo,6E,6E-748,Economy,Mumbai,Bangalore,04:30,06:45,1.7,non-stop,7,8600,134.38,VALIDATED_NORMAL,b0a0b41c646c9c23
2026-09-17T23:05:22Z,2026-10-02,Friday,Air India,AI,AI-417,Economy,Mumbai,Bangalore,08:30,10:45,1.7,non-stop,14,6330,98.91,VALIDATED_NORMAL,6b48dfd6cf09311d
2026-09-17T23:05:22Z,2026-11-02,Monday,AirAsia,I5,I5-963,Economy,Mumbai,Kolkata,11:15,13:30,2.6,non-stop,45,3960,61.88,VALIDATED_NORMAL,a36c3a8c4d16c3ca
2026-09-17T23:05:22Z,2026-10-03,Saturday,IndiGo,6E,6E-322,Economy,Ahmedabad,Delhi,06:00,08:15,1.6,non-stop,15,5780,90.31,VALIDATED_NORMAL,11d832c903553c93
2026-09-17T23:05:22Z,2026-09-19,Saturday,Akasa Air,QP,QP-579,Economy,Hyderabad,Bangalore,14:45,17:00,1.1,non-stop,1,10880,170.0,VALIDATED_NORMAL,89faa1760ce65dca
2026-09-17T23:05:22Z,2026-09-25,Friday,Vistara,UK,UK-614,Premium Economy,Delhi,Chennai,14:45,17:00,5.3,1-stop,7,28870,451.09,FLAGGED_SURGE,2ac1fa1296a24965
2026-09-17T23:05:22Z,2026-10-03,Saturday,Air India,AI,AI-487,Economy,Hyderabad,Bangalore,06:00,08:15,1.1,non-stop,15,4340,67.81,VALIDATED_NORMAL,3eaaa58489633589
2026-09-17T23:05:39Z,2026-09-20,Sunday,Vistara,UK,UK-776,Economy,Delhi,Chennai,20:30,22:45,5.3,1-stop,2,23750,371.09,VALIDATED_NORMAL,feb2d8538157f8d1
2026-09-17T23:05:39Z,2026-11-02,Monday,IndiGo,6E,6E-804,Economy,Hyderabad,Mumbai,04:30,06:45,4.0,1-stop,45,2370,37.03,VALIDATED_NORMAL,0aef9773e9b4360c
2026-09-17T23:05:39Z,2026-09-19,Saturday,IndiGo,6E,6E-781,Economy,Delhi,Bangalore,04:30,06:45,2.7,non-stop,1,27240,425.62,VALIDATED_NORMAL,762d41942ef3465b
2026-09-17T23:05:39Z,2026-10-02,Friday,IndiGo,6E,6E-953,Premium Economy,Bangalore,Mumbai,08:30,10:45,1.7,non-stop,14,12820,200.31,VALIDATED_NORMAL,8828c38ac529d51d
2026-09-17T23:05:39Z,2026-09-25,Friday,SpiceJet,SG,SG-459,Economy,Delhi,Mumbai,18:00,20:15,2.1,non-stop,7,9520,148.75,VALIDATED_NORMAL,921ce693bc34563c
2026-09-17T23:05:39Z,2026-10-18,Sunday,SpiceJet,SG,SG-239,Business,Mumbai,Kolkata,20:30,22:45,2.6,non-stop,30,20600,321.88,VALIDATED_NORMAL,663e9dca904ab2c3
2026-09-17T23:05:39Z,2026-09-19,Saturday,Vistara,UK,UK-954,Economy,Kolkata,Delhi,20:30,22:45,2.2,non-stop,1,23960,374.38,VALIDATED_NORMAL,5937fa5c1f8843ec
2026-09-17T23:05:39Z,2026-09-20,Sunday,Vistara,UK,UK-944,Economy,Bangalore,Delhi,08:30,10:45,2.7,non-stop,2,26000,406.25,VALIDATED_NORMAL,e8a99942ea14dfcd
2026-09-17T23:05:39Z,2026-09-19,Saturday,IndiGo,6E,6E-407,Economy,Hyderabad,Bangalore,04:30,06:45,1.1,non-stop,1,10580,165.31,VALIDATED_NORMAL,7f6bd6c88a5085ae
2026-09-17T23:05:39Z,2026-09-25,Friday,Vistara,UK,UK-213,Economy,Hyderabad,Mumbai,11:15,13:30,1.5,non-stop,7,8980,140.31,VALIDATED_NORMAL,8e92d9bce6b0f043
2026-09-17T23:05:39Z,2026-10-02,Friday,IndiGo,6E,6E-881,Economy,Bangalore,Hyderabad,14:45,17:00,1.1,non-stop,14,3910,61.09,VALIDATED_NORMAL,b542dac8be5927ab
2026-09-17T23:05:39Z,2026-09-20,Sunday,IndiGo,6E,6E-832,Economy,Mumbai,Kolkata,11:15,13:30,2.6,non-stop,2,20150,314.84,VALIDATED_NORMAL,109da506fa61679a
2026-09-17T23:05:39Z,2026-11-02,Monday,IndiGo,6E,6E-227,Business,Mumbai,Bangalore,04:30,06:45,1.7,non-stop,45,10550,164.84,VALIDATED_NORMAL,c22d02e15dad9f9e
2026-09-17T23:05:39Z,2026-10-09,Friday,IndiGo,6E,6E-468,Economy,Delhi,Kolkata,14:45,17:00,2.2,non-stop,21,6350,99.22,VALIDATED_NORMAL,86837026aee7c0a4
2026-09-17T23:05:39Z,2026-10-18,Sunday,IndiGo,6E,6E-821,Economy,Kolkata,Mumbai,04:30,06:45,2.6,non-stop,30,5590,87.34,VALIDATED_NORMAL,3c62398e13d14baf
2026-09-17T23:05:39Z,2026-11-02,Monday,IndiGo,6E,6E-804,Economy,Chennai,Delhi,14:45,17:00,2.8,non-stop,45,4300,67.19,VALIDATED_NORMAL,0d0d15b8f9c58344
2026-09-17T23:05:39Z,2026-09-25,Friday,IndiGo,6E,6E-993,Economy,Delhi,Mumbai,04:30,06:45,2.1,non-stop,7,11250,175.78,VALIDATED_NORMAL,8633014382c6b29e
2026-09-17T23:05:39Z,2026-10-18,Sunday,IndiGo,6E,6E-931,Economy,Bangalore,Delhi,18:00,20:15,2.7,non-stop,30,5860,91.56,VALIDATED_NORMAL,1392efa2971c44e8
2026-09-17T23:05:39Z,2026-10-09,Friday,SpiceJet,SG,SG-762,Economy,Bangalore,Hyderabad,18:00,20:15,1.1,non-stop,21,2910,45.47,VALIDATED_NORMAL,e4e9274fe1c2e31c
2026-09-17T23:05:39Z,2026-09-25,Friday,Akasa Air,QP,QP-157,Economy,Delhi,Kolkata,20:30,22:45,2.2,non-stop,7,9500,148.44,VALIDATED_NORMAL,9ff72ad4a4de5685
2026-09-17T23:05:39Z,2026-09-20,Sunday,IndiGo,6E,6E-296,Economy,Delhi,Bangalore,20:30,22:45,2.7,non-stop,2,22400,350.0,VALIDATED_NORMAL,a2ba6ce33751dcf4
2026-09-17T23:05:39Z,2026-10-03,Saturday,IndiGo,6E,6E-326,Economy,Bangalore,Hyderabad,11:15,13:30,3.6,1-stop,15,3530,55.16,VALIDATED_NORMAL,5676e9af2170305a
2026-09-17T23:05:39Z,2026-10-18,Sunday,Air India,AI,AI-285,Economy,Kolkata,Delhi,04:30,06:45,2.2,non-stop,30,5060,79.06,VALIDATED_NORMAL,1a59dbacb21dc60c
2026-09-17T23:05:39Z,2026-11-02,Monday,IndiGo,6E,6E-168,Economy,Hyderabad,Mumbai,04:30,06:45,1.5,non-stop,45,2300,35.94,VALIDATED_NORMAL,7b6b865945297e5c
2026-09-17T23:06:07Z,2026-10-18,Sunday,IndiGo,6E,6E-164,Economy,Mumbai,Bangalore,08:30,10:45,1.7,non-stop,30,3650,57.03,VALIDATED_NORMAL,bd3354f6764092b0
2026-09-17T23:06:07Z,2026-10-03,Saturday,IndiGo,6E,6E-289,Economy,Bangalore,Mumbai,08:30,10:45,1.7,non-stop,15,6240,97.5,VALIDATED_NORMAL,24b6788feb2ab9d7
2026-09-17T23:06:07Z,2026-10-03,Saturday,IndiGo,6E,6E-210,Economy,Ahmedabad,Delhi,11:15,13:30,1.6,non-stop,15,5430,84.84,VALIDATED_NORMAL,d77a28206cf76bb6
2026-09-17T23:06:07Z,2026-10-18,Sunday,IndiGo,6E,6E-462,Economy,Delhi,Mumbai,18:00,20:15,2.1,non-stop,30,4390,68.59,VALIDATED_NORMAL,3b3559999d7e0cad
2026-09-17T23:06:07Z,2026-10-03,Saturday,IndiGo,6E,6E-465,Economy,Delhi,Kolkata,20:30,22:45,2.2,non-stop,15,8060,125.94,VALIDATED_NORMAL,12660b94113389ca
2026-09-17T23:06:07Z,2026-10-02,Friday,IndiGo,6E,6E-865,Premium Economy,Delhi,Mumbai,04:30,06:45,2.1,non-stop,14,16930,264.53,VALIDATED_NORMAL,e904733a1d694994
2026-09-17T23:06:07Z,2026-10-02,Friday,Air India,AI,AI-107,Economy,Chennai,Delhi,18:00,20:15,2.8,non-stop,14,10270,160.47,VALIDATED_NORMAL,0defca92c9a0b53e
2026-09-17T23:06:07Z,2026-10-02,Friday,IndiGo,6E,6E-950,Economy,Mumbai,Delhi,11:15,13:30,2.1,non-stop,14,7770,121.41,VALIDATED_NORMAL,a4f9fc96795a3451
2026-09-17T23:06:07Z,2026-10-09,Friday,IndiGo,6E,6E-748,Economy,Delhi,Ahmedabad,14:45,17:00,1.6,non-stop,21,4420,69.06,VALIDATED_NORMAL,c071fb58524da89d
2026-09-17T23:06:07Z,2026-09-25,Friday,IndiGo,6E,6E-204,Economy,Delhi,Ahmedabad,04:30,06:45,1.6,non-stop,7,7490,117.03,VALIDATED_NORMAL,7dd529e17697820d
2026-09-17T23:06:07Z,2026-09-19,Saturday,IndiGo,6E,6E-373,Economy,Hyderabad,Bangalore,11:15,13:30,1.1,non-stop,1,10790,168.59,VALIDATED_NORMAL,3b68c217d47d2542
2026-09-17T23:06:07Z,2026-09-20,Sunday,Vistara,UK,UK-231,Economy,Kolkata,Mumbai,20:30,22:45,2.6,non-stop,2,25400,396.88,FLAGGED_SURGE,bed8b52f0f6a3e1b
2026-09-17T23:06:07Z,2026-09-25,Friday,IndiGo,6E,6E-925,Premium Economy,Mumbai,Kolkata,18:00,20:15,2.6,non-stop,7,29300,457.81,FLAGGED_SURGE,48044fc34d2a0f17
2026-09-17T23:06:07Z,2026-10-02,Friday,IndiGo,6E,6E-760,Economy,Bangalore,Hyderabad,20:30,22:45,1.1,non-stop,14,3690,57.66,VALIDATED_NORMAL,95b60bbbca9b18a8
2026-09-17T23:06:07Z,2026-10-09,Friday,Air India,AI,AI-124,Economy,Mumbai,Hyderabad,04:30,06:45,1.5,non-stop,21,4330,67.66,VALIDATED_NORMAL,87422691e030d3c8
2026-09-17T23:06:07Z,2026-10-03,Saturday,SpiceJet,SG,SG-523,Economy,Delhi,Chennai,18:00,20:15,2.8,non-stop,15,9640,150.62,VALIDATED_NORMAL,47766172a64e03bf
2026-09-17T23:06:07Z,2026-10-02,Friday,Air India,AI,AI-308,Economy,Delhi,Bangalore,08:30,10:45,5.2,1-stop,14,9490,148.28,VALIDATED_NORMAL,45f09c2fe9faab96
2026-09-17T23:06:07Z,2026-09-25,Friday,IndiGo,6E,6E-751,Economy,Delhi,Bangalore,11:15,13:30,2.7,non-stop,7,13660,213.44,VALIDATED_NORMAL,cca976b99b425d8b
2026-09-17T23:06:07Z,2026-11-02,Monday,IndiGo,6E,6E-336,Economy,Delhi,Chennai,14:45,17:00,2.8,non-stop,45,4560,71.25,VALIDATED_NORMAL,db9d72d7c365080d
2026-09-17T23:06:07Z,2026-10-02,Friday,SpiceJet,SG,SG-168,Economy,Hyderabad,Mumbai,14:45,17:00,1.5,non-stop,14,5180,80.94,VALIDATED_NORMAL,f6af81747f4d73a5
2026-09-17T23:06:07Z,2026-10-03,Saturday,IndiGo,6E,6E-403,Economy,Kolkata,Delhi,08:30,10:45,2.2,non-stop,15,7690,120.16,VALIDATED_NORMAL,5e36a8fe2cecaffa
2026-09-17T23:06:07Z,2026-10-03,Saturday,AirAsia,I5,I5-673,Premium Economy,Hyderabad,Mumbai,08:30,10:45,1.5,non-stop,15,10540,164.69,VALIDATED_NORMAL,1e54fb4ff3420a5c
2026-09-17T23:06:07Z,2026-10-03,Saturday,IndiGo,6E,6E-454,Economy,Delhi,Bangalore,20:30,22:45,2.7,non-stop,15,8690,135.78,VALIDATED_NORMAL,52d504557d81e596
2026-09-17T23:06:07Z,2026-09-25,Friday,IndiGo,6E,6E-322,Economy,Bangalore,Delhi,18:00,20:15,2.7,non-stop,7,13280,207.5,VALIDATED_NORMAL,7487e81b8caa6a21
2026-09-17T23:06:07Z,2026-10-02,Friday,IndiGo,6E,6E-248,Economy,Delhi,Ahmedabad,14:45,17:00,1.6,non-stop,14,5630,87.97,VALIDATED_NORMAL,b25991c82bc66a1b
2026-09-17T23:06:07Z,2026-09-19,Saturday,Air India,AI,AI-375,Economy,Delhi,Mumbai,11:15,13:30,2.1,non-stop,1,22000,343.75,FLAGGED_SURGE,76bb8154e89408a0
2026-09-17T23:06:07Z,2026-10-03,Saturday,Vistara,UK,UK-550,Economy,Mumbai,Kolkata,14:45,17:00,2.6,non-stop,15,9660,150.94,VALIDATED_NORMAL,c231c29e639f7973
2026-09-17T23:06:07Z,2026-09-25,Friday,IndiGo,6E,6E-772,Economy,Hyderabad,Bangalore,18:00,20:15,1.1,non-stop,7,5490,85.78,VALIDATED_NORMAL,1c1ebbf33c1af354
2026-09-17T23:06:07Z,2026-09-25,Friday,Vistara,UK,UK-984,Economy,Hyderabad,Mumbai,04:30,06:45,1.5,non-stop,7,8510,132.97,VALIDATED_NORMAL,1a4b7b6a4242dcf1
2026-09-17T23:06:07Z,2026-10-02,Friday,Vistara,UK,UK-383,Economy,Mumbai,Bangalore,11:15,13:30,1.7,non-stop,14,6900,107.81,VALIDATED_NORMAL,b06878424a52d355
2026-09-17T23:06:07Z,2026-11-02,Monday,Air India,AI,AI-433,Economy,Delhi,Chennai,20:30,22:45,2.8,non-stop,45,4560,71.25,VALIDATED_NORMAL,5f04bcb18e64ab64
2026-09-17T23:06:07Z,2026-10-02,Friday,IndiGo,6E,6E-889,Economy,Chennai,Delhi,08:30,10:45,2.8,non-stop,14,9430,147.34,VALIDATED_NORMAL,65e844133a054b6b
2026-09-17T23:06:07Z,2026-09-25,Friday,Air India,AI,AI-719,Economy,Chennai,Delhi,20:30,22:45,5.3,1-stop,7,14470,226.09,VALIDATED_NORMAL,0ea1e4101d3edb51
2026-09-17T23:06:07Z,2026-10-18,Sunday,IndiGo,6E,6E-944,Economy,Delhi,Chennai,11:15,13:30,2.8,non-stop,30,5670,88.59,VALIDATED_NORMAL,a8d2fdaf49e823ee
2026-09-17T23:06:07Z,2026-10-09,Friday,SpiceJet,SG,SG-498,Economy,Kolkata,Mumbai,20:30,22:45,2.6,non-stop,21,6220,97.19,VALIDATED_NORMAL,89d74a390032fd7b
2026-09-17T23:06:07Z,2026-09-19,Saturday,IndiGo,6E,6E-892,Economy,Hyderabad,Mumbai,04:30,06:45,1.5,non-stop,1,14790,231.09,VALIDATED_NORMAL,aa03c6760a447d6b
2026-09-17T23:06:39Z,2026-10-09,Friday,IndiGo,6E,6E-228,Economy,Bangalore,Mumbai,08:30,10:45,4.2,1-stop,21,4140,64.69,VALIDATED_NORMAL,3c46e63de523bdd4
2026-09-17T23:06:39Z,2026-09-20,Sunday,IndiGo,6E,6E-373,Economy,Bangalore,Hyderabad,14:45,17:00,1.1,non-stop,2,8870,138.59,VALIDATED_NORMAL,95e9dd2fbe594fef
2026-09-17T23:06:39Z,2026-11-02,Monday,Akasa Air,QP,QP-174,Premium Economy,Delhi,Kolkata,14:45,17:00,2.2,non-stop,45,6820,106.56,VALIDATED_NORMAL,3ee8a38f111101f6
2026-09-17T23:06:39Z,2026-09-20,Sunday,IndiGo,6E,6E-999,Economy,Bangalore,Delhi,14:45,17:00,5.2,1-stop,2,21590,337.34,VALIDATED_NORMAL,522ef44fb5285bf0
2026-09-17T23:06:39Z,2026-09-19,Saturday,Air India,AI,AI-771,Business,Kolkata,Delhi,14:45,17:00,2.2,non-stop,1,90460,1413.44,FLAGGED_SURGE,d7fb6316c4fcacbb
2026-09-17T23:06:39Z,2026-10-09,Friday,Air India,AI,AI-308,Economy,Bangalore,Hyderabad,18:00,20:15,1.1,non-stop,21,3160,49.38,VALIDATED_NORMAL,bb4172347cef01a7
2026-09-17T23:06:39Z,2026-09-20,Sunday,IndiGo,6E,6E-479,Business,Delhi,Kolkata,20:30,22:45,2.2,non-stop,2,65870,1029.22,FLAGGED_SURGE,750232a880b0242d
2026-09-17T23:06:39Z,2026-10-18,Sunday,SpiceJet,SG,SG-455,Economy,Bangalore,Hyderabad,11:15,13:30,1.1,non-stop,30,2090,32.66,VALIDATED_NORMAL,330ce704e8efd006
2026-09-17T23:06:39Z,2026-10-09,Friday,IndiGo,6E,6E-696,Economy,Mumbai,Delhi,11:15,13:30,4.6,1-stop,21,5590,87.34,VALIDATED_NORMAL,2e0f0f07be45eb65
2026-09-17T23:06:39Z,2026-09-19,Saturday,Akasa Air,QP,QP-307,Economy,Bangalore,Hyderabad,04:30,06:45,1.1,non-stop,1,9950,155.47,VALIDATED_NORMAL,8823511508138741
2026-09-17T23:06:39Z,2026-09-25,Friday,IndiGo,6E,6E-176,Economy,Chennai,Delhi,11:15,13:30,2.8,non-stop,7,14220,222.19,VALIDATED_NORMAL,15a0aea6a45ef2ec
2026-09-17T23:06:39Z,2026-11-02,Monday,IndiGo,6E,6E-570,Economy,Mumbai,Hyderabad,18:00,20:15,1.5,non-stop,45,2350,36.72,VALIDATED_NORMAL,41e5bae1747967ef
2026-09-17T23:06:39Z,2026-10-02,Friday,IndiGo,6E,6E-142,Economy,Bangalore,Hyderabad,04:30,06:45,3.6,1-stop,14,3700,57.81,VALIDATED_NORMAL,91f65a7a19f89a27
2026-09-17T23:06:39Z,2026-10-02,Friday,Vistara,UK,UK-344,Economy,Ahmedabad,Delhi,14:45,17:00,4.1,1-stop,14,5740,89.69,VALIDATED_NORMAL,45fc92246ae41ce4
2026-09-17T23:06:39Z,2026-10-03,Saturday,IndiGo,6E,6E-539,Economy,Ahmedabad,Delhi,14:45,17:00,1.6,non-stop,15,5340,83.44,VALIDATED_NORMAL,353ad39e9fdb9f1c
2026-09-17T23:06:39Z,2026-10-03,Saturday,IndiGo,6E,6E-949,Economy,Mumbai,Hyderabad,06:00,08:15,1.5,non-stop,15,5290,82.66,VALIDATED_NORMAL,13c17d27e1447ef9
2026-09-17T23:06:39Z,2026-09-20,Sunday,Air India,AI,AI-956,Premium Economy,Delhi,Bangalore,11:15,13:30,2.7,non-stop,2,48570,758.91,FLAGGED_SURGE,3c108fb0cd84efd0
2026-09-17T23:06:39Z,2026-11-02,Monday,IndiGo,6E,6E-201,Premium Economy,Kolkata,Delhi,04:30,06:45,2.2,non-stop,45,7340,114.69,VALIDATED_NORMAL,e3543da7bc0dd72f
2026-09-17T23:07:39Z,2026-09-19,Saturday,Akasa Air,QP,QP-541,Economy,Delhi,Ahmedabad,04:30,06:45,1.6,non-stop,1,15590,243.59,VALIDATED_NORMAL,291ccb0e948ca799
2026-09-17T23:07:39Z,2026-09-25,Friday,Air India,AI,AI-355,Premium Economy,Ahmedabad,Delhi,20:30,22:45,1.6,non-stop,7,17060,266.56,VALIDATED_NORMAL,59604a03c1cf65e4
2026-09-17T23:07:39Z,2026-10-18,Sunday,IndiGo,6E,6E-862,Economy,Bangalore,Delhi,20:30,22:45,2.7,non-stop,30,5790,90.47,VALIDATED_NORMAL,18cc310c360cfc45
2026-09-17T23:07:39Z,2026-10-02,Friday,IndiGo,6E,6E-493,Economy,Bangalore,Mumbai,06:00,08:15,1.7,non-stop,14,6300,98.44,VALIDATED_NORMAL,d88987931c27bf36
2026-09-17T23:07:39Z,2026-10-18,Sunday,IndiGo,6E,6E-374,Economy,Bangalore,Delhi,18:00,20:15,5.2,1-stop,30,5240,81.88,VALIDATED_NORMAL,95b7d1f0bc4f7d59
2026-09-17T23:07:39Z,2026-10-09,Friday,IndiGo,6E,6E-172,Economy,Hyderabad,Mumbai,06:00,08:15,1.5,non-stop,21,4210,65.78,VALIDATED_NORMAL,8c9b2662a33a8fa0
2026-09-17T23:07:39Z,2026-10-09,Friday,IndiGo,6E,6E-229,Economy,Kolkata,Mumbai,06:00,08:15,2.6,non-stop,21,7320,114.38,VALIDATED_NORMAL,1cfe2cc214f5b3b9
2026-09-17T23:07:39Z,2026-09-20,Sunday,IndiGo,6E,6E-107,Economy,Bangalore,Mumbai,08:30,10:45,1.7,non-stop,2,13680,213.75,VALIDATED_NORMAL,85513022ea9f3875
2026-09-17T23:07:39Z,2026-09-19,Saturday,Akasa Air,QP,QP-220,Economy,Kolkata,Delhi,14:45,17:00,2.2,non-stop,1,21330,333.28,VALIDATED_NORMAL,8717faf37996b784
2026-09-17T23:07:39Z,2026-10-18,Sunday,IndiGo,6E,6E-330,Economy,Hyderabad,Mumbai,14:45,17:00,1.5,non-stop,30,3280,51.25,VALIDATED_NORMAL,fa40dc7c94352ad3
2026-09-17T23:07:39Z,2026-10-18,Sunday,IndiGo,6E,6E-241,Economy,Mumbai,Bangalore,18:00,20:15,1.7,non-stop,30,3330,52.03,VALIDATED_NORMAL,b8d55e9d9a1db274
2026-09-17T23:07:39Z,2026-09-20,Sunday,Vistara,UK,UK-105,Economy,Hyderabad,Mumbai,20:30,22:45,1.5,non-stop,2,14090,220.16,VALIDATED_NORMAL,1cf3b4016560fd37
2026-09-17T23:07:39Z,2026-09-25,Friday,IndiGo,6E,6E-896,Economy,Kolkata,Mumbai,06:00,08:15,2.6,non-stop,7,12180,190.31,VALIDATED_NORMAL,b1e7724b154a9def
2026-09-17T23:07:39Z,2026-09-25,Friday,IndiGo,6E,6E-463,Business,Ahmedabad,Delhi,11:15,13:30,1.6,non-stop,7,32490,507.66,FLAGGED_SURGE,e4518e02d6ca02e0
2026-09-17T23:07:39Z,2026-10-18,Sunday,IndiGo,6E,6E-499,Economy,Mumbai,Hyderabad,06:00,08:15,1.5,non-stop,30,3210,50.16,VALIDATED_NORMAL,96f32d7736a20327
2026-09-17T23:07:39Z,2026-09-25,Friday,IndiGo,6E,6E-465,Economy,Mumbai,Bangalore,14:45,17:00,1.7,non-stop,7,8510,132.97,VALIDATED_NORMAL,10e696df7466ec38
2026-09-17T23:07:39Z,2026-10-03,Saturday,Akasa Air,QP,QP-835,Economy,Hyderabad,Bangalore,11:15,13:30,1.1,non-stop,15,3640,56.88,VALIDATED_NORMAL,0f8014f8029ba80b
2026-09-17T23:07:39Z,2026-09-25,Friday,AirAsia,I5,I5-625,Economy,Kolkata,Mumbai,18:00,20:15,2.6,non-stop,7,11700,182.81,VALIDATED_NORMAL,eee0de2dcc76fe56
2026-09-17T23:08:39Z,2026-09-25,Friday,IndiGo,6E,6E-422,Economy,Delhi,Ahmedabad,18:00,20:15,1.6,non-stop,7,8550,133.59,VALIDATED_NORMAL,2fb5506cad10899d
2026-09-17T23:08:39Z,2026-10-02,Friday,Air India,AI,AI-264,Economy,Mumbai,Kolkata,04:30,06:45,2.6,non-stop,14,9440,147.5,VALIDATED_NORMAL,f32f4ba1014a6fd8
2026-09-17T23:08:39Z,2026-10-03,Saturday,IndiGo,6E,6E-571,Economy,Kolkata,Mumbai,04:30,06:45,2.6,non-stop,15,9400,146.88,VALIDATED_NORMAL,5e859c45657a844f
2026-09-17T23:08:39Z,2026-11-02,Monday,Air India,AI,AI-196,Economy,Ahmedabad,Delhi,06:00,08:15,1.6,non-stop,45,2970,46.41,VALIDATED_NORMAL,d151ccccc270f6f2
2026-09-17T23:08:39Z,2026-10-03,Saturday,IndiGo,6E,6E-241,Economy,Delhi,Kolkata,04:30,06:45,2.2,non-stop,15,7640,119.38,VALIDATED_NORMAL,46acc336787750c1
2026-09-17T23:08:39Z,2026-10-03,Saturday,AirAsia,I5,I5-849,Economy,Delhi,Chennai,18:00,20:15,2.8,non-stop,15,8560,133.75,VALIDATED_NORMAL,659ab371c2436740
2026-09-17T23:08:39Z,2026-09-25,Friday,Air India,AI,AI-762,Economy,Chennai,Delhi,04:30,06:45,2.8,non-stop,7,14580,227.81,VALIDATED_NORMAL,8c606812abbd1a1a
2026-09-17T23:08:39Z,2026-09-19,Saturday,IndiGo,6E,6E-693,Economy,Hyderabad,Mumbai,20:30,22:45,1.5,non-stop,1,15380,240.31,FLAGGED_SURGE,c95555f36340dde1
2026-09-17T23:08:39Z,2026-11-02,Monday,IndiGo,6E,6E-523,Economy,Delhi,Ahmedabad,18:00,20:15,4.1,1-stop,45,2390,37.34,VALIDATED_NORMAL,88c86bd90d9d5394
2026-09-17T23:08:39Z,2026-10-03,Saturday,IndiGo,6E,6E-535,Economy,Mumbai,Bangalore,20:30,22:45,1.7,non-stop,15,5650,88.28,VALIDATED_NORMAL,36243f6dff8da0a1
2026-09-17T23:08:39Z,2026-09-20,Sunday,IndiGo,6E,6E-859,Economy,Chennai,Delhi,06:00,08:15,2.8,non-stop,2,23310,364.22,FLAGGED_SURGE,59691eb746e20fd3
2026-09-17T23:08:39Z,2026-10-18,Sunday,IndiGo,6E,6E-748,Premium Economy,Delhi,Kolkata,08:30,10:45,2.2,non-stop,30,9390,146.72,VALIDATED_NORMAL,e2000b8287aa56df
2026-09-17T23:08:39Z,2026-10-09,Friday,IndiGo,6E,6E-703,Economy,Chennai,Delhi,08:30,10:45,2.8,non-stop,21,7880,123.12,VALIDATED_NORMAL,0ab6ac683a500f63
2026-09-17T23:08:39Z,2026-10-02,Friday,IndiGo,6E,6E-309,Economy,Mumbai,Delhi,04:30,06:45,2.1,non-stop,14,7280,113.75,VALIDATED_NORMAL,9b0bbf3d9c0fc116
2026-09-17T23:08:39Z,2026-10-18,Sunday,IndiGo,6E,6E-393,Economy,Delhi,Chennai,11:15,13:30,2.8,non-stop,30,5840,91.25,VALIDATED_NORMAL,72bfe50440b9e227
2026-09-17T23:08:39Z,2026-10-18,Sunday,IndiGo,6E,6E-300,Economy,Bangalore,Delhi,20:30,22:45,2.7,non-stop,30,5580,87.19,VALIDATED_NORMAL,ecf6e712f39e54e3
2026-09-17T23:08:39Z,2026-11-02,Monday,IndiGo,6E,6E-598,Premium Economy,Delhi,Bangalore,04:30,06:45,2.7,non-stop,45,9000,140.62,VALIDATED_NORMAL,84b9b56494e17d0a
2026-09-17T23:08:39Z,2026-10-09,Friday,IndiGo,6E,6E-585,Premium Economy,Bangalore,Delhi,11:15,13:30,2.7,non-stop,21,15880,248.13,FLAGGED_SURGE,8118926824f16bfc
2026-09-17T23:09:40Z,2026-10-03,Saturday,IndiGo,6E,6E-702,Premium Economy,Chennai,Delhi,08:30,10:45,2.8,non-stop,15,21480,335.62,VALIDATED_NORMAL,4c9bcdd0549d4cfd
2026-09-17T23:09:40Z,2026-09-19,Saturday,IndiGo,6E,6E-206,Economy,Delhi,Bangalore,06:00,08:15,2.7,non-stop,1,26620,415.94,VALIDATED_NORMAL,1644e17560705eb3
2026-09-17T23:09:40Z,2026-10-02,Friday,Akasa Air,QP,QP-654,Economy,Delhi,Chennai,20:30,22:45,2.8,non-stop,14,8700,135.94,VALIDATED_NORMAL,e377d389f611956b
2026-09-17T23:09:40Z,2026-10-03,Saturday,IndiGo,6E,6E-551,Economy,Delhi,Mumbai,14:45,17:00,4.6,1-stop,15,6940,108.44,VALIDATED_NORMAL,58c39ed98f46db01
2026-09-17T23:09:40Z,2026-09-20,Sunday,IndiGo,6E,6E-893,Economy,Mumbai,Kolkata,20:30,22:45,2.6,non-stop,2,21360,333.75,VALIDATED_NORMAL,1d811f5553a108e2
2026-09-17T23:09:40Z,2026-10-09,Friday,Air India,AI,AI-784,Economy,Chennai,Delhi,11:15,13:30,2.8,non-stop,21,8480,132.5,VALIDATED_NORMAL,cadea038f00f8a74
2026-09-17T23:09:40Z,2026-09-25,Friday,IndiGo,6E,6E-554,Economy,Hyderabad,Bangalore,11:15,13:30,1.1,non-stop,7,5170,80.78,VALIDATED_NORMAL,ac0f1c57f6e2a5c8
2026-09-17T23:09:40Z,2026-09-19,Saturday,IndiGo,6E,6E-879,Economy,Delhi,Bangalore,14:45,17:00,2.7,non-stop,1,27040,422.5,VALIDATED_NORMAL,ea8264090301694b
2026-09-17T23:09:40Z,2026-09-20,Sunday,IndiGo,6E,6E-703,Economy,Delhi,Mumbai,11:15,13:30,4.6,1-stop,2,16310,254.84,VALIDATED_NORMAL,fe48194564bac49a
2026-09-17T23:09:40Z,2026-11-02,Monday,IndiGo,6E,6E-110,Economy,Chennai,Delhi,20:30,22:45,2.8,non-stop,45,4460,69.69,VALIDATED_NORMAL,422f41b8605d5edb
2026-09-17T23:09:40Z,2026-10-09,Friday,IndiGo,6E,6E-806,Economy,Delhi,Ahmedabad,14:45,17:00,1.6,non-stop,21,4290,67.03,VALIDATED_NORMAL,4a5a651d87250af1
2026-09-17T23:09:40Z,2026-10-18,Sunday,IndiGo,6E,6E-757,Economy,Delhi,Bangalore,14:45,17:00,2.7,non-stop,30,5870,91.72,VALIDATED_NORMAL,9c1242b4aca2c0c4
2026-09-17T23:09:40Z,2026-09-25,Friday,Air India,AI,AI-653,Economy,Mumbai,Hyderabad,11:15,13:30,1.5,non-stop,7,8640,135.0,VALIDATED_NORMAL,23667d59cfa35718
2026-09-17T23:09:40Z,2026-09-19,Saturday,Vistara,UK,UK-532,Economy,Mumbai,Hyderabad,06:00,08:15,1.5,non-stop,1,16050,250.78,VALIDATED_NORMAL,d5adbe141d4b3d25
2026-09-17T23:09:40Z,2026-10-18,Sunday,IndiGo,6E,6E-592,Premium Economy,Hyderabad,Mumbai,11:15,13:30,1.5,non-stop,30,6130,95.78,VALIDATED_NORMAL,821104a9548da2e6
2026-09-17T23:09:40Z,2026-09-19,Saturday,IndiGo,6E,6E-286,Economy,Ahmedabad,Delhi,11:15,13:30,1.6,non-stop,1,15900,248.44,VALIDATED_NORMAL,f8f62851a0e570fd
2026-09-17T23:09:40Z,2026-10-03,Saturday,IndiGo,6E,6E-722,Economy,Delhi,Chennai,14:45,17:00,2.8,non-stop,15,10200,159.38,VALIDATED_NORMAL,3fe88028c25130d1
2026-09-17T23:09:40Z,2026-10-02,Friday,Vistara,UK,UK-312,Economy,Chennai,Delhi,06:00,08:15,2.8,non-stop,14,11040,172.5,VALIDATED_NORMAL,a578e0148b764f67
2026-09-17T23:10:40Z,2026-09-25,Friday,IndiGo,6E,6E-791,Economy,Chennai,Delhi,18:00,20:15,5.3,1-stop,7,13760,215.0,VALIDATED_NORMAL,d83237fb071bc7fa
2026-09-17T23:10:40Z,2026-10-03,Saturday,Vistara,UK,UK-840,Economy,Hyderabad,Mumbai,20:30,22:45,1.5,non-stop,15,5890,92.03,VALIDATED_NORMAL,3fd9f2a8419b2194
2026-09-17T23:10:40Z,2026-10-09,Friday,IndiGo,6E,6E-933,Economy,Mumbai,Bangalore,20:30,22:45,1.7,non-stop,21,4420,69.06,VALIDATED_NORMAL,1a8bd45c95df781d
2026-09-17T23:10:40Z,2026-10-18,Sunday,IndiGo,6E,6E-821,Economy,Ahmedabad,Delhi,20:30,22:45,1.6,non-stop,30,6237,97.45,VALIDATED_NORMAL,addc3edec1d93c76
2026-09-17T23:10:40Z,2026-09-19,Saturday,IndiGo,6E,6E-140,Economy,Kolkata,Delhi,18:00,20:15,4.7,1-stop,1,19550,305.47,VALIDATED_NORMAL,de499d399a5fbf0a
2026-09-17T23:10:40Z,2026-09-25,Friday,IndiGo,6E,6E-509,Economy,Delhi,Mumbai,06:00,08:15,2.1,non-stop,7,11260,175.94,VALIDATED_NORMAL,47b6443b70e24e8a
2026-09-17T23:10:40Z,2026-09-25,Friday,IndiGo,6E,6E-892,Economy,Mumbai,Hyderabad,20:30,22:45,1.5,non-stop,7,7990,124.84,VALIDATED_NORMAL,17939988c7e1d187
2026-09-17T23:10:40Z,2026-10-02,Friday,Air India,AI,AI-765,Economy,Hyderabad,Bangalore,18:00,20:15,1.1,non-stop,14,4200,65.62,VALIDATED_NORMAL,8e9f50a3b947da09
2026-09-17T23:10:40Z,2026-10-03,Saturday,IndiGo,6E,6E-499,Economy,Delhi,Ahmedabad,06:00,08:15,4.1,1-stop,15,5140,80.31,VALIDATED_NORMAL,bdbb796de86dcd8f
2026-09-17T23:10:40Z,2026-09-20,Sunday,IndiGo,6E,6E-452,Economy,Mumbai,Delhi,14:45,17:00,2.1,non-stop,2,18390,287.34,VALIDATED_NORMAL,d0604676bce0be2a
2026-09-17T23:10:40Z,2026-10-03,Saturday,IndiGo,6E,6E-404,Economy,Bangalore,Mumbai,04:30,06:45,1.7,non-stop,15,5810,90.78,VALIDATED_NORMAL,7df33e5907202383
2026-09-17T23:10:40Z,2026-11-02,Monday,IndiGo,6E,6E-480,Business,Bangalore,Mumbai,06:00,08:15,1.7,non-stop,45,10730,167.66,VALIDATED_NORMAL,b26b26b1668cee2f
2026-09-17T23:10:40Z,2026-10-02,Friday,IndiGo,6E,6E-576,Economy,Mumbai,Bangalore,18:00,20:15,1.7,non-stop,14,5810,90.78,VALIDATED_NORMAL,514d38909819e78e
2026-09-17T23:10:40Z,2026-11-02,Monday,IndiGo,6E,6E-695,Economy,Mumbai,Kolkata,11:15,13:30,2.6,non-stop,45,4380,68.44,VALIDATED_NORMAL,c4a6629fe6b64b1f
2026-09-17T23:10:40Z,2026-10-03,Saturday,Akasa Air,QP,QP-635,Economy,Kolkata,Delhi,18:00,20:15,2.2,non-stop,15,7400,115.62,VALIDATED_NORMAL,9935649186693c12
2026-09-17T23:10:40Z,2026-10-18,Sunday,IndiGo,6E,6E-541,Economy,Delhi,Chennai,04:30,06:45,2.8,non-stop,30,6010,93.91,VALIDATED_NORMAL,14de1c05ace59bca
2026-09-17T23:10:40Z,2026-10-03,Saturday,IndiGo,6E,6E-593,Premium Economy,Hyderabad,Mumbai,20:30,22:45,1.5,non-stop,15,11420,178.44,VALIDATED_NORMAL,dc71301d73231254
2026-09-17T23:10:40Z,2026-10-02,Friday,IndiGo,6E,6E-506,Economy,Bangalore,Hyderabad,06:00,08:15,1.1,non-stop,14,3680,57.5,VALIDATED_NORMAL,76c556f46552a21f
2026-09-17T23:11:40Z,2026-10-03,Saturday,Air India,AI,AI-334,Premium Economy,Kolkata,Delhi,11:15,13:30,2.2,non-stop,15,16180,252.81,VALIDATED_NORMAL,05e532271259c9a8
2026-09-17T23:11:40Z,2026-09-25,Friday,IndiGo,6E,6E-407,Economy,Bangalore,Delhi,06:00,08:15,5.2,1-stop,7,11940,186.56,VALIDATED_NORMAL,9d7ea7565daabc4e
2026-09-17T23:11:40Z,2026-10-02,Friday,Air India,AI,AI-232,Economy,Kolkata,Delhi,18:00,20:15,2.2,non-stop,14,8010,125.16,VALIDATED_NORMAL,9258144c95f811bd
2026-09-17T23:11:40Z,2026-09-19,Saturday,IndiGo,6E,6E-408,Business,Bangalore,Mumbai,14:45,17:00,1.7,non-stop,1,61680,963.75,FLAGGED_SURGE,de8094601982b225
2026-09-17T23:11:40Z,2026-09-19,Saturday,Air India,AI,AI-919,Economy,Hyderabad,Bangalore,08:30,10:45,3.6,1-stop,1,11700,182.81,VALIDATED_NORMAL,38f55d317218e336
2026-09-17T23:11:40Z,2026-11-02,Monday,Vistara,UK,UK-617,Economy,Delhi,Mumbai,04:30,06:45,2.1,non-stop,45,3720,58.13,VALIDATED_NORMAL,3442366789436cdb
2026-09-17T23:11:40Z,2026-10-03,Saturday,IndiGo,6E,6E-452,Business,Mumbai,Delhi,08:30,10:45,2.1,non-stop,15,29120,455.0,FLAGGED_SURGE,e382f8a94e3e5608
2026-09-17T23:11:40Z,2026-10-09,Friday,IndiGo,6E,6E-790,Economy,Hyderabad,Bangalore,11:15,13:30,1.1,non-stop,21,2820,44.06,VALIDATED_NORMAL,e5df980a24ff51e7
2026-09-17T23:11:40Z,2026-10-18,Sunday,Akasa Air,QP,QP-832,Economy,Chennai,Delhi,18:00,20:15,2.8,non-stop,30,5120,80.0,VALIDATED_NORMAL,f48a969c89ee911f
2026-09-17T23:11:40Z,2026-09-25,Friday,IndiGo,6E,6E-382,Economy,Delhi,Mumbai,06:00,08:15,2.1,non-stop,7,10810,168.91,VALIDATED_NORMAL,fac34901a07c48f5
2026-09-17T23:11:40Z,2026-10-18,Sunday,IndiGo,6E,6E-189,Economy,Delhi,Mumbai,04:30,06:45,2.1,non-stop,30,4510,70.47,VALIDATED_NORMAL,c5d3762ddaf2e7d4
2026-09-17T23:11:40Z,2026-09-20,Sunday,IndiGo,6E,6E-631,Economy,Hyderabad,Bangalore,06:00,08:15,1.1,non-stop,2,9460,147.81,VALIDATED_NORMAL,df5e4d39e8502b67
2026-09-17T23:11:40Z,2026-11-02,Monday,Vistara,UK,UK-724,Economy,Mumbai,Hyderabad,11:15,13:30,1.5,non-stop,45,2770,43.28,VALIDATED_NORMAL,351d172078dc1a18
2026-09-17T23:11:40Z,2026-11-02,Monday,IndiGo,6E,6E-350,Economy,Ahmedabad,Delhi,04:30,06:45,1.6,non-stop,45,2630,41.09,VALIDATED_NORMAL,4a44a7ee7cf3fcfd
2026-09-17T23:11:40Z,2026-09-25,Friday,Air India,AI,AI-811,Economy,Bangalore,Mumbai,04:30,06:45,1.7,non-stop,7,9790,152.97,VALIDATED_NORMAL,e16e423d53687239
2026-09-17T23:11:40Z,2026-10-18,Sunday,IndiGo,6E,6E-592,Economy,Hyderabad,Bangalore,04:30,06:45,1.1,non-stop,30,2360,36.88,VALIDATED_NORMAL,e0fdce0c96bf773b
2026-09-17T23:11:40Z,2026-09-20,Sunday,IndiGo,6E,6E-898,Economy,Ahmedabad,Delhi,20:30,22:45,1.6,non-stop,2,12790,199.84,VALIDATED_NORMAL,4598232751c1d6be
2026-09-17T23:11:40Z,2026-11-02,Monday,IndiGo,6E,6E-526,Economy,Bangalore,Hyderabad,04:30,06:45,1.1,non-stop,45,1700,26.56,VALIDATED_NORMAL,b10aa1d7b4aa47a0
2026-09-17T23:12:58Z,2026-10-02,Friday,IndiGo,6E,6E-609,Economy,Kolkata,Mumbai,06:00,08:15,2.6,non-stop,14,9360,146.25,VALIDATED_NORMAL,1cec750d10874067
2026-09-17T23:12:58Z,2026-10-09,Friday,Air India,AI,AI-479,Economy,Delhi,Bangalore,18:00,20:15,2.7,non-stop,21,17680,276.25,FLAGGED_SURGE,92f6434c56be1f15
2026-09-17T23:12:58Z,2026-10-02,Friday,SpiceJet,SG,SG-608,Economy,Hyderabad,Bangalore,18:00,20:15,1.1,non-stop,14,3810,59.53,VALIDATED_NORMAL,c1b83df77b02df95
2026-09-17T23:12:58Z,2026-09-25,Friday,IndiGo,6E,6E-893,Economy,Bangalore,Hyderabad,14:45,17:00,1.1,non-stop,7,5230,81.72,VALIDATED_NORMAL,b77628bdfe7b39b5
2026-09-17T23:12:58Z,2026-10-18,Sunday,IndiGo,6E,6E-842,Economy,Hyderabad,Bangalore,11:15,13:30,1.1,non-stop,30,2160,33.75,VALIDATED_NORMAL,cf06366a018cb2a1
2026-09-17T23:12:58Z,2026-10-03,Saturday,IndiGo,6E,6E-562,Economy,Delhi,Chennai,06:00,08:15,2.8,non-stop,15,9210,143.91,VALIDATED_NORMAL,714ea17aa3d7517b
2026-09-17T23:12:58Z,2026-10-09,Friday,IndiGo,6E,6E-171,Economy,Bangalore,Mumbai,20:30,22:45,1.7,non-stop,21,4880,76.25,VALIDATED_NORMAL,b55840cfd32da27e
2026-09-17T23:12:58Z,2026-10-02,Friday,IndiGo,6E,6E-154,Economy,Delhi,Chennai,08:30,10:45,2.8,non-stop,14,10500,164.06,VALIDATED_NORMAL,09e3cb129735fcc3
2026-09-17T23:12:58Z,2026-10-03,Saturday,Akasa Air,QP,QP-181,Economy,Ahmedabad,Delhi,18:00,20:15,1.6,non-stop,15,4730,73.91,VALIDATED_NORMAL,924f0f293fdf0185
2026-09-17T23:12:58Z,2026-10-09,Friday,IndiGo,6E,6E-262,Economy,Bangalore,Mumbai,04:30,06:45,1.7,non-stop,21,4600,71.88,VALIDATED_NORMAL,d34631ccd3a5d80c
2026-09-17T23:12:58Z,2026-10-18,Sunday,IndiGo,6E,6E-402,Economy,Mumbai,Hyderabad,20:30,22:45,1.5,non-stop,30,2930,45.78,VALIDATED_NORMAL,838c32de2cb2b835
2026-09-17T23:12:58Z,2026-10-18,Sunday,IndiGo,6E,6E-876,Economy,Delhi,Bangalore,14:45,17:00,2.7,non-stop,30,5780,90.31,VALIDATED_NORMAL,09190ec1a88afee6
2026-09-17T23:12:58Z,2026-11-02,Monday,Air India,AI,AI-877,Economy,Hyderabad,Mumbai,11:15,13:30,1.5,non-stop,45,2570,40.16,VALIDATED_NORMAL,cfd3ea05d02ae973
2026-09-17T23:12:58Z,2026-09-25,Friday,IndiGo,6E,6E-431,Economy,Delhi,Ahmedabad,20:30,22:45,1.6,non-stop,7,8070,126.09,VALIDATED_NORMAL,538b7327a361b2c8
2026-09-17T23:12:58Z,2026-11-02,Monday,IndiGo,6E,6E-666,Premium Economy,Mumbai,Bangalore,14:45,17:00,1.7,non-stop,45,5540,86.56,VALIDATED_NORMAL,c74640e784e59139
2026-09-17T23:12:58Z,2026-09-25,Friday,Akasa Air,QP,QP-415,Economy,Chennai,Delhi,06:00,08:15,2.8,non-stop,7,12160,190.0,VALIDATED_NORMAL,8195d729b0b842fc
2026-09-17T23:12:58Z,2026-10-03,Saturday,Akasa Air,QP,QP-647,Premium Economy,Hyderabad,Mumbai,20:30,22:45,1.5,non-stop,15,9280,145.0,VALIDATED_NORMAL,bed001de85153466
2026-09-17T23:12:58Z,2026-09-25,Friday,IndiGo,6E,6E-697,Economy,Mumbai,Bangalore,11:15,13:30,1.7,non-stop,7,8060,125.94,VALIDATED_NORMAL,5c54434401b14554
2026-09-17T23:13:39Z,2026-09-19,Saturday,IndiGo,6E,6E-847,Economy,Delhi,Kolkata,20:30,22:45,2.2,non-stop,1,23830,372.34,VALIDATED_NORMAL,a34cf37ea80c5556
2026-09-17T23:13:39Z,2026-09-19,Saturday,IndiGo,6E,6E-195,Economy,Mumbai,Kolkata,11:15,13:30,2.6,non-stop,1,27070,422.97,VALIDATED_NORMAL,56783f950f8a8968
2026-09-17T23:13:39Z,2026-09-25,Friday,IndiGo,6E,6E-411,Economy,Kolkata,Mumbai,11:15,13:30,2.6,non-stop,7,12380,193.44,VALIDATED_NORMAL,fe295386e36cfe88
2026-09-17T23:13:39Z,2026-09-20,Sunday,IndiGo,6E,6E-194,Economy,Delhi,Kolkata,20:30,22:45,2.2,non-stop,2,19000,296.88,VALIDATED_NORMAL,7498216ede449159
2026-09-17T23:13:39Z,2026-10-02,Friday,IndiGo,6E,6E-916,Economy,Hyderabad,Mumbai,14:45,17:00,1.5,non-stop,14,5450,85.16,VALIDATED_NORMAL,1b9fc3f8eaf14945
2026-09-17T23:13:39Z,2026-09-25,Friday,IndiGo,6E,6E-748,Economy,Bangalore,Hyderabad,08:30,10:45,1.1,non-stop,7,5890,92.03,VALIDATED_NORMAL,7294028de5a86916
2026-09-17T23:13:39Z,2026-09-25,Friday,Vistara,UK,UK-210,Economy,Kolkata,Delhi,20:30,22:45,4.7,1-stop,7,11900,185.94,VALIDATED_NORMAL,b68b6a2e53df8b96
2026-09-17T23:13:39Z,2026-10-02,Friday,IndiGo,6E,6E-715,Economy,Hyderabad,Mumbai,06:00,08:15,4.0,1-stop,14,5180,80.94,VALIDATED_NORMAL,8ed76c10a0ed88c2
2026-09-17T23:13:39Z,2026-10-18,Sunday,IndiGo,6E,6E-952,Economy,Bangalore,Delhi,08:30,10:45,2.7,non-stop,30,5690,88.91,VALIDATED_NORMAL,2dc12b787fb4478f
2026-09-17T23:13:39Z,2026-11-02,Monday,Akasa Air,QP,QP-676,Economy,Delhi,Chennai,04:30,06:45,5.3,1-stop,45,3760,58.75,VALIDATED_NORMAL,48897520e95d56ce
2026-09-17T23:13:39Z,2026-10-02,Friday,IndiGo,6E,6E-980,Economy,Bangalore,Hyderabad,20:30,22:45,1.1,non-stop,14,8095,126.48,VALIDATED_NORMAL,229e1d5f2195682e
2026-09-17T23:13:39Z,2026-11-02,Monday,IndiGo,6E,6E-467,Economy,Mumbai,Bangalore,14:45,17:00,1.7,non-stop,45,2850,44.53,VALIDATED_NORMAL,a730e5e552f3a65b
2026-09-17T23:13:39Z,2026-11-02,Monday,Air India,AI,AI-724,Premium Economy,Hyderabad,Bangalore,11:15,13:30,1.1,non-stop,45,3900,60.94,VALIDATED_NORMAL,455904d196e83881
2026-09-17T23:13:39Z,2026-09-25,Friday,IndiGo,6E,6E-992,Economy,Chennai,Delhi,06:00,08:15,2.8,non-stop,7,14940,233.44,VALIDATED_NORMAL,faf07719b06e93ee
2026-09-17T23:13:39Z,2026-10-09,Friday,IndiGo,6E,6E-441,Economy,Mumbai,Delhi,20:30,22:45,2.1,non-stop,21,5800,90.62,VALIDATED_NORMAL,afef8edb9eea20a2
2026-09-17T23:13:39Z,2026-10-18,Sunday,Vistara,UK,UK-451,Economy,Bangalore,Mumbai,06:00,08:15,1.7,non-stop,30,4140,64.69,VALIDATED_NORMAL,7e4dc1da0dad6aa3
2026-09-17T23:13:39Z,2026-11-02,Monday,IndiGo,6E,6E-775,Economy,Mumbai,Kolkata,18:00,20:15,2.6,non-stop,45,4340,67.81,VALIDATED_NORMAL,fc6ebe24f9817797
2026-09-17T23:13:39Z,2026-09-19,Saturday,Air India,AI,AI-931,Economy,Hyderabad,Mumbai,14:45,17:00,1.5,non-stop,1,15670,244.84,VALIDATED_NORMAL,6d4d889552686c40
2026-09-17T23:14:39Z,2026-10-18,Sunday,Vistara,UK,UK-473,Economy,Delhi,Kolkata,11:15,13:30,2.2,non-stop,30,5290,82.66,VALIDATED_NORMAL,1a7abdc072f0a711
2026-09-17T23:14:39Z,2026-11-02,Monday,IndiGo,6E,6E-998,Business,Bangalore,Delhi,14:45,17:00,2.7,non-stop,45,15930,248.91,FLAGGED_SURGE,3b0e73a495f7f5d3
2026-09-17T23:14:39Z,2026-10-03,Saturday,IndiGo,6E,6E-721,Economy,Delhi,Kolkata,20:30,22:45,2.2,non-stop,15,7830,122.34,VALIDATED_NORMAL,ee940e9fcc709488
2026-09-17T23:14:39Z,2026-11-02,Monday,IndiGo,6E,6E-476,Economy,Mumbai,Bangalore,04:30,06:45,1.7,non-stop,45,2850,44.53,VALIDATED_NORMAL,30a6ce96f28b72ac
2026-09-17T23:14:39Z,2026-09-25,Friday,IndiGo,6E,6E-528,Economy,Delhi,Chennai,20:30,22:45,2.8,non-stop,7,14420,225.31,FLAGGED_SURGE,660ad760450d0485
2026-09-17T23:14:39Z,2026-10-09,Friday,Akasa Air,QP,QP-866,Economy,Chennai,Delhi,14:45,17:00,2.8,non-stop,21,7270,113.59,VALIDATED_NORMAL,95fbd18c9a1a3a6f
2026-09-17T23:14:39Z,2026-10-09,Friday,AirAsia,I5,I5-929,Economy,Delhi,Ahmedabad,14:45,17:00,1.6,non-stop,21,3980,62.19,VALIDATED_NORMAL,b7fbf27594a92619
2026-09-17T23:14:39Z,2026-09-25,Friday,Akasa Air,QP,QP-284,Economy,Delhi,Ahmedabad,04:30,06:45,1.6,non-stop,7,7170,112.03,VALIDATED_NORMAL,ecb0c830794bf25a
2026-09-17T23:14:39Z,2026-10-09,Friday,IndiGo,6E,6E-777,Economy,Mumbai,Delhi,20:30,22:45,2.1,non-stop,21,5980,93.44,VALIDATED_NORMAL,40b5b15724d031fc
2026-09-17T23:14:39Z,2026-11-02,Monday,Air India,AI,AI-604,Economy,Mumbai,Kolkata,14:45,17:00,5.1,1-stop,45,4290,67.03,VALIDATED_NORMAL,19c2649e26904104
2026-09-17T23:14:39Z,2026-10-02,Friday,IndiGo,6E,6E-370,Economy,Bangalore,Mumbai,20:30,22:45,1.7,non-stop,14,5790,90.47,VALIDATED_NORMAL,277f89b1993fedb7
2026-09-17T23:14:39Z,2026-10-18,Sunday,Vistara,UK,UK-351,Economy,Bangalore,Mumbai,08:30,10:45,1.7,non-stop,30,3880,60.62,VALIDATED_NORMAL,b4157133db332df1
2026-09-17T23:14:39Z,2026-11-02,Monday,IndiGo,6E,6E-996,Economy,Bangalore,Mumbai,06:00,08:15,1.7,non-stop,45,2790,43.59,VALIDATED_NORMAL,dd5cb04a3fee88c8
2026-09-17T23:14:39Z,2026-10-02,Friday,Vistara,UK,UK-958,Economy,Mumbai,Hyderabad,14:45,17:00,1.5,non-stop,14,6370,99.53,VALIDATED_NORMAL,5940d5b644a3e001
2026-09-17T23:14:39Z,2026-11-02,Monday,IndiGo,6E,6E-687,Economy,Delhi,Chennai,11:15,13:30,2.8,non-stop,45,4380,68.44,VALIDATED_NORMAL,29e98112b71cccd5
2026-09-17T23:14:39Z,2026-10-18,Sunday,IndiGo,6E,6E-386,Economy,Kolkata,Mumbai,04:30,06:45,2.6,non-stop,30,5360,83.75,VALIDATED_NORMAL,2a10455fe6f6a0a4
2026-09-17T23:14:39Z,2026-09-19,Saturday,IndiGo,6E,6E-718,Economy,Kolkata,Delhi,14:45,17:00,2.2,non-stop,1,20760,324.38,FLAGGED_SURGE,e465e6a525455d92
2026-09-17T23:14:39Z,2026-09-19,Saturday,IndiGo,6E,6E-515,Economy,Delhi,Chennai,11:15,13:30,2.8,non-stop,1,26920,420.62,FLAGGED_SURGE,cbcb7ed3fbc6b124
2026-09-17T23:15:39Z,2026-09-25,Friday,IndiGo,6E,6E-325,Economy,Bangalore,Hyderabad,20:30,22:45,1.1,non-stop,7,5480,85.62,VALIDATED_NORMAL,0535e58c0e71606e
2026-09-17T23:15:39Z,2026-10-03,Saturday,IndiGo,6E,6E-726,Economy,Delhi,Ahmedabad,14:45,17:00,1.6,non-stop,15,5370,83.91,VALIDATED_NORMAL,6e0a5a1a2d3976c3
2026-09-17T23:15:39Z,2026-10-02,Friday,IndiGo,6E,6E-280,Economy,Bangalore,Delhi,18:00,20:15,2.7,non-stop,14,10280,160.62,VALIDATED_NORMAL,21aa1075e8a6b501
2026-09-17T23:15:39Z,2026-11-02,Monday,IndiGo,6E,6E-794,Economy,Bangalore,Mumbai,08:30,10:45,1.7,non-stop,45,2620,40.94,VALIDATED_NORMAL,6bc3c57e5930e953
2026-09-17T23:15:39Z,2026-10-03,Saturday,IndiGo,6E,6E-550,Economy,Mumbai,Bangalore,14:45,17:00,1.7,non-stop,15,6060,94.69,VALIDATED_NORMAL,c757070ae0688db6
2026-09-17T23:15:39Z,2026-10-03,Saturday,Air India,AI,AI-277,Economy,Hyderabad,Bangalore,18:00,20:15,1.1,non-stop,15,4370,68.28,VALIDATED_NORMAL,d8419b5f98a2514a
2026-09-17T23:15:39Z,2026-10-03,Saturday,IndiGo,6E,6E-566,Economy,Bangalore,Mumbai,20:30,22:45,1.7,non-stop,15,6040,94.38,VALIDATED_NORMAL,3b7abf71e73be10f
2026-09-17T23:15:39Z,2026-11-02,Monday,IndiGo,6E,6E-430,Economy,Bangalore,Hyderabad,11:15,13:30,1.1,non-stop,45,1680,26.25,VALIDATED_NORMAL,940e5080d1abdba2
2026-09-17T23:15:39Z,2026-09-19,Saturday,Air India,AI,AI-259,Economy,Hyderabad,Mumbai,08:30,10:45,1.5,non-stop,1,15630,244.22,VALIDATED_NORMAL,fa0f483377dadbc7
2026-09-17T23:15:39Z,2026-10-09,Friday,IndiGo,6E,6E-476,Economy,Hyderabad,Mumbai,20:30,22:45,1.5,non-stop,21,4320,67.5,VALIDATED_NORMAL,b30167ef4a54ba82
2026-09-17T23:15:39Z,2026-09-20,Sunday,IndiGo,6E,6E-732,Economy,Mumbai,Delhi,08:30,10:45,2.1,non-stop,2,16610,259.53,VALIDATED_NORMAL,777a11c8c67ab9d7
2026-09-17T23:15:39Z,2026-09-20,Sunday,Vistara,UK,UK-686,Economy,Chennai,Delhi,06:00,08:15,2.8,non-stop,2,24110,376.72,FLAGGED_SURGE,6f7abfe7d28725b2
2026-09-17T23:15:39Z,2026-10-02,Friday,IndiGo,6E,6E-737,Economy,Kolkata,Mumbai,06:00,08:15,2.6,non-stop,14,8700,135.94,VALIDATED_NORMAL,7594d4d781d24c40
2026-09-17T23:15:39Z,2026-09-19,Saturday,IndiGo,6E,6E-399,Premium Economy,Kolkata,Mumbai,06:00,08:15,2.6,non-stop,1,55290,863.91,FLAGGED_SURGE,1c9cb653569236de
2026-09-17T23:15:39Z,2026-10-09,Friday,AirAsia,I5,I5-713,Economy,Mumbai,Hyderabad,11:15,13:30,1.5,non-stop,21,3810,59.53,VALIDATED_NORMAL,02996932f24ff482
2026-09-17T23:15:39Z,2026-10-02,Friday,Akasa Air,QP,QP-981,Economy,Bangalore,Hyderabad,04:30,06:45,1.1,non-stop,14,3470,54.22,VALIDATED_NORMAL,826d21de25fa2384
2026-09-17T23:15:39Z,2026-10-03,Saturday,Vistara,UK,UK-194,Economy,Hyderabad,Bangalore,04:30,06:45,1.1,non-stop,15,4110,64.22,VALIDATED_NORMAL,1037bae85ab6cc8d
2026-09-17T23:15:39Z,2026-09-25,Friday,Akasa Air,QP,QP-156,Economy,Mumbai,Bangalore,20:30,22:45,1.7,non-stop,7,7540,117.81,VALIDATED_NORMAL,a629e3018c03d164
2026-09-17T23:16:40Z,2026-10-18,Sunday,SpiceJet,SG,SG-860,Economy,Delhi,Mumbai,18:00,20:15,2.1,non-stop,30,4140,64.69,VALIDATED_NORMAL,851bbf1aed65c66b
2026-09-17T23:16:40Z,2026-10-03,Saturday,IndiGo,6E,6E-766,Economy,Kolkata,Delhi,06:00,08:15,2.2,non-stop,15,7590,118.59,VALIDATED_NORMAL,9ab341322bb5e065
2026-09-17T23:16:40Z,2026-10-03,Saturday,IndiGo,6E,6E-402,Economy,Kolkata,Delhi,06:00,08:15,2.2,non-stop,15,7970,124.53,VALIDATED_NORMAL,16efe474343da9de
2026-09-17T23:16:40Z,2026-10-09,Friday,Air India,AI,AI-355,Economy,Delhi,Chennai,11:15,13:30,2.8,non-stop,21,8320,130.0,VALIDATED_NORMAL,812931cea0e88f7c
2026-09-17T23:16:40Z,2026-10-03,Saturday,Air India,AI,AI-740,Economy,Mumbai,Hyderabad,08:30,10:45,4.0,1-stop,15,5310,82.97,VALIDATED_NORMAL,ed17d9bca5428a26
2026-09-17T23:16:40Z,2026-10-09,Friday,IndiGo,6E,6E-928,Economy,Delhi,Kolkata,20:30,22:45,2.2,non-stop,21,5940,92.81,VALIDATED_NORMAL,18d9c5c557cf0428
2026-09-17T23:16:40Z,2026-10-18,Sunday,SpiceJet,SG,SG-950,Economy,Bangalore,Mumbai,11:15,13:30,1.7,non-stop,30,3510,54.84,VALIDATED_NORMAL,f962eee4cb92a793
2026-09-17T23:16:40Z,2026-10-02,Friday,IndiGo,6E,6E-869,Economy,Hyderabad,Mumbai,08:30,10:45,1.5,non-stop,14,5580,87.19,VALIDATED_NORMAL,7f953c64b9099d36
2026-09-17T23:16:40Z,2026-10-09,Friday,IndiGo,6E,6E-270,Economy,Mumbai,Kolkata,06:00,08:15,2.6,non-stop,21,7090,110.78,VALIDATED_NORMAL,11c189015d7068f4
2026-09-17T23:16:40Z,2026-10-02,Friday,Air India,AI,AI-744,Economy,Hyderabad,Bangalore,14:45,17:00,1.1,non-stop,14,4380,68.44,VALIDATED_NORMAL,f09efbd880adb924
2026-09-17T23:16:40Z,2026-10-02,Friday,Air India,AI,AI-527,Economy,Ahmedabad,Delhi,18:00,20:15,1.6,non-stop,14,6470,101.09,VALIDATED_NORMAL,35cfa99b95f1782a
2026-09-17T23:16:40Z,2026-10-03,Saturday,IndiGo,6E,6E-683,Economy,Delhi,Mumbai,11:15,13:30,2.1,non-stop,15,7630,119.22,VALIDATED_NORMAL,e6ff76b4a2733f99
2026-09-17T23:16:40Z,2026-10-09,Friday,IndiGo,6E,6E-475,Economy,Delhi,Chennai,20:30,22:45,2.8,non-stop,21,7120,111.25,VALIDATED_NORMAL,5c9e5c7b686bd5ae
2026-09-17T23:16:40Z,2026-09-20,Sunday,IndiGo,6E,6E-961,Premium Economy,Bangalore,Mumbai,08:30,10:45,1.7,non-stop,2,29350,458.59,FLAGGED_SURGE,4b80d800289f3f6f
2026-09-17T23:16:40Z,2026-10-03,Saturday,IndiGo,6E,6E-498,Economy,Chennai,Delhi,20:30,22:45,2.8,non-stop,15,9300,145.31,VALIDATED_NORMAL,ce5af5de7995a41e
2026-09-17T23:16:40Z,2026-09-25,Friday,SpiceJet,SG,SG-556,Premium Economy,Ahmedabad,Delhi,08:30,10:45,4.1,1-stop,7,13690,213.91,FLAGGED_SURGE,430aa10b1d6f60d9
2026-09-17T23:16:40Z,2026-10-03,Saturday,IndiGo,6E,6E-124,Economy,Delhi,Ahmedabad,11:15,13:30,4.1,1-stop,15,5080,79.38,VALIDATED_NORMAL,aa468ebe378cd194
2026-09-17T23:16:40Z,2026-10-18,Sunday,Vistara,UK,UK-633,Economy,Mumbai,Hyderabad,14:45,17:00,1.5,non-stop,30,3390,52.97,VALIDATED_NORMAL,1afc34c401196e9d
2026-09-17T23:17:58Z,2026-09-19,Saturday,IndiGo,6E,6E-367,Economy,Bangalore,Mumbai,14:45,17:00,1.7,non-stop,1,17100,267.19,VALIDATED_NORMAL,190aa236dd75414f
2026-09-17T23:17:58Z,2026-10-03,Saturday,Air India,AI,AI-200,Premium Economy,Delhi,Mumbai,18:00,20:15,2.1,non-stop,15,17180,268.44,VALIDATED_NORMAL,c7e26b85956a3800
2026-09-17T23:17:58Z,2026-10-02,Friday,Vistara,UK,UK-692,Business,Delhi,Mumbai,20:30,22:45,2.1,non-stop,14,32880,513.75,VALIDATED_NORMAL,962a549d72bb1a44
2026-09-17T23:17:58Z,2026-11-02,Monday,Air India,AI,AI-958,Economy,Chennai,Delhi,08:30,10:45,2.8,non-stop,45,4920,76.88,VALIDATED_NORMAL,be3b3669a5ff0436
2026-09-17T23:17:58Z,2026-10-02,Friday,Vistara,UK,UK-251,Economy,Delhi,Ahmedabad,14:45,17:00,1.6,non-stop,14,6470,101.09,VALIDATED_NORMAL,6da42fff60339729
2026-09-17T23:17:58Z,2026-09-25,Friday,AirAsia,I5,I5-972,Economy,Chennai,Delhi,11:15,13:30,2.8,non-stop,7,13720,214.37,VALIDATED_NORMAL,8399b0877c06827e
2026-09-17T23:17:58Z,2026-09-19,Saturday,IndiGo,6E,6E-699,Premium Economy,Ahmedabad,Delhi,06:00,08:15,1.6,non-stop,1,33450,522.66,VALIDATED_NORMAL,0162def24a6581fb
2026-09-17T23:17:58Z,2026-09-19,Saturday,IndiGo,6E,6E-669,Economy,Hyderabad,Bangalore,20:30,22:45,1.1,non-stop,1,10950,171.09,VALIDATED_NORMAL,84e462f86257ecbd
2026-09-17T23:17:58Z,2026-10-03,Saturday,Vistara,UK,UK-753,Economy,Mumbai,Bangalore,08:30,10:45,4.2,1-stop,15,5970,93.28,VALIDATED_NORMAL,a9883768d244b503
2026-09-17T23:17:58Z,2026-09-20,Sunday,IndiGo,6E,6E-885,Economy,Kolkata,Delhi,08:30,10:45,2.2,non-stop,2,18640,291.25,VALIDATED_NORMAL,617b517c4b6ff1e9
2026-09-17T23:17:58Z,2026-11-02,Monday,Air India,AI,AI-605,Premium Economy,Kolkata,Delhi,08:30,10:45,2.2,non-stop,45,8140,127.19,VALIDATED_NORMAL,814a94c83fa15ca7
2026-09-17T23:17:58Z,2026-10-09,Friday,IndiGo,6E,6E-444,Economy,Mumbai,Bangalore,18:00,20:15,1.7,non-stop,21,4380,68.44,VALIDATED_NORMAL,9057568370b3459b
2026-09-17T23:17:58Z,2026-10-18,Sunday,IndiGo,6E,6E-618,Economy,Kolkata,Delhi,18:00,20:15,2.2,non-stop,30,4540,70.94,VALIDATED_NORMAL,643056a859ca812c
2026-09-17T23:17:58Z,2026-09-19,Saturday,IndiGo,6E,6E-551,Economy,Mumbai,Delhi,06:00,08:15,2.1,non-stop,1,21090,329.53,VALIDATED_NORMAL,be9f1778efbbf525
2026-09-17T23:17:58Z,2026-10-09,Friday,IndiGo,6E,6E-536,Economy,Ahmedabad,Delhi,04:30,06:45,4.1,1-stop,21,3790,59.22,VALIDATED_NORMAL,15f7497ab758f4a2
2026-09-17T23:17:58Z,2026-09-20,Sunday,IndiGo,6E,6E-780,Economy,Bangalore,Hyderabad,20:30,22:45,1.1,non-stop,2,9290,145.16,VALIDATED_NORMAL,c29dfb58d3b9e554
2026-09-17T23:17:58Z,2026-09-19,Saturday,Vistara,UK,UK-906,Economy,Hyderabad,Bangalore,14:45,17:00,1.1,non-stop,1,12540,195.94,VALIDATED_NORMAL,89ad78791333132b
2026-09-17T23:17:58Z,2026-09-25,Friday,IndiGo,6E,6E-919,Economy,Delhi,Bangalore,18:00,20:15,2.7,non-stop,7,12710,198.59,VALIDATED_NORMAL,3c6d6d1bb252587d
2026-09-17T23:18:58Z,2026-10-09,Friday,Vistara,UK,UK-381,Business,Delhi,Chennai,08:30,10:45,2.8,non-stop,21,32680,510.62,VALIDATED_NORMAL,7e44a6d79f0c8963
2026-09-17T23:18:58Z,2026-10-09,Friday,IndiGo,6E,6E-406,Economy,Mumbai,Kolkata,04:30,06:45,2.6,non-stop,21,7100,110.94,VALIDATED_NORMAL,0d5c423988ca6d34
2026-09-17T23:18:58Z,2026-09-19,Saturday,IndiGo,6E,6E-817,Economy,Bangalore,Mumbai,04:30,06:45,1.7,non-stop,1,18200,284.38,VALIDATED_NORMAL,2ddac6b5432f68c9
2026-09-17T23:18:58Z,2026-10-18,Sunday,Vistara,UK,UK-225,Economy,Hyderabad,Bangalore,08:30,10:45,1.1,non-stop,30,2440,38.12,VALIDATED_NORMAL,7ea23c80e4b3d324
2026-09-17T23:18:58Z,2026-10-03,Saturday,Air India,AI,AI-983,Business,Chennai,Delhi,08:30,10:45,2.8,non-stop,15,38580,602.81,FLAGGED_SURGE,f73d5ab34287e55e
2026-09-17T23:18:58Z,2026-10-03,Saturday,IndiGo,6E,6E-817,Economy,Ahmedabad,Delhi,14:45,17:00,4.1,1-stop,15,5120,80.0,VALIDATED_NORMAL,2cef81938d14da12
2026-09-17T23:18:58Z,2026-09-25,Friday,IndiGo,6E,6E-918,Economy,Kolkata,Delhi,14:45,17:00,2.2,non-stop,7,10690,167.03,VALIDATED_NORMAL,61c2fbc89807da7b
2026-09-17T23:18:58Z,2026-10-02,Friday,IndiGo,6E,6E-516,Economy,Mumbai,Bangalore,08:30,10:45,1.7,non-stop,14,6100,95.31,VALIDATED_NORMAL,e87b40bfe94aa8e3
2026-09-17T23:18:58Z,2026-09-20,Sunday,SpiceJet,SG,SG-245,Economy,Kolkata,Delhi,18:00,20:15,2.2,non-stop,2,17300,270.31,VALIDATED_NORMAL,5f3963e77ec3dee4
2026-09-17T23:18:58Z,2026-11-02,Monday,IndiGo,6E,6E-914,Economy,Mumbai,Hyderabad,11:15,13:30,1.5,non-stop,45,2330,36.41,VALIDATED_NORMAL,dc9fa7df8770ed64
2026-09-17T23:18:58Z,2026-10-03,Saturday,AirAsia,I5,I5-548,Economy,Kolkata,Mumbai,14:45,17:00,2.6,non-stop,15,8600,134.38,VALIDATED_NORMAL,f3b357d624277b6e
2026-09-17T23:18:58Z,2026-10-18,Sunday,IndiGo,6E,6E-778,Economy,Mumbai,Hyderabad,04:30,06:45,1.5,non-stop,30,3320,51.88,VALIDATED_NORMAL,a396b7737717243b
2026-09-17T23:18:58Z,2026-09-19,Saturday,IndiGo,6E,6E-606,Economy,Bangalore,Delhi,20:30,22:45,2.7,non-stop,1,25590,399.84,VALIDATED_NORMAL,6d4a29591df2aace
2026-09-17T23:18:58Z,2026-10-18,Sunday,Akasa Air,QP,QP-486,Economy,Kolkata,Delhi,20:30,22:45,2.2,non-stop,30,4230,66.09,VALIDATED_NORMAL,4d57d50cf24c80f2
2026-09-17T23:18:58Z,2026-09-19,Saturday,IndiGo,6E,6E-104,Economy,Mumbai,Bangalore,08:30,10:45,1.7,non-stop,1,18350,286.72,VALIDATED_NORMAL,6c04c0570901ef1e
2026-09-17T23:18:58Z,2026-09-20,Sunday,Air India,AI,AI-849,Economy,Kolkata,Mumbai,18:00,20:15,2.6,non-stop,2,23930,373.91,VALIDATED_NORMAL,cfd0e8174f0d5c16
2026-09-17T23:18:58Z,2026-10-09,Friday,IndiGo,6E,6E-905,Premium Economy,Hyderabad,Mumbai,11:15,13:30,1.5,non-stop,21,8450,132.03,VALIDATED_NORMAL,8b5c4f4d99407ac9
2026-09-17T23:18:58Z,2026-09-20,Sunday,IndiGo,6E,6E-968,Economy,Bangalore,Hyderabad,20:30,22:45,1.1,non-stop,2,8960,140.0,VALIDATED_NORMAL,2a9797e998fd3dbd
2026-09-17T23:19:38Z,2026-09-19,Saturday,IndiGo,6E,6E-408,Economy,Kolkata,Delhi,11:15,13:30,2.2,non-stop,1,22970,358.91,VALIDATED_NORMAL,413a36dc055622fe
2026-09-17T23:19:38Z,2026-11-02,Monday,Air India,AI,AI-944,Economy,Delhi,Kolkata,18:00,20:15,2.2,non-stop,45,3750,58.59,VALIDATED_NORMAL,29af93e21630b871
2026-09-17T23:19:38Z,2026-10-03,Saturday,Air India,AI,AI-717,Business,Kolkata,Delhi,06:00,08:15,2.2,non-stop,15,32150,502.34,VALIDATED_NORMAL,be7dae5bcb877ac0
2026-09-17T23:19:38Z,2026-10-03,Saturday,IndiGo,6E,6E-433,Economy,Bangalore,Hyderabad,11:15,13:30,1.1,non-stop,15,4020,62.81,VALIDATED_NORMAL,44edb49e17e98631
2026-09-17T23:19:38Z,2026-10-18,Sunday,IndiGo,6E,6E-551,Economy,Delhi,Ahmedabad,18:00,20:15,1.6,non-stop,30,3430,53.59,VALIDATED_NORMAL,58aa5998ce09eedc
2026-09-17T23:19:38Z,2026-09-19,Saturday,IndiGo,6E,6E-243,Economy,Chennai,Delhi,14:45,17:00,2.8,non-stop,1,29240,456.87,VALIDATED_NORMAL,f155d5bc12305269
2026-09-17T23:19:38Z,2026-09-25,Friday,SpiceJet,SG,SG-754,Economy,Mumbai,Bangalore,11:15,13:30,1.7,non-stop,7,7590,118.59,VALIDATED_NORMAL,9d03106d29824d46
2026-09-17T23:19:38Z,2026-09-20,Sunday,Vistara,UK,UK-854,Economy,Mumbai,Kolkata,11:15,13:30,2.6,non-stop,2,24540,383.44,VALIDATED_NORMAL,1155ce13e7ccd24a
2026-09-17T23:19:38Z,2026-10-18,Sunday,SpiceJet,SG,SG-419,Economy,Kolkata,Delhi,08:30,10:45,2.2,non-stop,30,4140,64.69,VALIDATED_NORMAL,eb50ef23fa07097f
2026-09-17T23:19:38Z,2026-10-03,Saturday,IndiGo,6E,6E-962,Economy,Delhi,Ahmedabad,11:15,13:30,4.1,1-stop,15,5040,78.75,VALIDATED_NORMAL,b08a73c5ac6009dc
2026-09-17T23:19:38Z,2026-10-09,Friday,Vistara,UK,UK-972,Economy,Delhi,Chennai,11:15,13:30,2.8,non-stop,21,8600,134.38,VALIDATED_NORMAL,fc241c8f4d1dcc6c
2026-09-17T23:19:38Z,2026-10-09,Friday,Vistara,UK,UK-702,Economy,Bangalore,Hyderabad,04:30,06:45,1.1,non-stop,21,3220,50.31,VALIDATED_NORMAL,4c21072addd1cc10
2026-09-17T23:19:38Z,2026-10-02,Friday,IndiGo,6E,6E-325,Economy,Bangalore,Mumbai,20:30,22:45,1.7,non-stop,14,6510,101.72,VALIDATED_NORMAL,acbc41957250a9cc
2026-09-17T23:19:38Z,2026-09-20,Sunday,Air India,AI,AI-443,Economy,Hyderabad,Bangalore,06:00,08:15,3.6,1-stop,2,8840,138.12,VALIDATED_NORMAL,fdd8bb7ef2c67248
2026-09-17T23:19:38Z,2026-10-09,Friday,IndiGo,6E,6E-873,Economy,Mumbai,Bangalore,20:30,22:45,1.7,non-stop,21,4560,71.25,VALIDATED_NORMAL,522e46fee6c7f3c4
2026-09-17T23:19:38Z,2026-11-02,Monday,AirAsia,I5,I5-952,Economy,Chennai,Delhi,20:30,22:45,2.8,non-stop,45,3960,61.88,VALIDATED_NORMAL,4d69cefc8e401a2c
2026-09-17T23:19:38Z,2026-09-20,Sunday,IndiGo,6E,6E-490,Economy,Mumbai,Hyderabad,08:30,10:45,1.5,non-stop,2,12340,192.81,VALIDATED_NORMAL,cb26fb4cbaff3eaf
2026-09-17T23:19:38Z,2026-09-20,Sunday,IndiGo,6E,6E-232,Economy,Kolkata,Mumbai,06:00,08:15,2.6,non-stop,2,20930,327.03,VALIDATED_NORMAL,2924c99e7c6bc84d
2026-09-17T23:19:38Z,2026-09-25,Friday,SpiceJet,SG,SG-484,Economy,Hyderabad,Bangalore,18:00,20:15,1.1,non-stop,7,5070,79.22,VALIDATED_NORMAL,740efb24826d8c10
2026-09-17T23:19:38Z,2026-09-25,Friday,IndiGo,6E,6E-994,Premium Economy,Hyderabad,Mumbai,08:30,10:45,1.5,non-stop,7,15280,238.75,VALIDATED_NORMAL,bf17c46906dfa9a1
2026-09-17T23:19:38Z,2026-11-02,Monday,SpiceJet,SG,SG-446,Economy,Kolkata,Mumbai,11:15,13:30,5.1,1-stop,45,3470,54.22,VALIDATED_NORMAL,734f726e46113307
2026-09-17T23:19:38Z,2026-09-20,Sunday,IndiGo,6E,6E-124,Economy,Delhi,Chennai,20:30,22:45,2.8,non-stop,2,23130,361.41,VALIDATED_NORMAL,db5ab056dd99a6fc
2026-09-17T23:19:38Z,2026-09-25,Friday,IndiGo,6E,6E-603,Economy,Kolkata,Mumbai,11:15,13:30,2.6,non-stop,7,13050,203.91,VALIDATED_NORMAL,357d11ddbe382013
2026-09-17T23:19:38Z,2026-09-25,Friday,Air India,AI,AI-124,Economy,Mumbai,Hyderabad,11:15,13:30,1.5,non-stop,7,8120,126.88,VALIDATED_NORMAL,dfebe5bd8823ff39
2026-09-17T23:20:39Z,2026-10-02,Friday,IndiGo,6E,6E-159,Economy,Delhi,Chennai,08:30,10:45,2.8,non-stop,14,9890,154.53,VALIDATED_NORMAL,a0cb8f8387fa04dd
2026-09-17T23:20:39Z,2026-09-19,Saturday,IndiGo,6E,6E-849,Economy,Chennai,Delhi,20:30,22:45,2.8,non-stop,1,27330,427.03,FLAGGED_SURGE,82b9379529180c5a
2026-09-17T23:20:39Z,2026-10-03,Saturday,IndiGo,6E,6E-163,Economy,Ahmedabad,Delhi,14:45,17:00,1.6,non-stop,15,5550,86.72,VALIDATED_NORMAL,512242b80c21ea4d
2026-09-17T23:20:39Z,2026-10-09,Friday,IndiGo,6E,6E-150,Economy,Delhi,Bangalore,11:15,13:30,2.7,non-stop,21,7370,115.16,VALIDATED_NORMAL,ad8d6ec11dd77bfd
2026-09-17T23:20:39Z,2026-10-03,Saturday,IndiGo,6E,6E-750,Economy,Mumbai,Kolkata,20:30,22:45,2.6,non-stop,15,8520,133.12,VALIDATED_NORMAL,65be17daec450987
2026-09-17T23:20:39Z,2026-10-18,Sunday,IndiGo,6E,6E-372,Economy,Bangalore,Delhi,14:45,17:00,2.7,non-stop,30,5930,92.66,VALIDATED_NORMAL,196d3e004f4a8b16
2026-09-17T23:20:39Z,2026-11-02,Monday,IndiGo,6E,6E-829,Economy,Ahmedabad,Delhi,14:45,17:00,1.6,non-stop,45,2610,40.78,VALIDATED_NORMAL,9651daf120b02b29
2026-09-17T23:20:39Z,2026-10-02,Friday,Air India,AI,AI-594,Economy,Kolkata,Mumbai,20:30,22:45,2.6,non-stop,14,9620,150.31,VALIDATED_NORMAL,54be133919612bbd
2026-09-17T23:20:39Z,2026-09-25,Friday,IndiGo,6E,6E-312,Economy,Mumbai,Delhi,18:00,20:15,2.1,non-stop,7,10940,170.94,VALIDATED_NORMAL,18afcc7add1a2ea3
2026-09-17T23:20:39Z,2026-10-03,Saturday,IndiGo,6E,6E-759,Economy,Mumbai,Kolkata,14:45,17:00,2.6,non-stop,15,9040,141.25,VALIDATED_NORMAL,b39dfd6d06038407
2026-09-17T23:20:39Z,2026-09-25,Friday,Vistara,UK,UK-239,Economy,Bangalore,Mumbai,08:30,10:45,1.7,non-stop,7,9130,142.66,VALIDATED_NORMAL,1f1bc6d3ac8903f8
2026-09-17T23:20:39Z,2026-10-18,Sunday,Air India,AI,AI-524,Economy,Bangalore,Mumbai,11:15,13:30,4.2,1-stop,30,3490,54.53,VALIDATED_NORMAL,f218e16ea51878f1
2026-09-17T23:20:39Z,2026-09-19,Saturday,IndiGo,6E,6E-372,Economy,Mumbai,Kolkata,06:00,08:15,2.6,non-stop,1,26170,408.91,FLAGGED_SURGE,b11b9e6d0498ab0e
2026-09-17T23:20:39Z,2026-09-20,Sunday,IndiGo,6E,6E-783,Economy,Mumbai,Kolkata,14:45,17:00,2.6,non-stop,2,21410,334.53,FLAGGED_SURGE,2e28e148a0fa382c
2026-09-17T23:20:39Z,2026-10-18,Sunday,Vistara,UK,UK-529,Economy,Bangalore,Hyderabad,08:30,10:45,1.1,non-stop,30,2650,41.41,VALIDATED_NORMAL,9a9e57635b01bc60
2026-09-17T23:20:39Z,2026-11-02,Monday,IndiGo,6E,6E-560,Economy,Mumbai,Bangalore,04:30,06:45,1.7,non-stop,45,2870,44.84,VALIDATED_NORMAL,de6f4d2ceece3d61
2026-09-17T23:20:39Z,2026-09-20,Sunday,IndiGo,6E,6E-241,Economy,Mumbai,Bangalore,04:30,06:45,1.7,non-stop,2,13580,212.19,VALIDATED_NORMAL,f49fe7c06939777b
2026-09-17T23:20:39Z,2026-10-03,Saturday,IndiGo,6E,6E-751,Economy,Hyderabad,Mumbai,06:00,08:15,1.5,non-stop,15,5220,81.56,VALIDATED_NORMAL,10b108448625daaf
2026-09-17T23:21:38Z,2026-10-09,Friday,IndiGo,6E,6E-335,Economy,Delhi,Mumbai,14:45,17:00,4.6,1-stop,21,5580,87.19,VALIDATED_NORMAL,743a4e1b5af967d9
2026-09-17T23:21:38Z,2026-10-18,Sunday,IndiGo,6E,6E-987,Economy,Hyderabad,Bangalore,08:30,10:45,1.1,non-stop,30,2360,36.88,VALIDATED_NORMAL,7e409ef7b53a37c5
2026-09-17T23:21:38Z,2026-11-02,Monday,Akasa Air,QP,QP-477,Economy,Bangalore,Hyderabad,04:30,06:45,1.1,non-stop,45,1620,25.31,VALIDATED_NORMAL,2297f6f8ba31bd5a
2026-09-17T23:21:38Z,2026-10-02,Friday,IndiGo,6E,6E-958,Economy,Bangalore,Delhi,06:00,08:15,5.2,1-stop,14,9100,142.19,VALIDATED_NORMAL,e83d1289ea48c67e
2026-09-17T23:21:38Z,2026-10-18,Sunday,SpiceJet,SG,SG-742,Premium Economy,Bangalore,Mumbai,18:00,20:15,1.7,non-stop,30,7170,112.03,VALIDATED_NORMAL,526222b48a305618
2026-09-17T23:21:38Z,2026-09-19,Saturday,Akasa Air,QP,QP-342,Economy,Delhi,Kolkata,06:00,08:15,2.2,non-stop,1,21100,329.69,FLAGGED_SURGE,521b5bc96a41b943
2026-09-17T23:21:38Z,2026-10-02,Friday,Vistara,UK,UK-743,Economy,Delhi,Ahmedabad,18:00,20:15,1.6,non-stop,14,6620,103.44,VALIDATED_NORMAL,c38f030d62d17f83
2026-09-17T23:21:38Z,2026-10-03,Saturday,IndiGo,6E,6E-969,Economy,Kolkata,Delhi,08:30,10:45,2.2,non-stop,15,7720,120.62,VALIDATED_NORMAL,15c88bf11c3c7614
2026-09-17T23:21:38Z,2026-10-18,Sunday,IndiGo,6E,6E-749,Economy,Delhi,Ahmedabad,14:45,17:00,1.6,non-stop,30,3510,54.84,VALIDATED_NORMAL,7d69d45933cbae81
2026-09-17T23:21:38Z,2026-09-19,Saturday,IndiGo,6E,6E-423,Economy,Kolkata,Mumbai,14:45,17:00,2.6,non-stop,1,52138,814.66,FLAGGED_SURGE,ebe37a30caa9ec11
2026-09-17T23:21:38Z,2026-11-02,Monday,Akasa Air,QP,QP-640,Economy,Delhi,Mumbai,06:00,08:15,2.1,non-stop,45,3140,49.06,VALIDATED_NORMAL,2f585719bf9d74d7
2026-09-17T23:21:38Z,2026-10-18,Sunday,Air India,AI,AI-137,Economy,Bangalore,Mumbai,06:00,08:15,1.7,non-stop,30,3580,55.94,VALIDATED_NORMAL,96289df3e0d314cf
2026-09-17T23:21:38Z,2026-10-18,Sunday,Air India,AI,AI-696,Economy,Mumbai,Delhi,14:45,17:00,4.6,1-stop,30,4560,71.25,VALIDATED_NORMAL,b085e30ed5c790f1
2026-09-17T23:21:38Z,2026-11-02,Monday,SpiceJet,SG,SG-667,Economy,Delhi,Kolkata,11:15,13:30,2.2,non-stop,45,3230,50.47,VALIDATED_NORMAL,40b51457d110f963
2026-09-17T23:21:38Z,2026-10-09,Friday,Vistara,UK,UK-719,Economy,Delhi,Chennai,20:30,22:45,2.8,non-stop,21,8240,128.75,VALIDATED_NORMAL,8add68f7c1696dcc
2026-09-17T23:21:38Z,2026-10-02,Friday,IndiGo,6E,6E-766,Economy,Kolkata,Delhi,04:30,06:45,2.2,non-stop,14,8200,128.12,VALIDATED_NORMAL,604c5d62771e91b8
2026-09-17T23:21:38Z,2026-09-19,Saturday,IndiGo,6E,6E-176,Premium Economy,Delhi,Kolkata,08:30,10:45,2.2,non-stop,1,44520,695.62,FLAGGED_SURGE,b04cd7eef0a38d4b
2026-09-17T23:21:38Z,2026-09-25,Friday,Vistara,UK,UK-547,Economy,Mumbai,Kolkata,06:00,08:15,2.6,non-stop,7,13870,216.72,VALIDATED_NORMAL,92599f3ee1ef8c4c
2026-09-17T23:22:38Z,2026-09-20,Sunday,IndiGo,6E,6E-186,Economy,Mumbai,Hyderabad,08:30,10:45,1.5,non-stop,2,12030,187.97,VALIDATED_NORMAL,e60c653b392ac620
2026-09-17T23:22:38Z,2026-09-20,Sunday,IndiGo,6E,6E-660,Economy,Delhi,Bangalore,11:15,13:30,2.7,non-stop,2,22470,351.09,VALIDATED_NORMAL,8808abe994e04628
2026-09-17T23:22:38Z,2026-09-19,Saturday,Air India,AI,AI-814,Economy,Kolkata,Mumbai,11:15,13:30,2.6,non-stop,1,28650,447.66,VALIDATED_NORMAL,2ead331d1793d3e5
2026-09-17T23:22:38Z,2026-09-20,Sunday,IndiGo,6E,6E-423,Economy,Kolkata,Delhi,18:00,20:15,2.2,non-stop,2,18020,281.56,VALIDATED_NORMAL,06f6778674bcfeb4
2026-09-17T23:22:38Z,2026-09-25,Friday,IndiGo,6E,6E-859,Premium Economy,Kolkata,Mumbai,08:30,10:45,2.6,non-stop,7,28320,442.5,VALIDATED_NORMAL,f65d25e4b6fd5083
2026-09-17T23:22:38Z,2026-10-02,Friday,IndiGo,6E,6E-930,Economy,Delhi,Ahmedabad,06:00,08:15,4.1,1-stop,14,4950,77.34,VALIDATED_NORMAL,169455c66194c0cd
2026-09-17T23:22:38Z,2026-10-18,Sunday,IndiGo,6E,6E-854,Economy,Delhi,Mumbai,08:30,10:45,2.1,non-stop,30,4600,71.88,VALIDATED_NORMAL,1c54d544cf432d1e
2026-09-17T23:22:38Z,2026-09-19,Saturday,IndiGo,6E,6E-112,Economy,Kolkata,Mumbai,06:00,08:15,2.6,non-stop,1,26320,411.25,VALIDATED_NORMAL,ebc01a1c404685ed
2026-09-17T23:22:38Z,2026-10-02,Friday,IndiGo,6E,6E-780,Economy,Delhi,Kolkata,08:30,10:45,4.7,1-stop,14,6890,107.66,VALIDATED_NORMAL,d15f1876d8f08812
2026-09-17T23:22:38Z,2026-10-02,Friday,IndiGo,6E,6E-588,Economy,Ahmedabad,Delhi,11:15,13:30,1.6,non-stop,14,5660,88.44,VALIDATED_NORMAL,d68eecb79ff22227
2026-09-17T23:22:38Z,2026-11-02,Monday,IndiGo,6E,6E-538,Economy,Delhi,Kolkata,14:45,17:00,4.7,1-stop,45,3460,54.06,VALIDATED_NORMAL,63e75dd54d69985a
2026-09-17T23:22:38Z,2026-10-18,Sunday,IndiGo,6E,6E-743,Economy,Delhi,Bangalore,11:15,13:30,2.7,non-stop,30,5320,83.12,VALIDATED_NORMAL,56c869d808e8bf1e
2026-09-17T23:22:38Z,2026-09-19,Saturday,IndiGo,6E,6E-219,Economy,Mumbai,Delhi,11:15,13:30,2.1,non-stop,1,20890,326.41,VALIDATED_NORMAL,f8b87db3530bc1cf
2026-09-17T23:22:38Z,2026-10-18,Sunday,Air India,AI,AI-887,Economy,Mumbai,Kolkata,06:00,08:15,2.6,non-stop,30,6180,96.56,VALIDATED_NORMAL,bbd431e8fbc810d7
2026-09-17T23:22:38Z,2026-09-19,Saturday,IndiGo,6E,6E-731,Economy,Delhi,Chennai,06:00,08:15,2.8,non-stop,1,27930,436.41,VALIDATED_NORMAL,e8f26627f3f4e537
2026-09-17T23:22:38Z,2026-10-03,Saturday,IndiGo,6E,6E-949,Economy,Mumbai,Hyderabad,20:30,22:45,1.5,non-stop,15,5350,83.59,VALIDATED_NORMAL,08acf56dfa3da77a
2026-09-17T23:22:38Z,2026-10-09,Friday,IndiGo,6E,6E-450,Economy,Hyderabad,Bangalore,08:30,10:45,1.1,non-stop,21,2790,43.59,VALIDATED_NORMAL,69c3dc87119e73fe
2026-09-17T23:22:38Z,2026-10-18,Sunday,IndiGo,6E,6E-794,Economy,Mumbai,Kolkata,08:30,10:45,2.6,non-stop,30,5360,83.75,VALIDATED_NORMAL,5ffc240240571fc8
2026-09-17T23:23:38Z,2026-10-02,Friday,IndiGo,6E,6E-348,Economy,Delhi,Mumbai,04:30,06:45,2.1,non-stop,14,7430,116.09,VALIDATED_NORMAL,9bb3ee97e5e7ed7b
2026-09-17T23:23:38Z,2026-11-02,Monday,Vistara,UK,UK-201,Economy,Ahmedabad,Delhi,08:30,10:45,1.6,non-stop,45,3050,47.66,VALIDATED_NORMAL,ee99a22c12240053
2026-09-17T23:23:38Z,2026-11-02,Monday,IndiGo,6E,6E-404,Economy,Mumbai,Delhi,11:15,13:30,2.1,non-stop,45,3390,52.97,VALIDATED_NORMAL,aaa282d3529b62f7
2026-09-17T23:23:38Z,2026-10-09,Friday,IndiGo,6E,6E-582,Economy,Mumbai,Bangalore,06:00,08:15,1.7,non-stop,21,4900,76.56,VALIDATED_NORMAL,a6be24d2846ce73f
2026-09-17T23:23:38Z,2026-11-02,Monday,IndiGo,6E,6E-711,Economy,Mumbai,Delhi,11:15,13:30,2.1,non-stop,45,3420,53.44,VALIDATED_NORMAL,a9c66c173f6b53ea
2026-09-17T23:23:38Z,2026-09-20,Sunday,IndiGo,6E,6E-781,Economy,Kolkata,Delhi,18:00,20:15,2.2,non-stop,2,18190,284.22,VALIDATED_NORMAL,c54e0bc1a38e2c63
2026-09-17T23:23:38Z,2026-10-18,Sunday,Air India,AI,AI-778,Economy,Bangalore,Mumbai,08:30,10:45,1.7,non-stop,30,3670,57.34,VALIDATED_NORMAL,29428037359450c1
2026-09-17T23:23:38Z,2026-11-02,Monday,Air India,AI,AI-144,Economy,Hyderabad,Bangalore,20:30,22:45,3.6,1-stop,45,1820,28.44,VALIDATED_NORMAL,fd860e526df6a780
2026-09-17T23:23:38Z,2026-10-03,Saturday,IndiGo,6E,6E-302,Economy,Mumbai,Delhi,14:45,17:00,4.6,1-stop,15,6700,104.69,VALIDATED_NORMAL,1580db6bc77c0d8e
2026-09-17T23:23:38Z,2026-09-25,Friday,Air India,AI,AI-719,Economy,Bangalore,Delhi,06:00,08:15,2.7,non-stop,7,14320,223.75,VALIDATED_NORMAL,f8ddd595a4520b2d
2026-09-17T23:23:38Z,2026-09-20,Sunday,Air India,AI,AI-548,Economy,Hyderabad,Bangalore,06:00,08:15,1.1,non-stop,2,9440,147.5,VALIDATED_NORMAL,92d6fd7c1e19da7c
2026-09-17T23:23:38Z,2026-11-02,Monday,IndiGo,6E,6E-488,Economy,Bangalore,Mumbai,20:30,22:45,1.7,non-stop,45,2700,42.19,VALIDATED_NORMAL,c5416d2abd34d4a1
2026-09-17T23:23:38Z,2026-10-03,Saturday,Air India,AI,AI-333,Economy,Hyderabad,Mumbai,11:15,13:30,1.5,non-stop,15,5500,85.94,VALIDATED_NORMAL,33992ecb56fad20e
2026-09-17T23:23:38Z,2026-10-02,Friday,IndiGo,6E,6E-399,Economy,Ahmedabad,Delhi,18:00,20:15,1.6,non-stop,14,6040,94.38,VALIDATED_NORMAL,4210ef0e2170a455
2026-09-17T23:23:38Z,2026-10-02,Friday,IndiGo,6E,6E-347,Economy,Delhi,Ahmedabad,18:00,20:15,1.6,non-stop,14,5580,87.19,VALIDATED_NORMAL,027adbbd9222e8bc
2026-09-17T23:23:38Z,2026-09-20,Sunday,IndiGo,6E,6E-336,Economy,Hyderabad,Bangalore,14:45,17:00,1.1,non-stop,2,9650,150.78,VALIDATED_NORMAL,bff760b0bf56eac4
2026-09-17T23:23:38Z,2026-10-02,Friday,IndiGo,6E,6E-257,Economy,Mumbai,Hyderabad,14:45,17:00,1.5,non-stop,14,5250,82.03,VALIDATED_NORMAL,6227d53a8405193c
2026-09-17T23:23:38Z,2026-09-20,Sunday,IndiGo,6E,6E-627,Economy,Delhi,Chennai,04:30,06:45,2.8,non-stop,2,24650,385.16,FLAGGED_SURGE,c611116c97f41536
2026-09-17T23:24:38Z,2026-10-09,Friday,IndiGo,6E,6E-720,Economy,Hyderabad,Mumbai,08:30,10:45,1.5,non-stop,21,4040,63.12,VALIDATED_NORMAL,a5b2f9bb418329d3
2026-09-17T23:24:38Z,2026-10-03,Saturday,IndiGo,6E,6E-624,Economy,Hyderabad,Mumbai,06:00,08:15,1.5,non-stop,15,5280,82.5,VALIDATED_NORMAL,b0455d5f8fa8313d
2026-09-17T23:24:38Z,2026-10-09,Friday,Air India,AI,AI-296,Economy,Delhi,Kolkata,18:00,20:15,2.2,non-stop,21,6720,105.0,VALIDATED_NORMAL,b52e469677d4198c
2026-09-17T23:24:38Z,2026-10-18,Sunday,IndiGo,6E,6E-676,Economy,Chennai,Delhi,06:00,08:15,2.8,non-stop,30,5880,91.88,VALIDATED_NORMAL,43eca0228216bb0a
2026-09-17T23:24:38Z,2026-10-18,Sunday,IndiGo,6E,6E-229,Economy,Bangalore,Delhi,18:00,20:15,2.7,non-stop,30,5480,85.62,VALIDATED_NORMAL,5dda702a684677fe
2026-09-17T23:24:38Z,2026-09-19,Saturday,IndiGo,6E,6E-361,Premium Economy,Chennai,Delhi,08:30,10:45,2.8,non-stop,1,61230,956.72,FLAGGED_SURGE,528c671d31d89004
2026-09-17T23:24:38Z,2026-10-02,Friday,IndiGo,6E,6E-212,Economy,Delhi,Mumbai,06:00,08:15,2.1,non-stop,14,7490,117.03,VALIDATED_NORMAL,d5adecac09c7e7d3
2026-09-17T23:24:38Z,2026-09-20,Sunday,IndiGo,6E,6E-369,Economy,Mumbai,Delhi,11:15,13:30,2.1,non-stop,2,16650,260.16,FLAGGED_SURGE,863baf92fca9ec4b
2026-09-17T23:24:38Z,2026-10-18,Sunday,IndiGo,6E,6E-799,Economy,Bangalore,Hyderabad,08:30,10:45,1.1,non-stop,30,2380,37.19,VALIDATED_NORMAL,2c20e5b1eae7252b
2026-09-17T23:24:38Z,2026-11-02,Monday,IndiGo,6E,6E-198,Economy,Mumbai,Delhi,18:00,20:15,2.1,non-stop,45,3410,53.28,VALIDATED_NORMAL,b7a1df835b4df42d
2026-09-17T23:24:38Z,2026-10-18,Sunday,IndiGo,6E,6E-429,Economy,Delhi,Bangalore,18:00,20:15,2.7,non-stop,30,5880,91.88,VALIDATED_NORMAL,438b7651fad0811e
2026-09-17T23:24:38Z,2026-10-18,Sunday,Vistara,UK,UK-621,Economy,Mumbai,Kolkata,08:30,10:45,2.6,non-stop,30,5750,89.84,VALIDATED_NORMAL,ea5c27145cc864bd
2026-09-17T23:24:38Z,2026-09-20,Sunday,Vistara,UK,UK-829,Economy,Bangalore,Hyderabad,08:30,10:45,1.1,non-stop,2,10480,163.75,VALIDATED_NORMAL,93ef098863eeb3ff
2026-09-17T23:24:38Z,2026-09-25,Friday,IndiGo,6E,6E-653,Economy,Mumbai,Hyderabad,11:15,13:30,1.5,non-stop,7,7830,122.34,VALIDATED_NORMAL,b5c8628b4e9e18c1
2026-09-17T23:24:38Z,2026-10-02,Friday,IndiGo,6E,6E-254,Economy,Kolkata,Mumbai,18:00,20:15,2.6,non-stop,14,9420,147.19,VALIDATED_NORMAL,229a3193a1f7b3f3
2026-09-17T23:24:38Z,2026-10-02,Friday,IndiGo,6E,6E-133,Economy,Mumbai,Bangalore,04:30,06:45,1.7,non-stop,14,6020,94.06,VALIDATED_NORMAL,a77bf796fc12b5ba
2026-09-17T23:24:38Z,2026-09-20,Sunday,Air India,AI,AI-801,Economy,Mumbai,Bangalore,14:45,17:00,1.7,non-stop,2,14400,225.0,VALIDATED_NORMAL,78ae11ed27097469
2026-09-17T23:24:38Z,2026-11-02,Monday,IndiGo,6E,6E-912,Premium Economy,Ahmedabad,Delhi,14:45,17:00,1.6,non-stop,45,5180,80.94,VALIDATED_NORMAL,eb99ee9e936e4ec8
2026-09-17T23:25:38Z,2026-09-20,Sunday,IndiGo,6E,6E-666,Economy,Kolkata,Delhi,18:00,20:15,2.2,non-stop,2,17460,272.81,VALIDATED_NORMAL,9c20b6f902e2411e
2026-09-17T23:25:38Z,2026-10-03,Saturday,IndiGo,6E,6E-932,Economy,Mumbai,Kolkata,04:30,06:45,2.6,non-stop,15,9110,142.34,VALIDATED_NORMAL,e27598309b609d71
2026-09-17T23:25:38Z,2026-10-18,Sunday,IndiGo,6E,6E-287,Economy,Mumbai,Bangalore,20:30,22:45,1.7,non-stop,30,3340,52.19,VALIDATED_NORMAL,3383e06ad8896055
2026-09-17T23:25:38Z,2026-09-25,Friday,IndiGo,6E,6E-311,Premium Economy,Mumbai,Bangalore,20:30,22:45,1.7,non-stop,7,17190,268.59,VALIDATED_NORMAL,01cfb99e628e2f6a
2026-09-17T23:25:38Z,2026-10-02,Friday,Vistara,UK,UK-125,Economy,Ahmedabad,Delhi,06:00,08:15,1.6,non-stop,14,6520,101.88,VALIDATED_NORMAL,702e69f103d401dd
2026-09-17T23:25:38Z,2026-10-03,Saturday,Akasa Air,QP,QP-723,Economy,Mumbai,Kolkata,20:30,22:45,2.6,non-stop,15,8720,136.25,VALIDATED_NORMAL,e30ec139706458e7
2026-09-17T23:25:38Z,2026-10-03,Saturday,IndiGo,6E,6E-485,Economy,Bangalore,Mumbai,06:00,08:15,1.7,non-stop,15,5660,88.44,VALIDATED_NORMAL,bd64c5a94f8e42d2
2026-09-17T23:25:38Z,2026-10-03,Saturday,Air India,AI,AI-434,Economy,Mumbai,Delhi,14:45,17:00,2.1,non-stop,15,8010,125.16,VALIDATED_NORMAL,063e1d4b486738d8
2026-09-17T23:25:38Z,2026-10-18,Sunday,Air India,AI,AI-494,Economy,Mumbai,Delhi,06:00,08:15,2.1,non-stop,30,4940,77.19,VALIDATED_NORMAL,a46008652294f6d2
2026-09-17T23:25:38Z,2026-10-02,Friday,SpiceJet,SG,SG-827,Business,Bangalore,Hyderabad,18:00,20:15,1.1,non-stop,14,14480,226.25,VALIDATED_NORMAL,be3c02fbbafc7998
2026-09-17T23:25:38Z,2026-09-19,Saturday,IndiGo,6E,6E-579,Economy,Hyderabad,Mumbai,11:15,13:30,1.5,non-stop,1,14780,230.94,VALIDATED_NORMAL,f96a5e25904f8495
2026-09-17T23:25:38Z,2026-10-02,Friday,IndiGo,6E,6E-361,Economy,Chennai,Delhi,18:00,20:15,2.8,non-stop,14,10620,165.94,VALIDATED_NORMAL,08468d873827fca6
2026-09-17T23:25:38Z,2026-09-20,Sunday,IndiGo,6E,6E-706,Premium Economy,Kolkata,Delhi,14:45,17:00,2.2,non-stop,2,36760,574.38,FLAGGED_SURGE,3375c60720a8b7f6
2026-09-17T23:25:38Z,2026-10-03,Saturday,IndiGo,6E,6E-399,Economy,Mumbai,Kolkata,14:45,17:00,2.6,non-stop,15,8420,131.56,VALIDATED_NORMAL,509922fdf0eb4f43
2026-09-17T23:25:38Z,2026-10-03,Saturday,IndiGo,6E,6E-807,Economy,Kolkata,Delhi,08:30,10:45,2.2,non-stop,15,7690,120.16,VALIDATED_NORMAL,2dc394811cd512a1
2026-09-17T23:25:38Z,2026-09-20,Sunday,Air India,AI,AI-166,Premium Economy,Mumbai,Delhi,20:30,22:45,2.1,non-stop,2,41070,641.72,FLAGGED_SURGE,1edbf0bf97d5997e
2026-09-17T23:25:38Z,2026-10-18,Sunday,Air India,AI,AI-722,Business,Bangalore,Mumbai,11:15,13:30,1.7,non-stop,30,13640,213.12,VALIDATED_NORMAL,6cce497261b38a0e
2026-09-17T23:25:38Z,2026-09-20,Sunday,Air India,AI,AI-500,Business,Delhi,Kolkata,14:45,17:00,2.2,non-stop,2,69660,1088.44,FLAGGED_SURGE,2b10272589889e57
2026-09-17T23:26:32Z,2026-09-19,Saturday,IndiGo,6E,6E-654,Economy,Bangalore,Delhi,14:45,17:00,2.7,non-stop,1,25690,401.41,FLAGGED_SURGE,a72890114ba93c18
2026-09-17T23:26:32Z,2026-10-18,Sunday,IndiGo,6E,6E-376,Economy,Delhi,Ahmedabad,08:30,10:45,1.6,non-stop,30,3140,49.06,VALIDATED_NORMAL,e3c8c34f48791271
2026-09-17T23:26:32Z,2026-10-03,Saturday,IndiGo,6E,6E-190,Economy,Kolkata,Mumbai,20:30,22:45,5.1,1-stop,15,7710,120.47,VALIDATED_NORMAL,4c44f51976d66fa6
2026-09-17T23:26:32Z,2026-10-18,Sunday,IndiGo,6E,6E-381,Economy,Mumbai,Bangalore,08:30,10:45,1.7,non-stop,30,3720,58.13,VALIDATED_NORMAL,f1acc29211950d2e
2026-09-17T23:26:32Z,2026-10-03,Saturday,IndiGo,6E,6E-683,Economy,Kolkata,Delhi,11:15,13:30,2.2,non-stop,15,7960,124.37,VALIDATED_NORMAL,b75a32b39fd272b7
2026-09-17T23:26:32Z,2026-11-02,Monday,IndiGo,6E,6E-192,Economy,Ahmedabad,Delhi,20:30,22:45,4.1,1-stop,45,2380,37.19,VALIDATED_NORMAL,81045552de4abdbf
2026-09-17T23:26:32Z,2026-10-18,Sunday,IndiGo,6E,6E-901,Economy,Hyderabad,Bangalore,20:30,22:45,1.1,non-stop,30,2370,37.03,VALIDATED_NORMAL,c7bc8bec4c9fc951
2026-09-17T23:26:32Z,2026-10-09,Friday,IndiGo,6E,6E-932,Economy,Mumbai,Bangalore,20:30,22:45,1.7,non-stop,21,4310,67.34,VALIDATED_NORMAL,09785843ef131ff1
2026-09-17T23:26:32Z,2026-10-09,Friday,Akasa Air,QP,QP-627,Economy,Hyderabad,Mumbai,06:00,08:15,1.5,non-stop,21,3640,56.88,VALIDATED_NORMAL,cee9b483248cb2be
2026-09-17T23:26:32Z,2026-11-02,Monday,IndiGo,6E,6E-700,Economy,Bangalore,Mumbai,18:00,20:15,1.7,non-stop,45,2660,41.56,VALIDATED_NORMAL,8a929a149fc4ff16
2026-09-17T23:26:38Z,2026-10-02,Friday,IndiGo,6E,6E-841,Economy,Delhi,Ahmedabad,06:00,08:15,1.6,non-stop,14,5740,89.69,VALIDATED_NORMAL,8e4998e625690597
2026-09-17T23:26:38Z,2026-10-03,Saturday,Vistara,UK,UK-467,Economy,Kolkata,Delhi,18:00,20:15,2.2,non-stop,15,8230,128.59,VALIDATED_NORMAL,569ecfaab03433fe
2026-09-17T23:26:38Z,2026-10-18,Sunday,IndiGo,6E,6E-447,Economy,Hyderabad,Mumbai,08:30,10:45,1.5,non-stop,30,3220,50.31,VALIDATED_NORMAL,489d938ff8eb4dbd
2026-09-17T23:26:38Z,2026-10-09,Friday,IndiGo,6E,6E-534,Economy,Delhi,Kolkata,20:30,22:45,2.2,non-stop,21,6170,96.41,VALIDATED_NORMAL,0de2152977f4f3a5
2026-09-17T23:26:38Z,2026-10-03,Saturday,IndiGo,6E,6E-927,Economy,Kolkata,Mumbai,14:45,17:00,2.6,non-stop,15,8420,131.56,VALIDATED_NORMAL,a110a747205c8ea8
2026-09-17T23:26:38Z,2026-09-25,Friday,IndiGo,6E,6E-878,Economy,Ahmedabad,Delhi,11:15,13:30,1.6,non-stop,7,7940,124.06,VALIDATED_NORMAL,893eed28e451dae1
2026-09-17T23:26:38Z,2026-09-19,Saturday,IndiGo,6E,6E-264,Economy,Mumbai,Kolkata,11:15,13:30,5.1,1-stop,1,23680,370.0,FLAGGED_SURGE,418a0544627efadc
2026-09-17T23:26:38Z,2026-10-02,Friday,Air India,AI,AI-682,Economy,Hyderabad,Bangalore,14:45,17:00,3.6,1-stop,14,3720,58.13,VALIDATED_NORMAL,a3f33bd93d10f9e0
2026-09-17T23:26:38Z,2026-10-03,Saturday,IndiGo,6E,6E-673,Economy,Ahmedabad,Delhi,14:45,17:00,1.6,non-stop,15,5870,91.72,VALIDATED_NORMAL,05a66a983d88122a
2026-09-17T23:26:38Z,2026-09-19,Saturday,IndiGo,6E,6E-710,Economy,Delhi,Bangalore,06:00,08:15,2.7,non-stop,1,25630,400.47,FLAGGED_SURGE,77fb2e566c9f73d8
2026-09-17T23:26:38Z,2026-09-19,Saturday,IndiGo,6E,6E-285,Economy,Delhi,Ahmedabad,11:15,13:30,1.6,non-stop,1,16520,258.12,VALIDATED_NORMAL,7dfe9b3945af76e2
2026-09-17T23:26:38Z,2026-11-02,Monday,Air India,AI,AI-220,Economy,Hyderabad,Mumbai,06:00,08:15,1.5,non-stop,45,2610,40.78,VALIDATED_NORMAL,7f9e4016cd1ae124
2026-09-17T23:26:38Z,2026-10-18,Sunday,Akasa Air,QP,QP-541,Economy,Delhi,Kolkata,04:30,06:45,2.2,non-stop,30,3940,61.56,VALIDATED_NORMAL,8f616db13f6169e2
2026-09-17T23:26:38Z,2026-10-09,Friday,IndiGo,6E,6E-248,Economy,Mumbai,Kolkata,04:30,06:45,2.6,non-stop,21,6850,107.03,VALIDATED_NORMAL,a35279efc0932d21
2026-09-17T23:26:38Z,2026-09-20,Sunday,IndiGo,6E,6E-898,Economy,Hyderabad,Mumbai,20:30,22:45,1.5,non-stop,2,12440,194.38,VALIDATED_NORMAL,bf7d17cacbd2471e
2026-09-17T23:26:38Z,2026-10-18,Sunday,IndiGo,6E,6E-200,Economy,Kolkata,Mumbai,08:30,10:45,2.6,non-stop,30,5090,79.53,VALIDATED_NORMAL,c5194d7f057c373e
2026-09-17T23:26:38Z,2026-10-03,Saturday,IndiGo,6E,6E-347,Economy,Mumbai,Delhi,11:15,13:30,2.1,non-stop,15,6870,107.34,VALIDATED_NORMAL,d9ac99b9e72b8f8f
2026-09-17T23:26:38Z,2026-09-19,Saturday,IndiGo,6E,6E-439,Economy,Delhi,Mumbai,20:30,22:45,2.1,non-stop,1,20300,317.19,VALIDATED_NORMAL,96070287cc20bcc0
2026-09-17T23:27:38Z,2026-10-09,Friday,IndiGo,6E,6E-798,Economy,Chennai,Delhi,11:15,13:30,5.3,1-stop,21,7300,114.06,VALIDATED_NORMAL,673bb86458884b5c
2026-09-17T23:27:38Z,2026-10-03,Saturday,SpiceJet,SG,SG-741,Premium Economy,Mumbai,Hyderabad,08:30,10:45,1.5,non-stop,15,10560,165.0,VALIDATED_NORMAL,12a1fb7bb199507d
2026-09-17T23:27:38Z,2026-09-19,Saturday,IndiGo,6E,6E-147,Economy,Delhi,Mumbai,08:30,10:45,2.1,non-stop,1,20490,320.16,VALIDATED_NORMAL,8cdb0a97c919ce55
2026-09-17T23:27:38Z,2026-10-03,Saturday,IndiGo,6E,6E-126,Economy,Kolkata,Delhi,18:00,20:15,2.2,non-stop,15,7990,124.84,VALIDATED_NORMAL,3571cfa754e24081
2026-09-17T23:27:38Z,2026-10-03,Saturday,IndiGo,6E,6E-692,Economy,Mumbai,Delhi,08:30,10:45,2.1,non-stop,15,7160,111.87,VALIDATED_NORMAL,efe1b534a4e61125
2026-09-17T23:27:38Z,2026-10-18,Sunday,IndiGo,6E,6E-357,Economy,Chennai,Delhi,18:00,20:15,2.8,non-stop,30,6010,93.91,VALIDATED_NORMAL,e8ef3c409de43699
2026-09-17T23:27:38Z,2026-11-02,Monday,IndiGo,6E,6E-243,Economy,Delhi,Mumbai,14:45,17:00,2.1,non-stop,45,3350,52.34,VALIDATED_NORMAL,34ab7916ab16cae3
2026-09-17T23:27:38Z,2026-10-09,Friday,Vistara,UK,UK-769,Economy,Hyderabad,Bangalore,08:30,10:45,3.6,1-stop,21,2900,45.31,VALIDATED_NORMAL,20d49c72685a9ad7
2026-09-17T23:27:38Z,2026-10-02,Friday,IndiGo,6E,6E-902,Economy,Mumbai,Delhi,14:45,17:00,2.1,non-stop,14,7580,118.44,VALIDATED_NORMAL,e46cddc602156b99
2026-09-17T23:27:38Z,2026-10-03,Saturday,IndiGo,6E,6E-946,Economy,Delhi,Mumbai,20:30,22:45,2.1,non-stop,15,7270,113.59,VALIDATED_NORMAL,19890ccc9ad98b7e
2026-09-17T23:27:38Z,2026-09-20,Sunday,IndiGo,6E,6E-618,Economy,Mumbai,Bangalore,18:00,20:15,1.7,non-stop,2,14730,230.16,VALIDATED_NORMAL,e89b9bc2ba077aaa
2026-09-17T23:27:38Z,2026-09-20,Sunday,IndiGo,6E,6E-853,Economy,Delhi,Ahmedabad,06:00,08:15,1.6,non-stop,2,13730,214.53,VALIDATED_NORMAL,3afc0330eff57c81
2026-09-17T23:27:38Z,2026-10-18,Sunday,Vistara,UK,UK-497,Economy,Delhi,Kolkata,14:45,17:00,2.2,non-stop,30,5280,82.5,VALIDATED_NORMAL,ac5f7117fccea79f
2026-09-17T23:27:38Z,2026-10-18,Sunday,IndiGo,6E,6E-445,Economy,Bangalore,Delhi,20:30,22:45,2.7,non-stop,30,5810,90.78,VALIDATED_NORMAL,f2700fbaeba97937
2026-09-17T23:27:38Z,2026-09-19,Saturday,IndiGo,6E,6E-931,Economy,Mumbai,Kolkata,14:45,17:00,2.6,non-stop,1,24530,383.28,VALIDATED_NORMAL,85a2e41c461520ed
2026-09-17T23:27:38Z,2026-09-19,Saturday,SpiceJet,SG,SG-937,Economy,Delhi,Chennai,04:30,06:45,2.8,non-stop,1,25360,396.25,VALIDATED_NORMAL,7af77590278acc93
2026-09-17T23:27:38Z,2026-10-03,Saturday,SpiceJet,SG,SG-761,Economy,Delhi,Chennai,06:00,08:15,2.8,non-stop,15,9100,142.19,VALIDATED_NORMAL,b394f9335267272a
2026-09-17T23:27:38Z,2026-09-20,Sunday,Vistara,UK,UK-636,Economy,Delhi,Bangalore,08:30,10:45,2.7,non-stop,2,26180,409.06,VALIDATED_NORMAL,86b34409271c1635
2026-09-17T23:28:38Z,2026-11-02,Monday,IndiGo,6E,6E-338,Economy,Bangalore,Delhi,08:30,10:45,2.7,non-stop,45,4540,70.94,VALIDATED_NORMAL,076499313ec97686
2026-09-17T23:28:38Z,2026-10-02,Friday,IndiGo,6E,6E-657,Premium Economy,Delhi,Mumbai,18:00,20:15,2.1,non-stop,14,14800,231.25,VALIDATED_NORMAL,34b20f50f809b269
2026-09-17T23:28:38Z,2026-10-02,Friday,IndiGo,6E,6E-817,Premium Economy,Kolkata,Delhi,20:30,22:45,2.2,non-stop,14,17670,276.09,VALIDATED_NORMAL,f5bca83573f2c0e6
2026-09-17T23:28:38Z,2026-09-20,Sunday,IndiGo,6E,6E-512,Premium Economy,Mumbai,Delhi,04:30,06:45,4.6,1-stop,2,34170,533.91,VALIDATED_NORMAL,b5566a616904d7a6
2026-09-17T23:28:38Z,2026-10-09,Friday,IndiGo,6E,6E-892,Economy,Hyderabad,Mumbai,04:30,06:45,1.5,non-stop,21,4190,65.47,VALIDATED_NORMAL,5df5399430589924
2026-09-17T23:28:38Z,2026-09-25,Friday,IndiGo,6E,6E-880,Economy,Ahmedabad,Delhi,14:45,17:00,1.6,non-stop,7,8240,128.75,VALIDATED_NORMAL,5ac183c3fc124b65
2026-09-17T23:28:38Z,2026-09-19,Saturday,IndiGo,6E,6E-977,Economy,Chennai,Delhi,04:30,06:45,2.8,non-stop,1,27790,434.22,VALIDATED_NORMAL,3bea00628a861460
2026-09-17T23:28:38Z,2026-10-09,Friday,IndiGo,6E,6E-165,Economy,Delhi,Ahmedabad,20:30,22:45,1.6,non-stop,21,4350,67.97,VALIDATED_NORMAL,08f625dee345bbc9
2026-09-17T23:28:38Z,2026-10-18,Sunday,IndiGo,6E,6E-268,Economy,Delhi,Chennai,11:15,13:30,2.8,non-stop,30,12634,197.41,VALIDATED_NORMAL,0ac8e6eecaf8c617
2026-09-17T23:28:38Z,2026-10-18,Sunday,Air India,AI,AI-313,Premium Economy,Mumbai,Kolkata,20:30,22:45,2.6,non-stop,30,12130,189.53,VALIDATED_NORMAL,3fa72de3764a978b
2026-09-17T23:28:38Z,2026-10-09,Friday,IndiGo,6E,6E-973,Economy,Bangalore,Delhi,20:30,22:45,2.7,non-stop,21,7060,110.31,VALIDATED_NORMAL,c0f36c3d0846aa6f
2026-09-17T23:28:38Z,2026-09-20,Sunday,IndiGo,6E,6E-440,Economy,Bangalore,Hyderabad,06:00,08:15,1.1,non-stop,2,8950,139.84,VALIDATED_NORMAL,09b8315a5ee8c242
2026-09-17T23:28:38Z,2026-10-02,Friday,Air India,AI,AI-724,Business,Delhi,Ahmedabad,08:30,10:45,1.6,non-stop,14,23020,359.69,VALIDATED_NORMAL,37820f9b6832d712
2026-09-17T23:28:38Z,2026-09-20,Sunday,IndiGo,6E,6E-768,Economy,Chennai,Delhi,06:00,08:15,2.8,non-stop,2,24260,379.06,VALIDATED_NORMAL,61a533969e955028
2026-09-17T23:28:38Z,2026-10-18,Sunday,IndiGo,6E,6E-550,Economy,Chennai,Delhi,20:30,22:45,2.8,non-stop,30,5850,91.41,VALIDATED_NORMAL,a9ca6ba0fd09379e
2026-09-17T23:28:38Z,2026-10-18,Sunday,IndiGo,6E,6E-578,Economy,Mumbai,Hyderabad,08:30,10:45,1.5,non-stop,30,3330,52.03,VALIDATED_NORMAL,cbbec93c1b77e913
2026-09-17T23:28:38Z,2026-09-19,Saturday,IndiGo,6E,6E-748,Economy,Hyderabad,Bangalore,04:30,06:45,1.1,non-stop,1,11790,184.22,VALIDATED_NORMAL,0a68a05133d4a05e
2026-09-17T23:28:38Z,2026-10-18,Sunday,IndiGo,6E,6E-993,Economy,Ahmedabad,Delhi,08:30,10:45,4.1,1-stop,30,3140,49.06,VALIDATED_NORMAL,8cf7630d91da4d9f
2026-09-17T23:29:38Z,2026-10-02,Friday,IndiGo,6E,6E-666,Economy,Mumbai,Bangalore,11:15,13:30,1.7,non-stop,14,5860,91.56,VALIDATED_NORMAL,f5c9a61bfd903991
2026-09-17T23:29:38Z,2026-10-09,Friday,IndiGo,6E,6E-209,Economy,Mumbai,Hyderabad,11:15,13:30,1.5,non-stop,21,4140,64.69,VALIDATED_NORMAL,aec7af8b849e222e
2026-09-17T23:29:38Z,2026-11-02,Monday,IndiGo,6E,6E-422,Economy,Hyderabad,Bangalore,04:30,06:45,1.1,non-stop,45,1790,27.97,VALIDATED_NORMAL,d993fedf86778bb1
2026-09-17T23:29:38Z,2026-10-09,Friday,Air India,AI,AI-342,Economy,Delhi,Chennai,04:30,06:45,2.8,non-stop,21,8720,136.25,VALIDATED_NORMAL,ee11185b7507bcb1
2026-09-17T23:29:38Z,2026-10-03,Saturday,Air India,AI,AI-462,Economy,Bangalore,Delhi,08:30,10:45,2.7,non-stop,15,10670,166.72,VALIDATED_NORMAL,77a447f1212674dd
2026-09-17T23:29:38Z,2026-10-02,Friday,IndiGo,6E,6E-363,Economy,Bangalore,Delhi,08:30,10:45,2.7,non-stop,14,9560,149.38,VALIDATED_NORMAL,486aef7fe6ef9c90
2026-09-17T23:29:38Z,2026-10-18,Sunday,IndiGo,6E,6E-230,Economy,Hyderabad,Bangalore,11:15,13:30,3.6,1-stop,30,2200,34.38,VALIDATED_NORMAL,7faa04baf3da93c8
2026-09-17T23:29:38Z,2026-09-20,Sunday,IndiGo,6E,6E-638,Business,Delhi,Mumbai,11:15,13:30,2.1,non-stop,2,63380,990.31,FLAGGED_SURGE,bbf8914d435709d3
2026-09-17T23:29:38Z,2026-09-19,Saturday,IndiGo,6E,6E-885,Economy,Ahmedabad,Delhi,20:30,22:45,1.6,non-stop,1,16350,255.47,VALIDATED_NORMAL,fa44f546a053ab4b
2026-09-17T23:29:38Z,2026-10-09,Friday,IndiGo,6E,6E-684,Economy,Delhi,Chennai,04:30,06:45,2.8,non-stop,21,7930,123.91,VALIDATED_NORMAL,21098d1da1ef974a
2026-09-17T23:29:38Z,2026-09-19,Saturday,IndiGo,6E,6E-513,Economy,Bangalore,Hyderabad,20:30,22:45,1.1,non-stop,1,22638,353.72,VALIDATED_NORMAL,fb1fd24e68bb52fa
2026-09-17T23:29:38Z,2026-10-02,Friday,Air India,AI,AI-355,Economy,Mumbai,Bangalore,14:45,17:00,4.2,1-stop,14,5960,93.12,VALIDATED_NORMAL,761d0122de615992
2026-09-17T23:29:38Z,2026-10-02,Friday,IndiGo,6E,6E-552,Economy,Mumbai,Bangalore,18:00,20:15,1.7,non-stop,14,6250,97.66,VALIDATED_NORMAL,384ba4b1d1d4bba2
2026-09-17T23:29:38Z,2026-09-19,Saturday,IndiGo,6E,6E-417,Economy,Delhi,Chennai,04:30,06:45,2.8,non-stop,1,27110,423.59,VALIDATED_NORMAL,7d5f7d01bb20989e
2026-09-17T23:29:38Z,2026-09-19,Saturday,IndiGo,6E,6E-473,Economy,Delhi,Kolkata,04:30,06:45,2.2,non-stop,1,23480,366.88,VALIDATED_NORMAL,a6818cd0f2d11716
2026-09-17T23:29:38Z,2026-10-18,Sunday,IndiGo,6E,6E-666,Economy,Chennai,Delhi,08:30,10:45,2.8,non-stop,30,5920,92.5,VALIDATED_NORMAL,b3bb7723ae8339e3
2026-09-17T23:29:38Z,2026-09-25,Friday,Air India,AI,AI-427,Economy,Ahmedabad,Delhi,04:30,06:45,1.6,non-stop,7,9030,141.09,VALIDATED_NORMAL,85898efb8b16b3d1
2026-09-17T23:29:38Z,2026-10-18,Sunday,IndiGo,6E,6E-193,Business,Bangalore,Mumbai,18:00,20:15,1.7,non-stop,30,13830,216.09,VALIDATED_NORMAL,75d6bd6e1892f4c7
2026-09-17T23:30:38Z,2026-10-02,Friday,IndiGo,6E,6E-168,Economy,Kolkata,Mumbai,08:30,10:45,2.6,non-stop,14,9500,148.44,VALIDATED_NORMAL,10530afb083b02af
2026-09-17T23:30:38Z,2026-09-25,Friday,IndiGo,6E,6E-164,Premium Economy,Delhi,Mumbai,20:30,22:45,2.1,non-stop,7,23200,362.5,VALIDATED_NORMAL,86956cfe6148ad12
2026-09-17T23:30:38Z,2026-09-20,Sunday,IndiGo,6E,6E-851,Economy,Bangalore,Delhi,08:30,10:45,2.7,non-stop,2,20880,326.25,VALIDATED_NORMAL,ed2c4cb533bea09a
2026-09-17T23:30:38Z,2026-11-02,Monday,IndiGo,6E,6E-959,Economy,Mumbai,Hyderabad,11:15,13:30,1.5,non-stop,45,2500,39.06,VALIDATED_NORMAL,a9fd6fa376bff702
2026-09-17T23:30:38Z,2026-10-09,Friday,Vistara,UK,UK-142,Economy,Delhi,Kolkata,11:15,13:30,2.2,non-stop,21,6610,103.28,VALIDATED_NORMAL,4e2b22cb0e3368d5
2026-09-17T23:30:38Z,2026-10-09,Friday,IndiGo,6E,6E-834,Economy,Bangalore,Hyderabad,06:00,08:15,1.1,non-stop,21,3140,49.06,VALIDATED_NORMAL,c4120080ff04cab5
2026-09-17T23:30:38Z,2026-09-20,Sunday,IndiGo,6E,6E-462,Economy,Mumbai,Bangalore,04:30,06:45,1.7,non-stop,2,14610,228.28,VALIDATED_NORMAL,5aa2ca60ef4e90d5
2026-09-17T23:30:38Z,2026-09-19,Saturday,IndiGo,6E,6E-472,Economy,Bangalore,Mumbai,04:30,06:45,1.7,non-stop,1,17110,267.34,VALIDATED_NORMAL,d117d6eace030680
2026-09-17T23:30:38Z,2026-11-02,Monday,IndiGo,6E,6E-282,Economy,Delhi,Ahmedabad,08:30,10:45,1.6,non-stop,45,2450,38.28,VALIDATED_NORMAL,4ca2dccfce4c408e
2026-09-17T23:30:38Z,2026-10-03,Saturday,AirAsia,I5,I5-964,Economy,Kolkata,Mumbai,18:00,20:15,2.6,non-stop,15,8860,138.44,VALIDATED_NORMAL,39ba6b895e4dae34
2026-09-17T23:30:38Z,2026-10-09,Friday,Air India,AI,AI-448,Premium Economy,Delhi,Mumbai,11:15,13:30,2.1,non-stop,21,12910,201.72,VALIDATED_NORMAL,0163cfbf562884a2
2026-09-17T23:30:38Z,2026-09-25,Friday,IndiGo,6E,6E-402,Economy,Hyderabad,Bangalore,06:00,08:15,1.1,non-stop,7,5780,90.31,VALIDATED_NORMAL,1b3f4ca9743b6c65
2026-09-17T23:30:38Z,2026-10-18,Sunday,IndiGo,6E,6E-461,Economy,Delhi,Ahmedabad,11:15,13:30,1.6,non-stop,30,3460,54.06,VALIDATED_NORMAL,3c1bd20eacacd1af
2026-09-17T23:30:38Z,2026-10-03,Saturday,IndiGo,6E,6E-157,Economy,Mumbai,Bangalore,11:15,13:30,1.7,non-stop,15,5640,88.12,VALIDATED_NORMAL,6e974d297ec48b7a
2026-09-17T23:30:38Z,2026-09-20,Sunday,Air India,AI,AI-297,Economy,Bangalore,Hyderabad,14:45,17:00,1.1,non-stop,2,9510,148.59,VALIDATED_NORMAL,04201491783ddc61
2026-09-17T23:30:38Z,2026-10-09,Friday,IndiGo,6E,6E-403,Economy,Mumbai,Kolkata,06:00,08:15,2.6,non-stop,21,7530,117.66,VALIDATED_NORMAL,7787deb4fcf1b066
2026-09-17T23:30:38Z,2026-09-20,Sunday,IndiGo,6E,6E-946,Economy,Mumbai,Kolkata,20:30,22:45,2.6,non-stop,2,20950,327.34,VALIDATED_NORMAL,477ef44995db0f07
2026-09-17T23:30:38Z,2026-09-20,Sunday,Akasa Air,QP,QP-774,Business,Hyderabad,Bangalore,11:15,13:30,1.1,non-stop,2,32130,502.03,VALIDATED_NORMAL,f60c50cc0d29bfaf
2026-09-17T23:31:38Z,2026-09-19,Saturday,IndiGo,6E,6E-785,Economy,Mumbai,Hyderabad,04:30,06:45,1.5,non-stop,1,30099,470.3,FLAGGED_SURGE,f5477b76244e34b6
2026-09-17T23:31:38Z,2026-10-03,Saturday,IndiGo,6E,6E-671,Economy,Delhi,Mumbai,08:30,10:45,2.1,non-stop,15,7050,110.16,VALIDATED_NORMAL,c06db552289b928f
2026-09-17T23:31:38Z,2026-10-02,Friday,Akasa Air,QP,QP-505,Economy,Mumbai,Hyderabad,08:30,10:45,1.5,non-stop,14,4790,74.84,VALIDATED_NORMAL,211a016868c4bb10
2026-09-17T23:31:38Z,2026-11-02,Monday,Akasa Air,QP,QP-176,Economy,Hyderabad,Mumbai,06:00,08:15,1.5,non-stop,45,2170,33.91,VALIDATED_NORMAL,8fd55eb44e39d676
2026-09-17T23:31:38Z,2026-09-25,Friday,IndiGo,6E,6E-242,Economy,Chennai,Delhi,06:00,08:15,2.8,non-stop,7,13120,205.0,VALIDATED_NORMAL,d55f3d7df15f1c07
2026-09-17T23:31:38Z,2026-10-02,Friday,IndiGo,6E,6E-538,Economy,Chennai,Delhi,06:00,08:15,2.8,non-stop,14,9800,153.12,VALIDATED_NORMAL,8b9ed8c724415823
2026-09-17T23:31:38Z,2026-10-03,Saturday,IndiGo,6E,6E-331,Economy,Kolkata,Delhi,04:30,06:45,2.2,non-stop,15,7330,114.53,VALIDATED_NORMAL,3998c66ebe7b595d
2026-09-17T23:31:38Z,2026-11-02,Monday,AirAsia,I5,I5-368,Economy,Bangalore,Delhi,14:45,17:00,5.2,1-stop,45,3950,61.72,VALIDATED_NORMAL,86b05f13f52de147
2026-09-17T23:31:38Z,2026-09-25,Friday,IndiGo,6E,6E-599,Economy,Delhi,Mumbai,20:30,22:45,2.1,non-stop,7,10650,166.41,VALIDATED_NORMAL,5b41871b5aef2198
2026-09-17T23:31:38Z,2026-10-09,Friday,Air India,AI,AI-175,Economy,Mumbai,Kolkata,04:30,06:45,5.1,1-stop,21,7130,111.41,VALIDATED_NORMAL,30ab6d6f45ba3f03
2026-09-17T23:31:38Z,2026-09-20,Sunday,IndiGo,6E,6E-344,Economy,Mumbai,Bangalore,06:00,08:15,1.7,non-stop,2,13560,211.88,VALIDATED_NORMAL,22f860fb7dbeb883
2026-09-17T23:31:38Z,2026-10-18,Sunday,IndiGo,6E,6E-593,Economy,Delhi,Kolkata,04:30,06:45,2.2,non-stop,30,4790,74.84,VALIDATED_NORMAL,0bbcd477692538ec
2026-09-17T23:31:38Z,2026-10-18,Sunday,Air India,AI,AI-907,Economy,Delhi,Ahmedabad,08:30,10:45,1.6,non-stop,30,3800,59.38,VALIDATED_NORMAL,e3b9929e7eb151f7
2026-09-17T23:31:38Z,2026-10-02,Friday,IndiGo,6E,6E-631,Economy,Mumbai,Bangalore,18:00,20:15,1.7,non-stop,14,6300,98.44,VALIDATED_NORMAL,1f32f8b6fd9cb0ac
2026-09-17T23:31:38Z,2026-09-20,Sunday,Air India,AI,AI-590,Economy,Hyderabad,Bangalore,04:30,06:45,1.1,non-stop,2,10230,159.84,VALIDATED_NORMAL,b11f23ccf2cb8fb8
2026-09-17T23:31:38Z,2026-11-02,Monday,IndiGo,6E,6E-932,Economy,Mumbai,Delhi,18:00,20:15,2.1,non-stop,45,3270,51.09,VALIDATED_NORMAL,89f4b8fe50a63a63
2026-09-17T23:31:38Z,2026-11-02,Monday,SpiceJet,SG,SG-535,Economy,Ahmedabad,Delhi,11:15,13:30,1.6,non-stop,45,2340,36.56,VALIDATED_NORMAL,afe81815accf871e
2026-09-17T23:31:38Z,2026-10-09,Friday,Akasa Air,QP,QP-471,Economy,Mumbai,Kolkata,06:00,08:15,2.6,non-stop,21,6840,106.88,VALIDATED_NORMAL,60fc3c4b8ef4b9da
2026-09-17T23:32:38Z,2026-10-09,Friday,SpiceJet,SG,SG-716,Economy,Mumbai,Delhi,04:30,06:45,2.1,non-stop,21,5690,88.91,VALIDATED_NORMAL,e3dff3b38e838860
2026-09-17T23:32:38Z,2026-10-03,Saturday,Akasa Air,QP,QP-436,Economy,Mumbai,Bangalore,18:00,20:15,1.7,non-stop,15,5680,88.75,VALIDATED_NORMAL,d017bdabd827d700
2026-09-17T23:32:38Z,2026-10-03,Saturday,IndiGo,6E,6E-434,Economy,Delhi,Mumbai,08:30,10:45,2.1,non-stop,15,7090,110.78,VALIDATED_NORMAL,afb0258d2c0b6cf8
2026-09-17T23:32:38Z,2026-09-20,Sunday,Air India,AI,AI-149,Economy,Delhi,Ahmedabad,20:30,22:45,1.6,non-stop,2,13420,209.69,VALIDATED_NORMAL,4b85166b0ffaf4b1
2026-09-17T23:32:38Z,2026-09-19,Saturday,Vistara,UK,UK-248,Economy,Kolkata,Mumbai,20:30,22:45,2.6,non-stop,1,29830,466.09,FLAGGED_SURGE,0bfbe6ff0bd4fae8
2026-09-17T23:32:38Z,2026-11-02,Monday,AirAsia,I5,I5-656,Economy,Delhi,Mumbai,11:15,13:30,4.6,1-stop,45,3040,47.5,VALIDATED_NORMAL,59af8ae53e841b35
2026-09-17T23:32:38Z,2026-10-03,Saturday,AirAsia,I5,I5-753,Economy,Hyderabad,Mumbai,20:30,22:45,1.5,non-stop,15,4920,76.88,VALIDATED_NORMAL,c82c9dcffcef5452
2026-09-17T23:32:38Z,2026-10-02,Friday,IndiGo,6E,6E-844,Premium Economy,Bangalore,Mumbai,08:30,10:45,1.7,non-stop,14,12300,192.19,VALIDATED_NORMAL,5a659dc128c26ade
2026-09-17T23:32:38Z,2026-09-19,Saturday,Akasa Air,QP,QP-287,Premium Economy,Hyderabad,Mumbai,20:30,22:45,1.5,non-stop,1,30840,481.87,FLAGGED_SURGE,5c87db268b7332e3
2026-09-17T23:32:38Z,2026-10-03,Saturday,IndiGo,6E,6E-431,Economy,Bangalore,Delhi,08:30,10:45,2.7,non-stop,15,9300,145.31,VALIDATED_NORMAL,4abc6ec21604074e
2026-09-17T23:32:38Z,2026-09-25,Friday,IndiGo,6E,6E-566,Premium Economy,Bangalore,Mumbai,08:30,10:45,1.7,non-stop,7,17690,276.41,VALIDATED_NORMAL,9fccb4341e2315dc
2026-09-17T23:32:38Z,2026-10-02,Friday,IndiGo,6E,6E-773,Economy,Hyderabad,Mumbai,08:30,10:45,1.5,non-stop,14,5070,79.22,VALIDATED_NORMAL,42c69f60a47183d1
2026-09-17T23:32:38Z,2026-10-18,Sunday,Air India,AI,AI-645,Economy,Hyderabad,Mumbai,18:00,20:15,1.5,non-stop,30,3560,55.62,VALIDATED_NORMAL,c6cc65b70ada3a6b
2026-09-17T23:32:38Z,2026-11-02,Monday,IndiGo,6E,6E-160,Economy,Bangalore,Delhi,11:15,13:30,2.7,non-stop,45,4630,72.34,VALIDATED_NORMAL,dae146f24a532595
2026-09-17T23:32:38Z,2026-11-02,Monday,Air India,AI,AI-660,Economy,Mumbai,Bangalore,20:30,22:45,1.7,non-stop,45,3120,48.75,VALIDATED_NORMAL,dd002d6ea0a0101a
2026-09-17T23:32:38Z,2026-10-18,Sunday,Air India,AI,AI-684,Economy,Delhi,Bangalore,08:30,10:45,2.7,non-stop,30,5750,89.84,VALIDATED_NORMAL,a2f158afd50595aa
2026-09-17T23:32:38Z,2026-10-02,Friday,Vistara,UK,UK-290,Premium Economy,Bangalore,Hyderabad,08:30,10:45,1.1,non-stop,14,9430,147.34,VALIDATED_NORMAL,0d18f6b0284be13d
2026-09-17T23:32:38Z,2026-09-25,Friday,IndiGo,6E,6E-308,Economy,Kolkata,Delhi,04:30,06:45,2.2,non-stop,7,11520,180.0,VALIDATED_NORMAL,cfa1ede05c4e9bd7
2026-09-17T23:33:38Z,2026-10-02,Friday,IndiGo,6E,6E-339,Economy,Mumbai,Bangalore,14:45,17:00,1.7,non-stop,14,6330,98.91,VALIDATED_NORMAL,3cd98879f1df1ab5
2026-09-17T23:33:38Z,2026-09-25,Friday,IndiGo,6E,6E-539,Economy,Hyderabad,Bangalore,14:45,17:00,1.1,non-stop,7,5490,85.78,VALIDATED_NORMAL,d4f9ec2f286416f2
2026-09-17T23:33:38Z,2026-09-25,Friday,Air India,AI,AI-513,Economy,Hyderabad,Bangalore,04:30,06:45,3.6,1-stop,7,5770,90.16,VALIDATED_NORMAL,bfaae246f04e20a2
2026-09-17T23:33:38Z,2026-10-03,Saturday,IndiGo,6E,6E-693,Economy,Kolkata,Delhi,11:15,13:30,2.2,non-stop,15,8080,126.25,VALIDATED_NORMAL,b135668b8cbcdb22
2026-09-17T23:33:38Z,2026-10-18,Sunday,Vistara,UK,UK-253,Economy,Kolkata,Delhi,06:00,08:15,2.2,non-stop,30,4860,75.94,VALIDATED_NORMAL,f1cb5bda8331763a
2026-09-17T23:33:38Z,2026-10-03,Saturday,IndiGo,6E,6E-740,Economy,Mumbai,Kolkata,14:45,17:00,2.6,non-stop,15,8540,133.44,VALIDATED_NORMAL,bec8c2ff5f5e87f0
2026-09-17T23:33:38Z,2026-11-02,Monday,IndiGo,6E,6E-925,Economy,Kolkata,Mumbai,08:30,10:45,2.6,non-stop,45,4270,66.72,VALIDATED_NORMAL,34759675d2c4cc1c
2026-09-17T23:33:38Z,2026-09-25,Friday,IndiGo,6E,6E-496,Economy,Mumbai,Bangalore,11:15,13:30,1.7,non-stop,7,8270,129.22,VALIDATED_NORMAL,d68550ba5df46719
2026-09-17T23:33:38Z,2026-10-03,Saturday,Air India,AI,AI-637,Economy,Bangalore,Delhi,06:00,08:15,2.7,non-stop,15,10690,167.03,VALIDATED_NORMAL,3ada7bf9008efe7b
2026-09-17T23:33:38Z,2026-10-03,Saturday,IndiGo,6E,6E-670,Economy,Delhi,Bangalore,08:30,10:45,2.7,non-stop,15,9910,154.84,VALIDATED_NORMAL,a53a66778d4bb238
2026-09-17T23:33:38Z,2026-09-20,Sunday,IndiGo,6E,6E-463,Premium Economy,Hyderabad,Bangalore,06:00,08:15,1.1,non-stop,2,18590,290.47,FLAGGED_SURGE,62880ee7cc6fbc3f
2026-09-17T23:33:38Z,2026-10-02,Friday,Vistara,UK,UK-399,Economy,Kolkata,Mumbai,06:00,08:15,2.6,non-stop,14,9890,154.53,VALIDATED_NORMAL,01be2aa7ae9002c5
2026-09-17T23:33:38Z,2026-10-18,Sunday,Vistara,UK,UK-846,Economy,Mumbai,Kolkata,11:15,13:30,2.6,non-stop,30,6240,97.5,VALIDATED_NORMAL,052fe790b1637e71
2026-09-17T23:33:38Z,2026-10-09,Friday,IndiGo,6E,6E-954,Economy,Mumbai,Bangalore,06:00,08:15,1.7,non-stop,21,4830,75.47,VALIDATED_NORMAL,06a0b8e85d261b73
2026-09-17T23:33:38Z,2026-10-03,Saturday,IndiGo,6E,6E-324,Premium Economy,Delhi,Bangalore,06:00,08:15,2.7,non-stop,15,18330,286.41,FLAGGED_SURGE,34ed8e5f26dd4e44
2026-09-17T23:33:38Z,2026-11-02,Monday,IndiGo,6E,6E-126,Economy,Mumbai,Bangalore,20:30,22:45,1.7,non-stop,45,2640,41.25,VALIDATED_NORMAL,fecbc009e8b91f88
2026-09-17T23:33:38Z,2026-09-20,Sunday,IndiGo,6E,6E-550,Economy,Delhi,Mumbai,06:00,08:15,2.1,non-stop,2,18260,285.31,FLAGGED_SURGE,9b07bdb16023ace4
2026-09-17T23:33:38Z,2026-09-25,Friday,IndiGo,6E,6E-529,Economy,Hyderabad,Bangalore,18:00,20:15,1.1,non-stop,7,5500,85.94,VALIDATED_NORMAL,03bd0bf9b6577807
2026-09-17T23:34:38Z,2026-10-03,Saturday,IndiGo,6E,6E-109,Economy,Bangalore,Delhi,06:00,08:15,2.7,non-stop,15,9420,147.19,VALIDATED_NORMAL,bc876bdbf221db1a
2026-09-17T23:34:38Z,2026-09-25,Friday,IndiGo,6E,6E-420,Economy,Bangalore,Mumbai,20:30,22:45,1.7,non-stop,7,8540,133.44,VALIDATED_NORMAL,2b51b7793cf1f4c8
2026-09-17T23:34:38Z,2026-11-02,Monday,IndiGo,6E,6E-837,Economy,Mumbai,Delhi,08:30,10:45,2.1,non-stop,45,3600,56.25,VALIDATED_NORMAL,9645a79f93aace0a
2026-09-17T23:34:38Z,2026-11-02,Monday,SpiceJet,SG,SG-690,Economy,Delhi,Ahmedabad,18:00,20:15,1.6,non-stop,45,2600,40.62,VALIDATED_NORMAL,b5ef698c7cbbf37d
2026-09-17T23:34:38Z,2026-10-09,Friday,IndiGo,6E,6E-272,Economy,Delhi,Chennai,20:30,22:45,2.8,non-stop,21,7510,117.34,VALIDATED_NORMAL,15a41b7e0e9bcd56
2026-09-17T23:34:38Z,2026-10-03,Saturday,Vistara,UK,UK-172,Economy,Mumbai,Kolkata,14:45,17:00,2.6,non-stop,15,10590,165.47,VALIDATED_NORMAL,74b14a61e43094c0
2026-09-17T23:34:38Z,2026-10-09,Friday,Vistara,UK,UK-537,Economy,Delhi,Bangalore,14:45,17:00,2.7,non-stop,21,8550,133.59,VALIDATED_NORMAL,0726af01bcc5e7cd
2026-09-17T23:34:38Z,2026-10-09,Friday,Vistara,UK,UK-757,Economy,Hyderabad,Bangalore,18:00,20:15,1.1,non-stop,21,3230,50.47,VALIDATED_NORMAL,daa6284c6a2d5a23
2026-09-17T23:34:38Z,2026-10-09,Friday,SpiceJet,SG,SG-291,Economy,Delhi,Mumbai,20:30,22:45,2.1,non-stop,21,5530,86.41,VALIDATED_NORMAL,1c09181bc43c988e
2026-09-17T23:34:38Z,2026-10-18,Sunday,IndiGo,6E,6E-949,Economy,Hyderabad,Mumbai,18:00,20:15,1.5,non-stop,30,3290,51.41,VALIDATED_NORMAL,b90d6b2adf6edd37
2026-09-17T23:34:38Z,2026-09-19,Saturday,Air India,AI,AI-334,Economy,Ahmedabad,Delhi,06:00,08:15,1.6,non-stop,1,17750,277.34,VALIDATED_NORMAL,ee312791ef9f5767
2026-09-17T23:34:38Z,2026-09-20,Sunday,IndiGo,6E,6E-905,Business,Delhi,Bangalore,11:15,13:30,2.7,non-stop,2,84890,1326.41,FLAGGED_SURGE,d249558cc98acab0
2026-09-17T23:34:38Z,2026-09-19,Saturday,IndiGo,6E,6E-655,Economy,Delhi,Bangalore,18:00,20:15,2.7,non-stop,1,28680,448.12,VALIDATED_NORMAL,0715be8dc56a6edf
2026-09-17T23:34:38Z,2026-09-20,Sunday,IndiGo,6E,6E-780,Business,Mumbai,Hyderabad,14:45,17:00,1.5,non-stop,2,45130,705.16,FLAGGED_SURGE,f8d760e9cf0a2075
2026-09-17T23:34:38Z,2026-09-19,Saturday,Vistara,UK,UK-289,Premium Economy,Delhi,Mumbai,14:45,17:00,2.1,non-stop,1,53040,828.75,FLAGGED_SURGE,421f901f803df4a0
2026-09-17T23:34:38Z,2026-10-09,Friday,IndiGo,6E,6E-669,Economy,Delhi,Ahmedabad,11:15,13:30,1.6,non-stop,21,4200,65.62,VALIDATED_NORMAL,b54b79ea1e9290f5
2026-09-17T23:34:38Z,2026-09-25,Friday,IndiGo,6E,6E-927,Economy,Bangalore,Hyderabad,18:00,20:15,1.1,non-stop,7,5210,81.41,VALIDATED_NORMAL,9d81b5fb066a04b2
2026-09-17T23:34:38Z,2026-10-18,Sunday,Air India,AI,AI-782,Economy,Delhi,Bangalore,08:30,10:45,2.7,non-stop,30,6120,95.62,VALIDATED_NORMAL,411355a0a5f18da0
2026-09-17T23:35:38Z,2026-09-19,Saturday,IndiGo,6E,6E-610,Economy,Bangalore,Delhi,04:30,06:45,2.7,non-stop,1,28750,449.22,VALIDATED_NORMAL,17294234864ae4ee
2026-09-17T23:35:38Z,2026-11-02,Monday,Akasa Air,QP,QP-227,Economy,Hyderabad,Bangalore,08:30,10:45,1.1,non-stop,45,1590,24.84,VALIDATED_NORMAL,87a6eafceb6086fb
2026-09-17T23:35:38Z,2026-09-25,Friday,IndiGo,6E,6E-671,Economy,Mumbai,Delhi,14:45,17:00,2.1,non-stop,7,10580,165.31,VALIDATED_NORMAL,2353693cd7be7d10
2026-09-17T23:35:38Z,2026-09-19,Saturday,IndiGo,6E,6E-777,Economy,Delhi,Bangalore,11:15,13:30,5.2,1-stop,1,23510,367.34,VALIDATED_NORMAL,e3b078d4f86be051
2026-09-17T23:35:38Z,2026-11-02,Monday,IndiGo,6E,6E-873,Economy,Mumbai,Bangalore,06:00,08:15,1.7,non-stop,45,2720,42.5,VALIDATED_NORMAL,12d7af47bc9677b4
2026-09-17T23:35:38Z,2026-10-09,Friday,IndiGo,6E,6E-290,Economy,Kolkata,Mumbai,08:30,10:45,2.6,non-stop,21,7100,110.94,VALIDATED_NORMAL,66aa0fedc8fa434c
2026-09-17T23:35:38Z,2026-09-19,Saturday,IndiGo,6E,6E-314,Economy,Kolkata,Delhi,06:00,08:15,2.2,non-stop,1,23770,371.41,VALIDATED_NORMAL,996cfcbbd167316c
2026-09-17T23:35:38Z,2026-09-25,Friday,Akasa Air,QP,QP-531,Economy,Mumbai,Delhi,20:30,22:45,2.1,non-stop,7,9820,153.44,VALIDATED_NORMAL,b47be9f3ff2eb694
2026-09-17T23:35:38Z,2026-10-02,Friday,IndiGo,6E,6E-145,Premium Economy,Chennai,Delhi,18:00,20:15,2.8,non-stop,14,22520,351.88,VALIDATED_NORMAL,e7c12d263d8e7799
2026-09-17T23:35:38Z,2026-11-02,Monday,Vistara,UK,UK-530,Economy,Mumbai,Hyderabad,20:30,22:45,1.5,non-stop,45,2810,43.91,VALIDATED_NORMAL,d091bb6ab43fbec5
2026-09-17T23:35:38Z,2026-11-02,Monday,IndiGo,6E,6E-657,Economy,Bangalore,Mumbai,18:00,20:15,1.7,non-stop,45,2580,40.31,VALIDATED_NORMAL,9c1aee5b07ffe53b
2026-09-17T23:35:38Z,2026-10-02,Friday,IndiGo,6E,6E-728,Economy,Mumbai,Delhi,20:30,22:45,2.1,non-stop,14,7810,122.03,VALIDATED_NORMAL,d1827e2c260f4c76
2026-09-17T23:35:38Z,2026-09-20,Sunday,IndiGo,6E,6E-472,Business,Bangalore,Mumbai,06:00,08:15,1.7,non-stop,2,54300,848.44,FLAGGED_SURGE,7063635e72ca0efd
2026-09-17T23:35:38Z,2026-09-19,Saturday,IndiGo,6E,6E-622,Economy,Delhi,Kolkata,08:30,10:45,2.2,non-stop,1,22440,350.62,VALIDATED_NORMAL,8da87475709a0051
2026-09-17T23:35:38Z,2026-10-09,Friday,SpiceJet,SG,SG-865,Economy,Bangalore,Mumbai,11:15,13:30,1.7,non-stop,21,4290,67.03,VALIDATED_NORMAL,267783f19ccd32bf
2026-09-17T23:35:38Z,2026-09-20,Sunday,IndiGo,6E,6E-163,Economy,Delhi,Mumbai,14:45,17:00,2.1,non-stop,2,16460,257.19,VALIDATED_NORMAL,a184636a2fa407be
2026-09-17T23:35:38Z,2026-11-02,Monday,Air India,AI,AI-710,Economy,Delhi,Bangalore,20:30,22:45,2.7,non-stop,45,4600,71.88,VALIDATED_NORMAL,d31977c8eed6369d
2026-09-17T23:35:38Z,2026-11-02,Monday,IndiGo,6E,6E-940,Economy,Delhi,Chennai,11:15,13:30,2.8,non-stop,45,4370,68.28,VALIDATED_NORMAL,a088f0951831de79
2026-09-17T23:36:38Z,2026-11-02,Monday,IndiGo,6E,6E-806,Economy,Delhi,Ahmedabad,08:30,10:45,1.6,non-stop,45,2760,43.12,VALIDATED_NORMAL,1e74464673844f15
2026-09-17T23:36:38Z,2026-10-02,Friday,IndiGo,6E,6E-546,Economy,Mumbai,Hyderabad,08:30,10:45,1.5,non-stop,14,5250,82.03,VALIDATED_NORMAL,ed3128afe5437d38
2026-09-17T23:36:38Z,2026-10-03,Saturday,IndiGo,6E,6E-782,Economy,Mumbai,Bangalore,11:15,13:30,1.7,non-stop,15,5910,92.34,VALIDATED_NORMAL,a6d72058e4d252c9
2026-09-17T23:36:38Z,2026-09-19,Saturday,Air India,AI,AI-276,Economy,Bangalore,Mumbai,08:30,10:45,4.2,1-stop,1,17260,269.69,VALIDATED_NORMAL,ff61c1d3bf94573b
2026-09-17T23:36:38Z,2026-11-02,Monday,IndiGo,6E,6E-388,Economy,Delhi,Kolkata,11:15,13:30,2.2,non-stop,45,3420,53.44,VALIDATED_NORMAL,5d1513137c3ae39c
2026-09-17T23:36:38Z,2026-11-02,Monday,IndiGo,6E,6E-569,Economy,Hyderabad,Mumbai,11:15,13:30,1.5,non-stop,45,2310,36.09,VALIDATED_NORMAL,e716393255ea7c02
2026-09-17T23:36:38Z,2026-09-20,Sunday,AirAsia,I5,I5-783,Economy,Bangalore,Hyderabad,14:45,17:00,1.1,non-stop,2,9010,140.78,VALIDATED_NORMAL,d46b06353bfcc983
2026-09-17T23:36:38Z,2026-10-18,Sunday,SpiceJet,SG,SG-165,Economy,Kolkata,Mumbai,06:00,08:15,2.6,non-stop,30,4960,77.5,VALIDATED_NORMAL,2ca22f873e06d660
2026-09-17T23:36:38Z,2026-10-02,Friday,IndiGo,6E,6E-654,Economy,Chennai,Delhi,04:30,06:45,2.8,non-stop,14,9940,155.31,VALIDATED_NORMAL,7a8f02c5839bcc6a
2026-09-17T23:36:38Z,2026-10-03,Saturday,Vistara,UK,UK-344,Economy,Bangalore,Delhi,04:30,06:45,2.7,non-stop,15,10380,162.19,VALIDATED_NORMAL,2e7604058f7cbd47
2026-09-17T23:36:38Z,2026-09-25,Friday,Vistara,UK,UK-603,Economy,Bangalore,Delhi,11:15,13:30,2.7,non-stop,7,15670,244.84,VALIDATED_NORMAL,e83f43423e517126
2026-09-17T23:36:38Z,2026-10-18,Sunday,IndiGo,6E,6E-739,Economy,Bangalore,Mumbai,08:30,10:45,1.7,non-stop,30,3330,52.03,VALIDATED_NORMAL,b6802a8e1a58ccd3
2026-09-17T23:36:38Z,2026-11-02,Monday,IndiGo,6E,6E-295,Economy,Bangalore,Hyderabad,20:30,22:45,1.1,non-stop,45,4022,62.84,VALIDATED_NORMAL,f1d9c8407cb7ba2a
2026-09-17T23:36:38Z,2026-10-03,Saturday,IndiGo,6E,6E-541,Economy,Bangalore,Mumbai,14:45,17:00,1.7,non-stop,15,5520,86.25,VALIDATED_NORMAL,41b762ca5b947460
2026-09-17T23:36:38Z,2026-09-25,Friday,IndiGo,6E,6E-557,Economy,Kolkata,Delhi,14:45,17:00,4.7,1-stop,7,10130,158.28,VALIDATED_NORMAL,3a00236e9161267a
2026-09-17T23:36:38Z,2026-10-02,Friday,IndiGo,6E,6E-824,Economy,Kolkata,Delhi,08:30,10:45,2.2,non-stop,14,8380,130.94,VALIDATED_NORMAL,e55306a19947dc02
2026-09-17T23:36:38Z,2026-10-09,Friday,IndiGo,6E,6E-936,Economy,Bangalore,Delhi,06:00,08:15,2.7,non-stop,21,7680,120.0,VALIDATED_NORMAL,0a6943a236296c5a
2026-09-17T23:36:38Z,2026-10-09,Friday,AirAsia,I5,I5-857,Economy,Hyderabad,Bangalore,20:30,22:45,1.1,non-stop,21,2710,42.34,VALIDATED_NORMAL,7754fec374afd40a
2026-09-17T23:36:38Z,2026-09-25,Friday,IndiGo,6E,6E-936,Economy,Mumbai,Hyderabad,20:30,22:45,1.5,non-stop,7,7200,112.5,VALIDATED_NORMAL,c5f265dcfcdbfe22
2026-09-17T23:36:38Z,2026-11-02,Monday,Akasa Air,QP,QP-405,Economy,Delhi,Mumbai,20:30,22:45,2.1,non-stop,45,2940,45.94,VALIDATED_NORMAL,69f90e7f54930e2e
2026-09-17T23:36:38Z,2026-09-25,Friday,Akasa Air,QP,QP-356,Economy,Delhi,Kolkata,18:00,20:15,2.2,non-stop,7,10500,164.06,VALIDATED_NORMAL,49b53fcf77641725
2026-09-17T23:36:38Z,2026-10-18,Sunday,IndiGo,6E,6E-204,Economy,Mumbai,Bangalore,11:15,13:30,1.7,non-stop,30,3440,53.75,VALIDATED_NORMAL,8ea900716a829f81
2026-09-17T23:36:38Z,2026-11-02,Monday,IndiGo,6E,6E-466,Economy,Bangalore,Delhi,20:30,22:45,2.7,non-stop,45,4450,69.53,VALIDATED_NORMAL,cdce321862ca3131
2026-09-17T23:36:38Z,2026-10-18,Sunday,Air India,AI,AI-907,Economy,Delhi,Chennai,20:30,22:45,2.8,non-stop,30,6060,94.69,VALIDATED_NORMAL,e8bc00fec88f0eaa
2026-09-17T23:37:39Z,2026-10-18,Sunday,Air India,AI,AI-276,Economy,Bangalore,Hyderabad,14:45,17:00,1.1,non-stop,30,2610,40.78,VALIDATED_NORMAL,d1aa75487572da1a
2026-09-17T23:37:39Z,2026-10-03,Saturday,IndiGo,6E,6E-475,Economy,Kolkata,Delhi,18:00,20:15,2.2,non-stop,15,7270,113.59,VALIDATED_NORMAL,412751a8bcc5e131
2026-09-17T23:37:39Z,2026-09-19,Saturday,IndiGo,6E,6E-901,Economy,Mumbai,Kolkata,08:30,10:45,2.6,non-stop,1,24940,389.69,VALIDATED_NORMAL,96ef1d3d8403164e
2026-09-17T23:37:39Z,2026-10-03,Saturday,IndiGo,6E,6E-458,Economy,Ahmedabad,Delhi,18:00,20:15,1.6,non-stop,15,5250,82.03,VALIDATED_NORMAL,b1cec9069a102e2e
2026-09-17T23:37:39Z,2026-10-03,Saturday,IndiGo,6E,6E-836,Economy,Delhi,Kolkata,06:00,08:15,2.2,non-stop,15,7050,110.16,VALIDATED_NORMAL,55a81079add6e2f1
2026-09-17T23:37:39Z,2026-09-25,Friday,IndiGo,6E,6E-435,Economy,Delhi,Bangalore,04:30,06:45,2.7,non-stop,7,13620,212.81,VALIDATED_NORMAL,7206579edf87cc0a
2026-09-17T23:37:39Z,2026-09-19,Saturday,IndiGo,6E,6E-794,Economy,Hyderabad,Mumbai,11:15,13:30,1.5,non-stop,1,15730,245.78,VALIDATED_NORMAL,e0a7e75b698bc57f
2026-09-17T23:37:39Z,2026-09-19,Saturday,Air India,AI,AI-558,Business,Mumbai,Bangalore,11:15,13:30,1.7,non-stop,1,73360,1146.25,FLAGGED_SURGE,e69be21b4a531295
2026-09-17T23:37:39Z,2026-11-02,Monday,Air India,AI,AI-177,Economy,Mumbai,Kolkata,04:30,06:45,2.6,non-stop,45,4370,68.28,VALIDATED_NORMAL,bf7d05d8ee2914b8
2026-09-17T23:37:39Z,2026-11-02,Monday,Air India,AI,AI-652,Economy,Delhi,Kolkata,20:30,22:45,2.2,non-stop,45,8685,135.7,VALIDATED_NORMAL,ec35185e6a05d623
2026-09-17T23:37:39Z,2026-10-18,Sunday,IndiGo,6E,6E-351,Business,Delhi,Mumbai,04:30,06:45,4.6,1-stop,30,14560,227.5,VALIDATED_NORMAL,0701d9eda1ea5fc5
2026-09-17T23:37:39Z,2026-10-02,Friday,Air India,AI,AI-371,Economy,Hyderabad,Mumbai,11:15,13:30,1.5,non-stop,14,6000,93.75,VALIDATED_NORMAL,cbb166f0f1a62530
2026-09-17T23:37:39Z,2026-09-20,Sunday,IndiGo,6E,6E-365,Economy,Hyderabad,Bangalore,04:30,06:45,1.1,non-stop,2,8560,133.75,VALIDATED_NORMAL,3027b757b29c9d80
2026-09-17T23:37:39Z,2026-10-02,Friday,IndiGo,6E,6E-600,Economy,Hyderabad,Mumbai,14:45,17:00,1.5,non-stop,14,5400,84.38,VALIDATED_NORMAL,76cc1d94aa04a19e
2026-09-17T23:37:39Z,2026-10-09,Friday,IndiGo,6E,6E-342,Economy,Kolkata,Delhi,14:45,17:00,2.2,non-stop,21,6110,95.47,VALIDATED_NORMAL,fc4f7e4cf4e859db
2026-09-17T23:37:39Z,2026-10-03,Saturday,IndiGo,6E,6E-422,Economy,Ahmedabad,Delhi,14:45,17:00,1.6,non-stop,15,5860,91.56,VALIDATED_NORMAL,739f0e3b5d1555dc
2026-09-17T23:37:39Z,2026-11-02,Monday,AirAsia,I5,I5-519,Premium Economy,Ahmedabad,Delhi,08:30,10:45,1.6,non-stop,45,4990,77.97,VALIDATED_NORMAL,24a56c2b4e9a34e7
2026-09-17T23:37:39Z,2026-09-20,Sunday,IndiGo,6E,6E-944,Economy,Delhi,Mumbai,14:45,17:00,2.1,non-stop,2,18200,284.38,VALIDATED_NORMAL,b6b767912ec7a9b9
2026-09-17T23:38:39Z,2026-09-20,Sunday,IndiGo,6E,6E-695,Economy,Mumbai,Bangalore,18:00,20:15,4.2,1-stop,2,13490,210.78,VALIDATED_NORMAL,32ca85c645a7b05e
2026-09-17T23:38:39Z,2026-11-02,Monday,Air India,AI,AI-762,Economy,Ahmedabad,Delhi,06:00,08:15,1.6,non-stop,45,2630,41.09,VALIDATED_NORMAL,639f311f6c3e73c8
2026-09-17T23:38:39Z,2026-09-25,Friday,Vistara,UK,UK-710,Economy,Mumbai,Bangalore,20:30,22:45,1.7,non-stop,7,9130,142.66,VALIDATED_NORMAL,1a2ed403cdc8dbd3
2026-09-17T23:38:39Z,2026-10-03,Saturday,IndiGo,6E,6E-653,Economy,Delhi,Ahmedabad,06:00,08:15,1.6,non-stop,15,5880,91.88,VALIDATED_NORMAL,ae6e35a56652329c
2026-09-17T23:38:39Z,2026-10-03,Saturday,Vistara,UK,UK-520,Economy,Bangalore,Hyderabad,08:30,10:45,1.1,non-stop,15,4420,69.06,VALIDATED_NORMAL,8ba7f70a923bc66b
2026-09-17T23:38:39Z,2026-10-18,Sunday,IndiGo,6E,6E-803,Economy,Delhi,Chennai,06:00,08:15,2.8,non-stop,30,5580,87.19,VALIDATED_NORMAL,d81b02d891022cb8
2026-09-17T23:38:39Z,2026-09-19,Saturday,IndiGo,6E,6E-713,Economy,Bangalore,Hyderabad,11:15,13:30,1.1,non-stop,1,11500,179.69,VALIDATED_NORMAL,69d9d9ba9e061de6
2026-09-17T23:38:39Z,2026-09-20,Sunday,IndiGo,6E,6E-181,Economy,Mumbai,Kolkata,04:30,06:45,5.1,1-stop,2,18860,294.69,VALIDATED_NORMAL,15b5dcc9fa443b0c
2026-09-17T23:38:39Z,2026-10-02,Friday,IndiGo,6E,6E-807,Economy,Delhi,Chennai,18:00,20:15,2.8,non-stop,14,10240,160.0,VALIDATED_NORMAL,19ef09c9a2b88f7d
2026-09-17T23:38:39Z,2026-09-19,Saturday,IndiGo,6E,6E-704,Business,Mumbai,Bangalore,18:00,20:15,1.7,non-stop,1,62610,978.28,FLAGGED_SURGE,b21c9faa459d7beb
2026-09-17T23:38:39Z,2026-09-25,Friday,Air India,AI,AI-841,Economy,Hyderabad,Mumbai,08:30,10:45,1.5,non-stop,7,7850,122.66,VALIDATED_NORMAL,b6f7815eaa275bfe
2026-09-17T23:38:39Z,2026-09-19,Saturday,Vistara,UK,UK-304,Economy,Bangalore,Mumbai,18:00,20:15,1.7,non-stop,1,20290,317.03,VALIDATED_NORMAL,861c300da4c33dae
2026-09-17T23:38:39Z,2026-09-19,Saturday,IndiGo,6E,6E-534,Economy,Mumbai,Bangalore,08:30,10:45,4.2,1-stop,1,14920,233.12,VALIDATED_NORMAL,07d4112538dd3b3f
2026-09-17T23:38:39Z,2026-09-19,Saturday,Vistara,UK,UK-770,Economy,Delhi,Chennai,08:30,10:45,2.8,non-stop,1,29990,468.59,VALIDATED_NORMAL,901ea3ee8cca9639
2026-09-17T23:38:39Z,2026-10-09,Friday,IndiGo,6E,6E-160,Economy,Mumbai,Delhi,18:00,20:15,2.1,non-stop,21,5710,89.22,VALIDATED_NORMAL,a908d5bb94837255
2026-09-17T23:38:39Z,2026-09-20,Sunday,IndiGo,6E,6E-816,Economy,Bangalore,Delhi,06:00,08:15,2.7,non-stop,2,22360,349.38,VALIDATED_NORMAL,4a831ac0eec1bcbf
2026-09-17T23:38:39Z,2026-09-20,Sunday,IndiGo,6E,6E-292,Economy,Hyderabad,Bangalore,20:30,22:45,3.6,1-stop,2,8300,129.69,VALIDATED_NORMAL,c567197ce074fee9
2026-09-17T23:38:39Z,2026-10-02,Friday,Air India,AI,AI-947,Economy,Delhi,Chennai,20:30,22:45,2.8,non-stop,14,11460,179.06,VALIDATED_NORMAL,a1870835396338fa
2026-09-17T23:39:39Z,2026-10-02,Friday,Air India,AI,AI-621,Business,Mumbai,Hyderabad,18:00,20:15,1.5,non-stop,14,21550,336.72,VALIDATED_NORMAL,ac75ad66d80f74b7
2026-09-17T23:39:39Z,2026-10-09,Friday,IndiGo,6E,6E-772,Economy,Hyderabad,Bangalore,14:45,17:00,1.1,non-stop,21,2960,46.25,VALIDATED_NORMAL,db9d186e6cdd6e1c
2026-09-17T23:39:39Z,2026-11-02,Monday,IndiGo,6E,6E-797,Economy,Delhi,Mumbai,08:30,10:45,2.1,non-stop,45,3270,51.09,VALIDATED_NORMAL,74aab545d281eae0
2026-09-17T23:39:39Z,2026-10-02,Friday,IndiGo,6E,6E-201,Economy,Chennai,Delhi,14:45,17:00,2.8,non-stop,14,10720,167.5,VALIDATED_NORMAL,1382c41407e6e131
2026-09-17T23:39:39Z,2026-09-19,Saturday,IndiGo,6E,6E-704,Economy,Hyderabad,Bangalore,20:30,22:45,1.1,non-stop,1,10530,164.53,VALIDATED_NORMAL,b02fc19642dfc057
2026-09-17T23:39:39Z,2026-09-20,Sunday,IndiGo,6E,6E-178,Economy,Chennai,Delhi,14:45,17:00,2.8,non-stop,2,21720,339.38,VALIDATED_NORMAL,218bf4800e1ce74a
2026-09-17T23:39:39Z,2026-10-18,Sunday,IndiGo,6E,6E-477,Economy,Delhi,Mumbai,18:00,20:15,2.1,non-stop,30,4100,64.06,VALIDATED_NORMAL,46f8a7d63ffdddb1
2026-09-17T23:39:39Z,2026-09-20,Sunday,IndiGo,6E,6E-443,Economy,Delhi,Chennai,11:15,13:30,2.8,non-stop,2,21700,339.06,VALIDATED_NORMAL,eb5cfc02ee4b1635
2026-09-17T23:39:39Z,2026-09-20,Sunday,IndiGo,6E,6E-598,Economy,Delhi,Chennai,11:15,13:30,2.8,non-stop,2,24070,376.09,VALIDATED_NORMAL,2df890a2a047eea7
2026-09-17T23:39:39Z,2026-10-03,Saturday,IndiGo,6E,6E-122,Economy,Mumbai,Kolkata,08:30,10:45,2.6,non-stop,15,8880,138.75,VALIDATED_NORMAL,924774ebf83ac852
2026-09-17T23:39:39Z,2026-10-03,Saturday,IndiGo,6E,6E-987,Economy,Bangalore,Delhi,18:00,20:15,5.2,1-stop,15,8100,126.56,VALIDATED_NORMAL,5778aa282fcaf875
2026-09-17T23:39:39Z,2026-10-09,Friday,Air India,AI,AI-421,Economy,Kolkata,Mumbai,04:30,06:45,2.6,non-stop,21,7940,124.06,VALIDATED_NORMAL,d755055c5498a0dd
2026-09-17T23:39:39Z,2026-09-20,Sunday,AirAsia,I5,I5-719,Premium Economy,Bangalore,Delhi,18:00,20:15,2.7,non-stop,2,41130,642.66,VALIDATED_NORMAL,8b6676f12e53e65d
2026-09-17T23:39:39Z,2026-11-02,Monday,IndiGo,6E,6E-496,Economy,Chennai,Delhi,06:00,08:15,2.8,non-stop,45,4410,68.91,VALIDATED_NORMAL,9c802fad84563f06
2026-09-17T23:39:39Z,2026-10-02,Friday,IndiGo,6E,6E-213,Economy,Delhi,Kolkata,06:00,08:15,4.7,1-stop,14,7010,109.53,VALIDATED_NORMAL,d5383ba7d62d66ab
2026-09-17T23:39:39Z,2026-10-02,Friday,Vistara,UK,UK-427,Economy,Bangalore,Delhi,14:45,17:00,2.7,non-stop,14,10460,163.44,VALIDATED_NORMAL,cce3f2c613cbb7bf
2026-09-17T23:39:39Z,2026-11-02,Monday,IndiGo,6E,6E-319,Economy,Hyderabad,Mumbai,08:30,10:45,1.5,non-stop,45,2480,38.75,VALIDATED_NORMAL,95842d5b4ff74ae1
2026-09-17T23:39:39Z,2026-10-18,Sunday,IndiGo,6E,6E-678,Economy,Bangalore,Hyderabad,11:15,13:30,1.1,non-stop,30,2170,33.91,VALIDATED_NORMAL,fcf6d33dfaab7aa0
2026-09-17T23:40:39Z,2026-11-02,Monday,Vistara,UK,UK-634,Economy,Kolkata,Delhi,11:15,13:30,2.2,non-stop,45,3990,62.34,VALIDATED_NORMAL,175ca853d90fc0f5
2026-09-17T23:40:39Z,2026-09-20,Sunday,IndiGo,6E,6E-562,Economy,Kolkata,Mumbai,08:30,10:45,2.6,non-stop,2,22130,345.78,FLAGGED_SURGE,055ea9f664c1125c
2026-09-17T23:40:39Z,2026-10-09,Friday,IndiGo,6E,6E-246,Economy,Ahmedabad,Delhi,04:30,06:45,1.6,non-stop,21,4290,67.03,VALIDATED_NORMAL,609d0cd606b3bf4c
2026-09-17T23:40:39Z,2026-09-20,Sunday,IndiGo,6E,6E-207,Economy,Hyderabad,Bangalore,08:30,10:45,1.1,non-stop,2,9080,141.88,VALIDATED_NORMAL,6adf57bf2ec99ca2
2026-09-17T23:40:39Z,2026-11-02,Monday,IndiGo,6E,6E-959,Economy,Delhi,Mumbai,14:45,17:00,2.1,non-stop,45,3210,50.16,VALIDATED_NORMAL,84ae8939f17b0983
2026-09-17T23:40:39Z,2026-10-03,Saturday,Vistara,UK,UK-672,Economy,Bangalore,Delhi,20:30,22:45,2.7,non-stop,15,10300,160.94,VALIDATED_NORMAL,452535b8c12bf4bf
2026-09-17T23:40:39Z,2026-10-09,Friday,IndiGo,6E,6E-250,Economy,Kolkata,Mumbai,08:30,10:45,5.1,1-stop,21,6580,102.81,VALIDATED_NORMAL,86fd97aca9564638
2026-09-17T23:40:39Z,2026-10-03,Saturday,IndiGo,6E,6E-261,Economy,Kolkata,Delhi,06:00,08:15,2.2,non-stop,15,7570,118.28,VALIDATED_NORMAL,437e7207540f27ab
2026-09-17T23:40:39Z,2026-10-03,Saturday,IndiGo,6E,6E-178,Premium Economy,Bangalore,Hyderabad,20:30,22:45,1.1,non-stop,15,7580,118.44,VALIDATED_NORMAL,5dbb258bcb4e2eb3
2026-09-17T23:40:39Z,2026-10-03,Saturday,Vistara,UK,UK-265,Economy,Mumbai,Kolkata,20:30,22:45,2.6,non-stop,15,9900,154.69,VALIDATED_NORMAL,c5776ba6aeab717d
2026-09-17T23:40:39Z,2026-10-03,Saturday,IndiGo,6E,6E-661,Economy,Mumbai,Kolkata,06:00,08:15,2.6,non-stop,15,8890,138.91,VALIDATED_NORMAL,d90a7dec9987d33c
2026-09-17T23:40:39Z,2026-11-02,Monday,Air India,AI,AI-307,Economy,Mumbai,Kolkata,08:30,10:45,2.6,non-stop,45,4690,73.28,VALIDATED_NORMAL,2d52f3e9f79d3231
2026-09-17T23:40:39Z,2026-09-19,Saturday,Air India,AI,AI-906,Economy,Delhi,Mumbai,20:30,22:45,2.1,non-stop,1,24530,383.28,FLAGGED_SURGE,bc53c3ea29b294fe
2026-09-17T23:40:39Z,2026-10-18,Sunday,Air India,AI,AI-804,Economy,Mumbai,Hyderabad,06:00,08:15,1.5,non-stop,30,3300,51.56,VALIDATED_NORMAL,d6ebad3c73fd9a29
2026-09-17T23:40:39Z,2026-10-03,Saturday,Air India,AI,AI-493,Economy,Mumbai,Bangalore,18:00,20:15,1.7,non-stop,15,6550,102.34,VALIDATED_NORMAL,e53c6e51383be0c0
2026-09-17T23:40:39Z,2026-10-02,Friday,AirAsia,I5,I5-157,Economy,Delhi,Kolkata,18:00,20:15,2.2,non-stop,14,7380,115.31,VALIDATED_NORMAL,4bff8ca075aa1e93
2026-09-17T23:40:39Z,2026-10-18,Sunday,IndiGo,6E,6E-156,Business,Hyderabad,Mumbai,14:45,17:00,1.5,non-stop,30,12380,193.44,VALIDATED_NORMAL,584a40ad8c387511
2026-09-17T23:40:39Z,2026-10-18,Sunday,IndiGo,6E,6E-329,Economy,Bangalore,Hyderabad,20:30,22:45,3.6,1-stop,30,2010,31.41,VALIDATED_NORMAL,d5d7aeaaa3c5a76d
2026-09-17T23:41:39Z,2026-10-03,Saturday,IndiGo,6E,6E-367,Economy,Mumbai,Hyderabad,14:45,17:00,1.5,non-stop,15,4850,75.78,VALIDATED_NORMAL,85524ea7ea9b06aa
2026-09-17T23:41:39Z,2026-09-25,Friday,IndiGo,6E,6E-364,Economy,Delhi,Ahmedabad,06:00,08:15,1.6,non-stop,7,8260,129.06,VALIDATED_NORMAL,7aba1b9c7fd3bb26
2026-09-17T23:41:39Z,2026-10-09,Friday,Vistara,UK,UK-283,Economy,Bangalore,Mumbai,20:30,22:45,4.2,1-stop,21,4870,76.09,VALIDATED_NORMAL,8d70ce42c2158a5e
2026-09-17T23:41:39Z,2026-09-20,Sunday,IndiGo,6E,6E-838,Economy,Mumbai,Kolkata,11:15,13:30,2.6,non-stop,2,20420,319.06,VALIDATED_NORMAL,ccce432c598de61b
2026-09-17T23:41:39Z,2026-10-18,Sunday,AirAsia,I5,I5-340,Economy,Mumbai,Hyderabad,20:30,22:45,1.5,non-stop,30,3050,47.66,VALIDATED_NORMAL,15f8c5e018bec228
2026-09-17T23:41:39Z,2026-10-09,Friday,AirAsia,I5,I5-490,Economy,Bangalore,Hyderabad,18:00,20:15,3.6,1-stop,21,2550,39.84,VALIDATED_NORMAL,61c7f8f6a0402221
2026-09-17T23:41:39Z,2026-09-19,Saturday,Air India,AI,AI-844,Economy,Kolkata,Mumbai,14:45,17:00,2.6,non-stop,1,29480,460.62,FLAGGED_SURGE,9140611d6759ae88
2026-09-17T23:41:39Z,2026-10-03,Saturday,IndiGo,6E,6E-545,Economy,Bangalore,Mumbai,04:30,06:45,1.7,non-stop,15,5940,92.81,VALIDATED_NORMAL,6e6ab96ff871fc3e
2026-09-17T23:41:39Z,2026-09-25,Friday,IndiGo,6E,6E-491,Economy,Mumbai,Kolkata,18:00,20:15,2.6,non-stop,7,13210,206.41,VALIDATED_NORMAL,df7f598b11027fe0
2026-09-17T23:41:39Z,2026-09-20,Sunday,Vistara,UK,UK-273,Economy,Bangalore,Mumbai,06:00,08:15,1.7,non-stop,2,16190,252.97,VALIDATED_NORMAL,2a25fdb7f455ab98
2026-09-17T23:41:39Z,2026-09-19,Saturday,IndiGo,6E,6E-651,Economy,Bangalore,Hyderabad,06:00,08:15,1.1,non-stop,1,10550,164.84,VALIDATED_NORMAL,148c0fd228f1e61a
2026-09-17T23:41:39Z,2026-09-20,Sunday,IndiGo,6E,6E-946,Economy,Delhi,Chennai,11:15,13:30,2.8,non-stop,2,23030,359.84,VALIDATED_NORMAL,c5f5ada2d2708b45
2026-09-17T23:41:39Z,2026-09-19,Saturday,Akasa Air,QP,QP-703,Economy,Mumbai,Hyderabad,11:15,13:30,1.5,non-stop,1,13190,206.09,VALIDATED_NORMAL,aa9fb2c93fae328f
2026-09-17T23:41:39Z,2026-10-03,Saturday,Akasa Air,QP,QP-582,Economy,Bangalore,Mumbai,20:30,22:45,1.7,non-stop,15,5540,86.56,VALIDATED_NORMAL,80d47e71f5b9ac25
2026-09-17T23:41:39Z,2026-09-25,Friday,Air India,AI,AI-323,Economy,Mumbai,Bangalore,04:30,06:45,1.7,non-stop,7,9730,152.03,VALIDATED_NORMAL,c2acead53fa06d4a
2026-09-17T23:41:39Z,2026-10-02,Friday,IndiGo,6E,6E-258,Economy,Bangalore,Delhi,20:30,22:45,2.7,non-stop,14,10360,161.88,VALIDATED_NORMAL,869e177a0c91c5ef
2026-09-17T23:41:39Z,2026-11-02,Monday,IndiGo,6E,6E-823,Premium Economy,Bangalore,Mumbai,11:15,13:30,1.7,non-stop,45,5950,92.97,VALIDATED_NORMAL,5ba432b9f93d3110
2026-09-17T23:41:39Z,2026-10-09,Friday,IndiGo,6E,6E-606,Economy,Mumbai,Delhi,06:00,08:15,2.1,non-stop,21,5580,87.19,VALIDATED_NORMAL,2ce16301860da54c
2026-09-17T23:42:39Z,2026-10-09,Friday,Vistara,UK,UK-197,Economy,Mumbai,Delhi,14:45,17:00,2.1,non-stop,21,6750,105.47,VALIDATED_NORMAL,6b05513bb452097e
2026-09-17T23:42:39Z,2026-10-03,Saturday,Vistara,UK,UK-739,Economy,Bangalore,Hyderabad,14:45,17:00,3.6,1-stop,15,3660,57.19,VALIDATED_NORMAL,f23a1ed73ff9e876
2026-09-17T23:42:39Z,2026-09-19,Saturday,IndiGo,6E,6E-461,Economy,Hyderabad,Bangalore,11:15,13:30,1.1,non-stop,1,11300,176.56,VALIDATED_NORMAL,c8e528d993e6532f
2026-09-17T23:42:39Z,2026-10-03,Saturday,SpiceJet,SG,SG-650,Economy,Delhi,Mumbai,04:30,06:45,2.1,non-stop,15,6470,101.09,VALIDATED_NORMAL,3cd16b21a0b726ac
2026-09-17T23:42:39Z,2026-10-03,Saturday,Vistara,UK,UK-619,Premium Economy,Ahmedabad,Delhi,20:30,22:45,1.6,non-stop,15,12280,191.88,VALIDATED_NORMAL,2ca3013455a9a506
2026-09-17T23:42:39Z,2026-11-02,Monday,IndiGo,6E,6E-787,Economy,Delhi,Chennai,04:30,06:45,2.8,non-stop,45,4220,65.94,VALIDATED_NORMAL,6c8bba33b0f00393
2026-09-17T23:42:39Z,2026-09-20,Sunday,IndiGo,6E,6E-993,Economy,Chennai,Delhi,14:45,17:00,2.8,non-stop,2,23840,372.5,FLAGGED_SURGE,55d97d4e2368e5d5
2026-09-17T23:42:39Z,2026-09-19,Saturday,AirAsia,I5,I5-238,Economy,Mumbai,Bangalore,18:00,20:15,1.7,non-stop,1,14960,233.75,VALIDATED_NORMAL,97df601e26ac912e
2026-09-17T23:42:39Z,2026-11-02,Monday,Akasa Air,QP,QP-113,Premium Economy,Mumbai,Bangalore,04:30,06:45,1.7,non-stop,45,5480,85.62,VALIDATED_NORMAL,85cde20e7de0517f
2026-09-17T23:42:39Z,2026-09-25,Friday,IndiGo,6E,6E-317,Economy,Ahmedabad,Delhi,18:00,20:15,1.6,non-stop,7,7700,120.31,VALIDATED_NORMAL,c4b20746dbc67c71
2026-09-17T23:42:39Z,2026-10-02,Friday,Vistara,UK,UK-611,Economy,Delhi,Chennai,11:15,13:30,2.8,non-stop,14,11220,175.31,VALIDATED_NORMAL,12e9baff61bba90f
2026-09-17T23:42:39Z,2026-10-03,Saturday,IndiGo,6E,6E-243,Economy,Kolkata,Delhi,04:30,06:45,2.2,non-stop,15,7960,124.37,VALIDATED_NORMAL,87a24e987ebc9cea
2026-09-17T23:42:39Z,2026-09-19,Saturday,Air India,AI,AI-756,Economy,Mumbai,Bangalore,08:30,10:45,1.7,non-stop,1,19400,303.12,VALIDATED_NORMAL,f2ba9faea3c52a7a
2026-09-17T23:42:39Z,2026-10-09,Friday,IndiGo,6E,6E-916,Economy,Chennai,Delhi,14:45,17:00,5.3,1-stop,21,6740,105.31,VALIDATED_NORMAL,fb5f0304f725f939
2026-09-17T23:42:39Z,2026-10-02,Friday,IndiGo,6E,6E-670,Economy,Mumbai,Delhi,18:00,20:15,2.1,non-stop,14,7310,114.22,VALIDATED_NORMAL,f0a845023ba4d02f
2026-09-17T23:42:39Z,2026-11-02,Monday,IndiGo,6E,6E-729,Economy,Kolkata,Mumbai,14:45,17:00,2.6,non-stop,45,3920,61.25,VALIDATED_NORMAL,0138e661e33affd9
2026-09-17T23:42:39Z,2026-10-02,Friday,Air India,AI,AI-987,Economy,Ahmedabad,Delhi,06:00,08:15,1.6,non-stop,14,6570,102.66,VALIDATED_NORMAL,d55db319196d5abe
2026-09-17T23:42:39Z,2026-11-02,Monday,IndiGo,6E,6E-283,Economy,Bangalore,Delhi,04:30,06:45,2.7,non-stop,45,4380,68.44,VALIDATED_NORMAL,48bdabc534a9609a
2026-09-17T23:43:58Z,2026-10-03,Saturday,SpiceJet,SG,SG-993,Economy,Mumbai,Bangalore,04:30,06:45,1.7,non-stop,15,5740,89.69,VALIDATED_NORMAL,fd1b9c33dd91d825
2026-09-17T23:43:58Z,2026-10-09,Friday,IndiGo,6E,6E-880,Economy,Delhi,Chennai,06:00,08:15,2.8,non-stop,21,7260,113.44,VALIDATED_NORMAL,46dcb2dc2e6eff8f
2026-09-17T23:43:58Z,2026-10-18,Sunday,Air India,AI,AI-314,Economy,Mumbai,Delhi,06:00,08:15,2.1,non-stop,30,4810,75.16,VALIDATED_NORMAL,b75dc564ad4afdd7
2026-09-17T23:43:58Z,2026-10-18,Sunday,Vistara,UK,UK-257,Business,Hyderabad,Mumbai,18:00,20:15,1.5,non-stop,30,13810,215.78,VALIDATED_NORMAL,d0f074bf0bc44f0c
2026-09-17T23:43:58Z,2026-09-25,Friday,IndiGo,6E,6E-350,Economy,Kolkata,Mumbai,14:45,17:00,2.6,non-stop,7,12850,200.78,VALIDATED_NORMAL,6d415976a32b1aec
2026-09-17T23:43:58Z,2026-10-09,Friday,Air India,AI,AI-629,Economy,Ahmedabad,Delhi,04:30,06:45,1.6,non-stop,21,4710,73.59,VALIDATED_NORMAL,65e289cf9dcc2c55
2026-09-17T23:43:58Z,2026-09-19,Saturday,Air India,AI,AI-794,Economy,Bangalore,Mumbai,08:30,10:45,1.7,non-stop,1,18070,282.34,VALIDATED_NORMAL,624de8ca7fc95a66
2026-09-17T23:43:58Z,2026-10-02,Friday,IndiGo,6E,6E-745,Premium Economy,Ahmedabad,Delhi,06:00,08:15,1.6,non-stop,14,12130,189.53,VALIDATED_NORMAL,19e310463dc2f64e
2026-09-17T23:43:58Z,2026-11-02,Monday,IndiGo,6E,6E-457,Economy,Kolkata,Delhi,04:30,06:45,2.2,non-stop,45,3730,58.28,VALIDATED_NORMAL,cd5191ea16359f7c
2026-09-17T23:43:58Z,2026-09-20,Sunday,IndiGo,6E,6E-495,Economy,Ahmedabad,Delhi,06:00,08:15,1.6,non-stop,2,13910,217.34,VALIDATED_NORMAL,e944cfa90b8af30e
2026-09-17T23:43:58Z,2026-10-09,Friday,Vistara,UK,UK-481,Economy,Bangalore,Mumbai,11:15,13:30,1.7,non-stop,21,5340,83.44,VALIDATED_NORMAL,9490ba0adb96d458
2026-09-17T23:43:58Z,2026-09-19,Saturday,IndiGo,6E,6E-918,Economy,Kolkata,Delhi,20:30,22:45,2.2,non-stop,1,23280,363.75,VALIDATED_NORMAL,9fd59d3764296e3f
2026-09-17T23:43:58Z,2026-11-02,Monday,SpiceJet,SG,SG-976,Economy,Hyderabad,Mumbai,11:15,13:30,4.0,1-stop,45,2160,33.75,VALIDATED_NORMAL,2baf5af54baf0cf6
2026-09-17T23:43:58Z,2026-10-03,Saturday,Vistara,UK,UK-437,Economy,Bangalore,Mumbai,18:00,20:15,1.7,non-stop,15,6810,106.41,VALIDATED_NORMAL,118a1cc8eee45b12
2026-09-17T23:43:58Z,2026-10-03,Saturday,IndiGo,6E,6E-413,Business,Delhi,Kolkata,14:45,17:00,2.2,non-stop,15,27260,425.94,FLAGGED_SURGE,6251cff887058e4d
2026-09-17T23:43:58Z,2026-09-25,Friday,IndiGo,6E,6E-626,Economy,Delhi,Mumbai,04:30,06:45,2.1,non-stop,7,10730,167.66,VALIDATED_NORMAL,9d69c1647b37a174
2026-09-17T23:43:58Z,2026-09-25,Friday,Vistara,UK,UK-836,Economy,Delhi,Bangalore,08:30,10:45,2.7,non-stop,7,15760,246.25,VALIDATED_NORMAL,7bfd20d793d76dd9
2026-09-17T23:43:58Z,2026-10-09,Friday,Vistara,UK,UK-380,Premium Economy,Bangalore,Mumbai,04:30,06:45,1.7,non-stop,21,10970,171.41,VALIDATED_NORMAL,d076cac360e04c46
2026-09-17T23:44:58Z,2026-10-02,Friday,AirAsia,I5,I5-501,Business,Kolkata,Delhi,08:30,10:45,4.7,1-stop,14,27370,427.66,VALIDATED_NORMAL,29c1440c6808fcdc
2026-09-17T23:44:58Z,2026-10-09,Friday,AirAsia,I5,I5-899,Economy,Bangalore,Mumbai,18:00,20:15,1.7,non-stop,21,4170,65.16,VALIDATED_NORMAL,96a925a431dd17f1
2026-09-17T23:44:58Z,2026-10-18,Sunday,Akasa Air,QP,QP-779,Economy,Kolkata,Delhi,20:30,22:45,2.2,non-stop,30,4230,66.09,VALIDATED_NORMAL,1a8e53c3c14ea480
2026-09-17T23:44:58Z,2026-10-09,Friday,Akasa Air,QP,QP-382,Economy,Bangalore,Hyderabad,08:30,10:45,1.1,non-stop,21,2630,41.09,VALIDATED_NORMAL,ebc0fc80d5f776e4
2026-09-17T23:44:58Z,2026-10-09,Friday,Air India,AI,AI-651,Economy,Mumbai,Bangalore,06:00,08:15,1.7,non-stop,21,4860,75.94,VALIDATED_NORMAL,9cc973c85a4db14f
2026-09-17T23:44:58Z,2026-09-19,Saturday,SpiceJet,SG,SG-836,Economy,Mumbai,Hyderabad,20:30,22:45,1.5,non-stop,1,13320,208.12,VALIDATED_NORMAL,fc9fedc751d568b5
2026-09-17T23:44:58Z,2026-10-09,Friday,IndiGo,6E,6E-157,Economy,Hyderabad,Mumbai,20:30,22:45,1.5,non-stop,21,3980,62.19,VALIDATED_NORMAL,328b790bb34e37de
2026-09-17T23:44:58Z,2026-11-02,Monday,IndiGo,6E,6E-301,Economy,Delhi,Kolkata,18:00,20:15,2.2,non-stop,45,3420,53.44,VALIDATED_NORMAL,6e05ed9f1b3b0432
2026-09-17T23:44:58Z,2026-11-02,Monday,Air India,AI,AI-604,Economy,Delhi,Bangalore,04:30,06:45,2.7,non-stop,45,5000,78.12,VALIDATED_NORMAL,f4dbae21edd54932
2026-09-17T23:44:58Z,2026-10-18,Sunday,Vistara,UK,UK-849,Economy,Mumbai,Hyderabad,11:15,13:30,4.0,1-stop,30,3310,51.72,VALIDATED_NORMAL,90b2f3d952c6c77c
2026-09-17T23:44:58Z,2026-11-02,Monday,Vistara,UK,UK-809,Economy,Delhi,Bangalore,04:30,06:45,2.7,non-stop,45,4900,76.56,VALIDATED_NORMAL,2a2152c565775a61
2026-09-17T23:44:58Z,2026-10-09,Friday,IndiGo,6E,6E-369,Economy,Mumbai,Hyderabad,04:30,06:45,1.5,non-stop,21,3950,61.72,VALIDATED_NORMAL,6ce1de8bfe2a206e
2026-09-17T23:44:58Z,2026-11-02,Monday,IndiGo,6E,6E-742,Economy,Mumbai,Bangalore,14:45,17:00,4.2,1-stop,45,2610,40.78,VALIDATED_NORMAL,9d29f68c781d274a
2026-09-17T23:44:58Z,2026-10-02,Friday,IndiGo,6E,6E-502,Economy,Kolkata,Mumbai,14:45,17:00,5.1,1-stop,14,8900,139.06,VALIDATED_NORMAL,73e08008ca6f797c
2026-09-17T23:44:58Z,2026-10-18,Sunday,SpiceJet,SG,SG-609,Business,Delhi,Kolkata,11:15,13:30,2.2,non-stop,30,16470,257.34,VALIDATED_NORMAL,b210fe8b8725775f
2026-09-17T23:44:58Z,2026-10-02,Friday,IndiGo,6E,6E-964,Economy,Delhi,Bangalore,14:45,17:00,2.7,non-stop,14,9540,149.06,VALIDATED_NORMAL,3a107e75537632cc
2026-09-17T23:44:58Z,2026-09-20,Sunday,IndiGo,6E,6E-286,Economy,Delhi,Chennai,04:30,06:45,2.8,non-stop,2,23220,362.81,VALIDATED_NORMAL,3e103ee47a0cc026
2026-09-17T23:44:58Z,2026-09-20,Sunday,IndiGo,6E,6E-329,Economy,Kolkata,Mumbai,06:00,08:15,2.6,non-stop,2,21370,333.91,VALIDATED_NORMAL,c47fb68b8737b029
2026-09-17T23:45:58Z,2026-11-02,Monday,SpiceJet,SG,SG-900,Economy,Ahmedabad,Delhi,20:30,22:45,1.6,non-stop,45,2510,39.22,VALIDATED_NORMAL,9387a9d8e6431427
2026-09-17T23:45:58Z,2026-09-19,Saturday,Vistara,UK,UK-540,Economy,Kolkata,Delhi,14:45,17:00,2.2,non-stop,1,25290,395.16,VALIDATED_NORMAL,540e84e4aaf4875e
2026-09-17T23:45:58Z,2026-10-02,Friday,Air India,AI,AI-590,Economy,Mumbai,Delhi,04:30,06:45,2.1,non-stop,14,8410,131.41,VALIDATED_NORMAL,b9266c638201d96a
2026-09-17T23:45:58Z,2026-09-20,Sunday,Vistara,UK,UK-418,Economy,Mumbai,Hyderabad,14:45,17:00,1.5,non-stop,2,14700,229.69,VALIDATED_NORMAL,461c7abcea9017a5
2026-09-17T23:45:58Z,2026-09-20,Sunday,IndiGo,6E,6E-163,Economy,Delhi,Bangalore,20:30,22:45,2.7,non-stop,2,21140,330.31,VALIDATED_NORMAL,c9f1902bec91000f
2026-09-17T23:45:58Z,2026-10-02,Friday,Akasa Air,QP,QP-110,Premium Economy,Ahmedabad,Delhi,20:30,22:45,1.6,non-stop,14,10800,168.75,VALIDATED_NORMAL,48f0c5f2140aafc6
2026-09-17T23:45:58Z,2026-10-18,Sunday,IndiGo,6E,6E-719,Economy,Bangalore,Delhi,06:00,08:15,5.2,1-stop,30,5250,82.03,VALIDATED_NORMAL,ed3e7b1309e0cb80
2026-09-17T23:45:58Z,2026-09-19,Saturday,IndiGo,6E,6E-268,Economy,Mumbai,Kolkata,14:45,17:00,2.6,non-stop,1,27250,425.78,VALIDATED_NORMAL,e797e70c3ff69397
2026-09-17T23:45:58Z,2026-10-09,Friday,IndiGo,6E,6E-905,Economy,Bangalore,Mumbai,18:00,20:15,1.7,non-stop,21,4410,68.91,VALIDATED_NORMAL,01fa5dc60fd59eaf
2026-09-17T23:45:58Z,2026-11-02,Monday,IndiGo,6E,6E-847,Economy,Mumbai,Hyderabad,20:30,22:45,1.5,non-stop,45,2370,37.03,VALIDATED_NORMAL,33fcb61cf2a7d755
2026-09-17T23:45:58Z,2026-10-18,Sunday,Air India,AI,AI-370,Economy,Mumbai,Delhi,06:00,08:15,2.1,non-stop,30,9278,144.97,VALIDATED_NORMAL,4d3c31df59e5b7a3
2026-09-17T23:45:58Z,2026-10-03,Saturday,IndiGo,6E,6E-125,Business,Kolkata,Mumbai,04:30,06:45,2.6,non-stop,15,33250,519.53,FLAGGED_SURGE,6969018fca5fc4f7
2026-09-17T23:45:58Z,2026-09-25,Friday,IndiGo,6E,6E-627,Economy,Delhi,Bangalore,20:30,22:45,2.7,non-stop,7,12970,202.66,VALIDATED_NORMAL,2f869014ba3439ce
2026-09-17T23:45:58Z,2026-09-25,Friday,IndiGo,6E,6E-272,Economy,Bangalore,Hyderabad,08:30,10:45,1.1,non-stop,7,5540,86.56,VALIDATED_NORMAL,5ea375a0bb84f289
2026-09-17T23:45:58Z,2026-10-18,Sunday,IndiGo,6E,6E-113,Economy,Delhi,Kolkata,06:00,08:15,2.2,non-stop,30,4320,67.5,VALIDATED_NORMAL,6f375e129f51ed7e
2026-09-17T23:45:58Z,2026-09-25,Friday,IndiGo,6E,6E-187,Economy,Bangalore,Delhi,18:00,20:15,2.7,non-stop,7,12860,200.94,VALIDATED_NORMAL,0e406025179c4795
2026-09-17T23:45:58Z,2026-10-18,Sunday,IndiGo,6E,6E-500,Premium Economy,Kolkata,Delhi,11:15,13:30,2.2,non-stop,30,9360,146.25,VALIDATED_NORMAL,6c31ebe42c1ea038
2026-09-17T23:45:58Z,2026-09-25,Friday,Akasa Air,QP,QP-854,Economy,Hyderabad,Bangalore,20:30,22:45,1.1,non-stop,7,5180,80.94,VALIDATED_NORMAL,3e5ca92aa20dfd67
2026-09-17T23:46:58Z,2026-10-09,Friday,IndiGo,6E,6E-317,Economy,Delhi,Kolkata,18:00,20:15,2.2,non-stop,21,6280,98.12,VALIDATED_NORMAL,82e0297584e6bacf
2026-09-17T23:46:58Z,2026-09-20,Sunday,IndiGo,6E,6E-505,Economy,Delhi,Chennai,11:15,13:30,2.8,non-stop,2,22950,358.59,VALIDATED_NORMAL,298ee821838d169e
2026-09-17T23:46:58Z,2026-10-02,Friday,IndiGo,6E,6E-760,Economy,Bangalore,Hyderabad,04:30,06:45,1.1,non-stop,14,3720,58.13,VALIDATED_NORMAL,0fb17603177980c2
2026-09-17T23:46:58Z,2026-10-09,Friday,IndiGo,6E,6E-336,Economy,Bangalore,Delhi,20:30,22:45,2.7,non-stop,21,6930,108.28,VALIDATED_NORMAL,b8779cfe34876556
2026-09-17T23:46:58Z,2026-10-09,Friday,IndiGo,6E,6E-399,Economy,Kolkata,Mumbai,04:30,06:45,2.6,non-stop,21,6680,104.38,VALIDATED_NORMAL,606e19291f57d3d8
2026-09-17T23:46:58Z,2026-09-20,Sunday,SpiceJet,SG,SG-223,Economy,Hyderabad,Mumbai,14:45,17:00,1.5,non-stop,2,11170,174.53,VALIDATED_NORMAL,04742dc989c3770e
2026-09-17T23:46:58Z,2026-10-18,Sunday,SpiceJet,SG,SG-126,Economy,Delhi,Kolkata,18:00,20:15,2.2,non-stop,30,4590,71.72,VALIDATED_NORMAL,24e2d0d4414c4d5a
2026-09-17T23:46:58Z,2026-10-09,Friday,IndiGo,6E,6E-293,Economy,Bangalore,Hyderabad,20:30,22:45,3.6,1-stop,21,2820,44.06,VALIDATED_NORMAL,9cac66f74a622d85
2026-09-17T23:46:58Z,2026-09-25,Friday,IndiGo,6E,6E-648,Economy,Bangalore,Hyderabad,04:30,06:45,1.1,non-stop,7,5580,87.19,VALIDATED_NORMAL,a3f745572c35ceb4
2026-09-17T23:46:58Z,2026-10-18,Sunday,IndiGo,6E,6E-860,Economy,Bangalore,Mumbai,08:30,10:45,1.7,non-stop,30,3570,55.78,VALIDATED_NORMAL,b84f40df28860e41
2026-09-17T23:46:58Z,2026-10-02,Friday,Air India,AI,AI-966,Economy,Delhi,Chennai,18:00,20:15,2.8,non-stop,14,10940,170.94,VALIDATED_NORMAL,88c4d2e3db4bed7b
2026-09-17T23:46:58Z,2026-09-20,Sunday,IndiGo,6E,6E-553,Economy,Delhi,Chennai,18:00,20:15,2.8,non-stop,2,23020,359.69,VALIDATED_NORMAL,3b6da54d1e93e2a1
2026-09-17T23:46:58Z,2026-09-19,Saturday,IndiGo,6E,6E-677,Economy,Bangalore,Mumbai,04:30,06:45,1.7,non-stop,1,16230,253.59,VALIDATED_NORMAL,d24e019a70c660c7
2026-09-17T23:46:58Z,2026-09-25,Friday,SpiceJet,SG,SG-617,Economy,Kolkata,Mumbai,18:00,20:15,2.6,non-stop,7,12660,197.81,VALIDATED_NORMAL,a0c82adbea70cb5b
2026-09-17T23:46:58Z,2026-09-25,Friday,Vistara,UK,UK-173,Economy,Kolkata,Delhi,04:30,06:45,2.2,non-stop,7,12460,194.69,VALIDATED_NORMAL,e2292b1d36d747ec
2026-09-17T23:46:58Z,2026-10-09,Friday,IndiGo,6E,6E-716,Economy,Bangalore,Mumbai,14:45,17:00,1.7,non-stop,21,4610,72.03,VALIDATED_NORMAL,24ae1ef494590d46
2026-09-17T23:46:58Z,2026-09-25,Friday,IndiGo,6E,6E-945,Economy,Kolkata,Delhi,14:45,17:00,2.2,non-stop,7,10820,169.06,VALIDATED_NORMAL,b74d9df1f2a78787
2026-09-17T23:46:58Z,2026-10-02,Friday,IndiGo,6E,6E-963,Economy,Ahmedabad,Delhi,11:15,13:30,1.6,non-stop,14,5760,90.0,VALIDATED_NORMAL,4cc0a86e77182dac
2026-09-17T23:47:58Z,2026-10-02,Friday,IndiGo,6E,6E-487,Economy,Bangalore,Mumbai,18:00,20:15,1.7,non-stop,14,6090,95.16,VALIDATED_NORMAL,45f288bd9bb1cc69
2026-09-17T23:47:58Z,2026-10-03,Saturday,Air India,AI,AI-246,Economy,Mumbai,Delhi,04:30,06:45,2.1,non-stop,15,7650,119.53,VALIDATED_NORMAL,06b8e71923ca29e9
2026-09-17T23:47:58Z,2026-11-02,Monday,IndiGo,6E,6E-846,Economy,Ahmedabad,Delhi,11:15,13:30,1.6,non-stop,45,2530,39.53,VALIDATED_NORMAL,93f1ad80e1b5de57
2026-09-17T23:47:58Z,2026-10-03,Saturday,IndiGo,6E,6E-229,Economy,Delhi,Bangalore,04:30,06:45,2.7,non-stop,15,8740,136.56,VALIDATED_NORMAL,8d1806a2a07eab00
2026-09-17T23:47:58Z,2026-09-19,Saturday,Vistara,UK,UK-775,Economy,Mumbai,Bangalore,18:00,20:15,1.7,non-stop,1,19410,303.28,VALIDATED_NORMAL,02064042a61ea3f9
2026-09-17T23:47:58Z,2026-10-09,Friday,Air India,AI,AI-191,Economy,Hyderabad,Mumbai,14:45,17:00,1.5,non-stop,21,4340,67.81,VALIDATED_NORMAL,568098dd3271eb7d
2026-09-17T23:47:58Z,2026-10-03,Saturday,Vistara,UK,UK-880,Economy,Hyderabad,Bangalore,08:30,10:45,1.1,non-stop,15,4380,68.44,VALIDATED_NORMAL,cfa7a537556c190f
2026-09-17T23:47:58Z,2026-11-02,Monday,IndiGo,6E,6E-740,Economy,Mumbai,Bangalore,20:30,22:45,1.7,non-stop,45,2880,45.0,VALIDATED_NORMAL,1a765febb8500191
2026-09-17T23:47:58Z,2026-10-09,Friday,IndiGo,6E,6E-171,Premium Economy,Mumbai,Hyderabad,11:15,13:30,1.5,non-stop,21,8080,126.25,VALIDATED_NORMAL,e0682d6579ca6d2c
2026-09-17T23:47:58Z,2026-10-02,Friday,IndiGo,6E,6E-925,Business,Bangalore,Mumbai,04:30,06:45,1.7,non-stop,14,24040,375.62,VALIDATED_NORMAL,c35deec6484bdd46
2026-09-17T23:47:58Z,2026-10-03,Saturday,Vistara,UK,UK-639,Economy,Chennai,Delhi,11:15,13:30,2.8,non-stop,15,10440,163.12,VALIDATED_NORMAL,7705431c51db0365
2026-09-17T23:47:58Z,2026-11-02,Monday,IndiGo,6E,6E-622,Business,Kolkata,Mumbai,04:30,06:45,5.1,1-stop,45,14730,230.16,VALIDATED_NORMAL,900cea91169e648b
2026-09-17T23:47:58Z,2026-09-25,Friday,IndiGo,6E,6E-104,Economy,Hyderabad,Bangalore,14:45,17:00,1.1,non-stop,7,5480,85.62,VALIDATED_NORMAL,c191570ffe1ee740
2026-09-17T23:47:58Z,2026-09-20,Sunday,IndiGo,6E,6E-388,Economy,Chennai,Delhi,11:15,13:30,5.3,1-stop,2,20410,318.91,VALIDATED_NORMAL,deb6138ac4e7af23
2026-09-17T23:47:58Z,2026-09-19,Saturday,IndiGo,6E,6E-175,Economy,Mumbai,Delhi,20:30,22:45,4.6,1-stop,1,18320,286.25,VALIDATED_NORMAL,1d30ca12c500dc71
2026-09-17T23:47:58Z,2026-09-25,Friday,Air India,AI,AI-462,Economy,Delhi,Mumbai,14:45,17:00,2.1,non-stop,7,10720,167.5,VALIDATED_NORMAL,df5429cffc86eb2b
2026-09-17T23:47:58Z,2026-09-19,Saturday,SpiceJet,SG,SG-929,Premium Economy,Bangalore,Delhi,11:15,13:30,2.7,non-stop,1,55880,873.12,FLAGGED_SURGE,7eddb18fb1c776aa
2026-09-17T23:47:58Z,2026-10-02,Friday,IndiGo,6E,6E-223,Economy,Hyderabad,Bangalore,14:45,17:00,3.6,1-stop,14,3640,56.88,VALIDATED_NORMAL,d8b49f5b8659ead1
2026-09-17T23:48:58Z,2026-09-19,Saturday,IndiGo,6E,6E-620,Economy,Kolkata,Mumbai,20:30,22:45,2.6,non-stop,1,27460,429.06,FLAGGED_SURGE,18e61b255a0385ce
2026-09-17T23:48:58Z,2026-10-09,Friday,IndiGo,6E,6E-428,Economy,Ahmedabad,Delhi,06:00,08:15,1.6,non-stop,21,4540,70.94,VALIDATED_NORMAL,693c79eca386d7f5
2026-09-17T23:48:58Z,2026-10-02,Friday,Vistara,UK,UK-996,Economy,Chennai,Delhi,04:30,06:45,2.8,non-stop,14,10570,165.16,VALIDATED_NORMAL,98bf9450bb19b18a
2026-09-17T23:48:58Z,2026-10-18,Sunday,IndiGo,6E,6E-822,Economy,Delhi,Ahmedabad,18:00,20:15,1.6,non-stop,30,3160,49.38,VALIDATED_NORMAL,ee70accbeb2bd890
2026-09-17T23:48:58Z,2026-10-09,Friday,IndiGo,6E,6E-534,Economy,Kolkata,Mumbai,06:00,08:15,5.1,1-stop,21,6240,97.5,VALIDATED_NORMAL,c20b003bce3db101
2026-09-17T23:48:58Z,2026-10-02,Friday,IndiGo,6E,6E-310,Economy,Hyderabad,Bangalore,06:00,08:15,1.1,non-stop,14,4020,62.81,VALIDATED_NORMAL,5e49b03792dee164
2026-09-17T23:48:58Z,2026-10-03,Saturday,IndiGo,6E,6E-493,Economy,Mumbai,Hyderabad,20:30,22:45,1.5,non-stop,15,5060,79.06,VALIDATED_NORMAL,8d7e24406b071055
2026-09-17T23:48:58Z,2026-10-09,Friday,Air India,AI,AI-360,Economy,Delhi,Chennai,06:00,08:15,2.8,non-stop,21,8630,134.84,VALIDATED_NORMAL,f01e5c40f84aafb3
2026-09-17T23:48:58Z,2026-09-25,Friday,AirAsia,I5,I5-252,Economy,Ahmedabad,Delhi,06:00,08:15,1.6,non-stop,7,7760,121.25,VALIDATED_NORMAL,c69926785effb295
2026-09-17T23:48:58Z,2026-10-18,Sunday,SpiceJet,SG,SG-891,Business,Ahmedabad,Delhi,14:45,17:00,1.6,non-stop,30,11560,180.62,VALIDATED_NORMAL,0553ef36792b8b67
2026-09-17T23:48:58Z,2026-11-02,Monday,IndiGo,6E,6E-115,Economy,Mumbai,Bangalore,08:30,10:45,1.7,non-stop,45,2800,43.75,VALIDATED_NORMAL,97d354113303230a
2026-09-17T23:48:58Z,2026-10-09,Friday,IndiGo,6E,6E-630,Economy,Mumbai,Kolkata,04:30,06:45,5.1,1-stop,21,6850,107.03,VALIDATED_NORMAL,3e6271daa4788123
2026-09-17T23:48:58Z,2026-11-02,Monday,IndiGo,6E,6E-729,Economy,Kolkata,Delhi,18:00,20:15,2.2,non-stop,45,3570,55.78,VALIDATED_NORMAL,333ab0004c3eecaf
2026-09-17T23:48:58Z,2026-09-25,Friday,IndiGo,6E,6E-966,Economy,Delhi,Chennai,20:30,22:45,5.3,1-stop,7,13330,208.28,VALIDATED_NORMAL,8d32f92b4f9e01eb
2026-09-17T23:48:58Z,2026-09-19,Saturday,Akasa Air,QP,QP-315,Economy,Delhi,Chennai,14:45,17:00,2.8,non-stop,1,24710,386.09,FLAGGED_SURGE,3da8549a036f0968
2026-09-17T23:48:58Z,2026-11-02,Monday,Air India,AI,AI-323,Economy,Kolkata,Mumbai,14:45,17:00,2.6,non-stop,45,4450,69.53,VALIDATED_NORMAL,1f658b45992dbe40
2026-09-17T23:48:58Z,2026-09-20,Sunday,Air India,AI,AI-736,Economy,Mumbai,Hyderabad,06:00,08:15,1.5,non-stop,2,12910,201.72,VALIDATED_NORMAL,42e94809bc12efcf
2026-09-17T23:48:58Z,2026-09-25,Friday,IndiGo,6E,6E-724,Economy,Delhi,Mumbai,04:30,06:45,2.1,non-stop,7,10540,164.69,VALIDATED_NORMAL,65fc90ccb2562665
2026-09-17T23:49:58Z,2026-10-09,Friday,IndiGo,6E,6E-188,Economy,Mumbai,Hyderabad,06:00,08:15,1.5,non-stop,21,3900,60.94,VALIDATED_NORMAL,36f30057eafba33e
2026-09-17T23:49:58Z,2026-11-02,Monday,IndiGo,6E,6E-517,Business,Mumbai,Delhi,20:30,22:45,2.1,non-stop,45,12860,200.94,VALIDATED_NORMAL,830aa9a0f8587c73
2026-09-17T23:49:58Z,2026-10-18,Sunday,IndiGo,6E,6E-412,Economy,Mumbai,Bangalore,04:30,06:45,1.7,non-stop,30,3710,57.97,VALIDATED_NORMAL,0e1f6af4d9d212cb
2026-09-17T23:49:58Z,2026-09-19,Saturday,Air India,AI,AI-811,Economy,Kolkata,Delhi,11:15,13:30,2.2,non-stop,1,25560,399.38,VALIDATED_NORMAL,91409f2c9785fd32
2026-09-17T23:49:58Z,2026-09-25,Friday,IndiGo,6E,6E-641,Economy,Mumbai,Hyderabad,11:15,13:30,1.5,non-stop,7,7530,117.66,VALIDATED_NORMAL,86a2f0b9bd0eb98e
2026-09-17T23:49:58Z,2026-09-25,Friday,IndiGo,6E,6E-631,Economy,Bangalore,Hyderabad,08:30,10:45,1.1,non-stop,7,5900,92.19,VALIDATED_NORMAL,67eaf046a2a147f6
2026-09-17T23:49:58Z,2026-11-02,Monday,Akasa Air,QP,QP-666,Economy,Delhi,Kolkata,08:30,10:45,2.2,non-stop,45,3250,50.78,VALIDATED_NORMAL,97dc7884af41084f
2026-09-17T23:49:58Z,2026-10-18,Sunday,Air India,AI,AI-392,Premium Economy,Mumbai,Hyderabad,14:45,17:00,4.0,1-stop,30,6760,105.62,VALIDATED_NORMAL,a81b6e278d1f6a6a
2026-09-17T23:49:58Z,2026-10-02,Friday,Vistara,UK,UK-307,Economy,Delhi,Chennai,11:15,13:30,2.8,non-stop,14,12040,188.12,VALIDATED_NORMAL,fcb29ff68cfd7ef9
2026-09-17T23:49:58Z,2026-10-02,Friday,IndiGo,6E,6E-300,Economy,Delhi,Mumbai,18:00,20:15,2.1,non-stop,14,7560,118.12,VALIDATED_NORMAL,81c2311884958e93
2026-09-17T23:49:58Z,2026-09-25,Friday,IndiGo,6E,6E-962,Economy,Bangalore,Delhi,18:00,20:15,2.7,non-stop,7,14360,224.38,VALIDATED_NORMAL,8083e0001fcaca98
2026-09-17T23:49:58Z,2026-10-02,Friday,Air India,AI,AI-166,Economy,Delhi,Mumbai,18:00,20:15,2.1,non-stop,14,7910,123.59,VALIDATED_NORMAL,c8bcc8bc694cccad
2026-09-17T23:49:58Z,2026-09-19,Saturday,IndiGo,6E,6E-719,Economy,Ahmedabad,Delhi,20:30,22:45,1.6,non-stop,1,16310,254.84,VALIDATED_NORMAL,d230cdec67dd77d5
2026-09-17T23:49:58Z,2026-10-03,Saturday,IndiGo,6E,6E-514,Premium Economy,Delhi,Kolkata,06:00,08:15,2.2,non-stop,15,16050,250.78,VALIDATED_NORMAL,7537bb3c165d1b6e
2026-09-17T23:49:58Z,2026-10-03,Saturday,Air India,AI,AI-390,Economy,Mumbai,Kolkata,06:00,08:15,2.6,non-stop,15,9660,150.94,VALIDATED_NORMAL,a06b53088e403632
2026-09-17T23:49:58Z,2026-10-18,Sunday,Air India,AI,AI-649,Economy,Kolkata,Mumbai,18:00,20:15,5.1,1-stop,30,5390,84.22,VALIDATED_NORMAL,3a45dcf37ce424c4
2026-09-17T23:49:58Z,2026-09-25,Friday,IndiGo,6E,6E-686,Economy,Kolkata,Mumbai,06:00,08:15,2.6,non-stop,7,13940,217.81,VALIDATED_NORMAL,453449b5998d9dd3
2026-09-17T23:49:58Z,2026-10-18,Sunday,AirAsia,I5,I5-982,Economy,Hyderabad,Mumbai,06:00,08:15,1.5,non-stop,30,2770,43.28,VALIDATED_NORMAL,22c0a2c9d999f1ba
2026-09-17T23:50:58Z,2026-10-09,Friday,Akasa Air,QP,QP-559,Economy,Mumbai,Kolkata,20:30,22:45,2.6,non-stop,21,6770,105.78,VALIDATED_NORMAL,12667168dc884251
2026-09-17T23:50:58Z,2026-09-25,Friday,IndiGo,6E,6E-738,Economy,Delhi,Kolkata,06:00,08:15,4.7,1-stop,7,10720,167.5,VALIDATED_NORMAL,3f64610d8734b8bb
2026-09-17T23:50:58Z,2026-09-20,Sunday,IndiGo,6E,6E-650,Economy,Hyderabad,Bangalore,18:00,20:15,3.6,1-stop,2,8870,138.59,VALIDATED_NORMAL,732ad61fbeac8113
2026-09-17T23:50:58Z,2026-10-09,Friday,IndiGo,6E,6E-822,Business,Hyderabad,Mumbai,08:30,10:45,1.5,non-stop,21,14810,231.41,VALIDATED_NORMAL,de28a0415f5fddb2
2026-09-17T23:50:58Z,2026-10-02,Friday,IndiGo,6E,6E-179,Economy,Bangalore,Hyderabad,08:30,10:45,1.1,non-stop,14,4120,64.38,VALIDATED_NORMAL,acb7ee6b21a9390c
2026-09-17T23:50:58Z,2026-09-25,Friday,IndiGo,6E,6E-453,Economy,Kolkata,Mumbai,06:00,08:15,2.6,non-stop,7,13130,205.16,VALIDATED_NORMAL,2cded20b5fafd9f3
2026-09-17T23:50:58Z,2026-09-25,Friday,Vistara,UK,UK-949,Economy,Delhi,Mumbai,14:45,17:00,2.1,non-stop,7,11820,184.69,VALIDATED_NORMAL,44265a5337b06a05
2026-09-17T23:50:58Z,2026-09-20,Sunday,Vistara,UK,UK-736,Economy,Delhi,Mumbai,14:45,17:00,2.1,non-stop,2,19060,297.81,VALIDATED_NORMAL,bf07b02c4deebcf9
2026-09-17T23:50:58Z,2026-10-18,Sunday,IndiGo,6E,6E-958,Economy,Bangalore,Hyderabad,14:45,17:00,1.1,non-stop,30,2140,33.44,VALIDATED_NORMAL,a84cd67fb1e6e2c2
2026-09-17T23:50:58Z,2026-10-02,Friday,IndiGo,6E,6E-554,Economy,Mumbai,Bangalore,08:30,10:45,1.7,non-stop,14,5740,89.69,VALIDATED_NORMAL,f8a2f8bd08eec31c
2026-09-17T23:50:58Z,2026-10-02,Friday,IndiGo,6E,6E-916,Economy,Bangalore,Mumbai,06:00,08:15,1.7,non-stop,14,5930,92.66,VALIDATED_NORMAL,97b2b845cf703926
2026-09-17T23:50:58Z,2026-09-20,Sunday,IndiGo,6E,6E-986,Economy,Delhi,Kolkata,11:15,13:30,2.2,non-stop,2,19010,297.03,VALIDATED_NORMAL,77069a0d42c3c0b9
2026-09-17T23:50:58Z,2026-09-25,Friday,SpiceJet,SG,SG-424,Premium Economy,Mumbai,Delhi,20:30,22:45,2.1,non-stop,7,21840,341.25,VALIDATED_NORMAL,fc88f2f9cdeb46e3
2026-09-17T23:50:58Z,2026-10-02,Friday,IndiGo,6E,6E-794,Business,Chennai,Delhi,06:00,08:15,2.8,non-stop,14,36540,570.94,VALIDATED_NORMAL,839a9e933c80bf30
2026-09-17T23:50:58Z,2026-09-20,Sunday,Vistara,UK,UK-378,Business,Kolkata,Mumbai,20:30,22:45,2.6,non-stop,2,88670,1385.47,FLAGGED_SURGE,0bb6599282f62b5a
2026-09-17T23:50:58Z,2026-10-02,Friday,IndiGo,6E,6E-761,Economy,Chennai,Delhi,06:00,08:15,2.8,non-stop,14,10210,159.53,VALIDATED_NORMAL,54e9066d036b42a3
2026-09-17T23:50:58Z,2026-09-19,Saturday,Akasa Air,QP,QP-520,Economy,Mumbai,Kolkata,08:30,10:45,2.6,non-stop,1,25320,395.62,VALIDATED_NORMAL,d63b10afad7cbf5b
2026-09-17T23:50:58Z,2026-11-02,Monday,IndiGo,6E,6E-387,Economy,Kolkata,Delhi,08:30,10:45,2.2,non-stop,45,3760,58.75,VALIDATED_NORMAL,a06d377492f5cec2
2026-09-17T23:51:58Z,2026-10-02,Friday,IndiGo,6E,6E-367,Economy,Bangalore,Delhi,06:00,08:15,2.7,non-stop,14,9690,151.41,VALIDATED_NORMAL,02d206f05d62d454
2026-09-17T23:51:58Z,2026-09-19,Saturday,IndiGo,6E,6E-508,Economy,Mumbai,Hyderabad,14:45,17:00,1.5,non-stop,1,14900,232.81,VALIDATED_NORMAL,799133b9d8831921
2026-09-17T23:51:58Z,2026-09-19,Saturday,IndiGo,6E,6E-923,Economy,Delhi,Mumbai,04:30,06:45,2.1,non-stop,1,20920,326.88,VALIDATED_NORMAL,8cc1da873ddb3f01
2026-09-17T23:51:58Z,2026-10-09,Friday,IndiGo,6E,6E-293,Economy,Delhi,Ahmedabad,18:00,20:15,1.6,non-stop,21,4520,70.62,VALIDATED_NORMAL,c3489c0a4fd75d59
2026-09-17T23:51:58Z,2026-09-20,Sunday,IndiGo,6E,6E-985,Economy,Kolkata,Delhi,11:15,13:30,2.2,non-stop,2,19000,296.88,VALIDATED_NORMAL,cf5cbb950280ba09
2026-09-17T23:51:58Z,2026-10-09,Friday,Akasa Air,QP,QP-636,Economy,Kolkata,Mumbai,14:45,17:00,2.6,non-stop,21,6330,98.91,VALIDATED_NORMAL,7260600712906a0d
2026-09-17T23:51:58Z,2026-09-19,Saturday,IndiGo,6E,6E-236,Premium Economy,Hyderabad,Bangalore,06:00,08:15,1.1,non-stop,1,22890,357.66,VALIDATED_NORMAL,59d49082102ac281
2026-09-17T23:51:58Z,2026-10-02,Friday,IndiGo,6E,6E-177,Economy,Bangalore,Hyderabad,08:30,10:45,1.1,non-stop,14,3750,58.59,VALIDATED_NORMAL,254ad84056e31e16
2026-09-17T23:51:58Z,2026-09-25,Friday,IndiGo,6E,6E-591,Economy,Chennai,Delhi,18:00,20:15,2.8,non-stop,7,14960,233.75,VALIDATED_NORMAL,420082b919e19792
2026-09-17T23:51:58Z,2026-10-02,Friday,IndiGo,6E,6E-180,Economy,Mumbai,Bangalore,08:30,10:45,1.7,non-stop,14,5780,90.31,VALIDATED_NORMAL,3d53fa483cafdf60
2026-09-17T23:51:58Z,2026-10-03,Saturday,IndiGo,6E,6E-769,Economy,Mumbai,Delhi,11:15,13:30,2.1,non-stop,15,7240,113.13,VALIDATED_NORMAL,62ec77bc75450fbf
2026-09-17T23:51:58Z,2026-11-02,Monday,Air India,AI,AI-933,Economy,Bangalore,Mumbai,06:00,08:15,1.7,non-stop,45,2960,46.25,VALIDATED_NORMAL,58c04dfe55c26e23
2026-09-17T23:51:58Z,2026-10-03,Saturday,Vistara,UK,UK-615,Economy,Mumbai,Kolkata,20:30,22:45,2.6,non-stop,15,10560,165.0,VALIDATED_NORMAL,9a49177b797f7c1b
2026-09-17T23:51:58Z,2026-10-03,Saturday,Air India,AI,AI-713,Economy,Mumbai,Kolkata,11:15,13:30,2.6,non-stop,15,9950,155.47,VALIDATED_NORMAL,92fc9e0082707cb0
2026-09-17T23:51:58Z,2026-10-02,Friday,Air India,AI,AI-219,Economy,Delhi,Chennai,20:30,22:45,2.8,non-stop,14,10740,167.81,VALIDATED_NORMAL,5fcf022a9e2da6f8
2026-09-17T23:51:58Z,2026-09-25,Friday,IndiGo,6E,6E-852,Economy,Bangalore,Mumbai,18:00,20:15,1.7,non-stop,7,9070,141.72,VALIDATED_NORMAL,fb8a76457b25dbd7
2026-09-17T23:51:58Z,2026-10-18,Sunday,IndiGo,6E,6E-629,Economy,Delhi,Bangalore,08:30,10:45,2.7,non-stop,30,5880,91.88,VALIDATED_NORMAL,9d217849754037ae
2026-09-17T23:51:58Z,2026-11-02,Monday,IndiGo,6E,6E-318,Business,Delhi,Ahmedabad,14:45,17:00,1.6,non-stop,45,9450,147.66,VALIDATED_NORMAL,680cb892c67500d9
2026-09-17T23:52:58Z,2026-09-25,Friday,IndiGo,6E,6E-383,Economy,Delhi,Kolkata,11:15,13:30,2.2,non-stop,7,11800,184.38,VALIDATED_NORMAL,10e69e5acac30d14
2026-09-17T23:52:58Z,2026-09-20,Sunday,IndiGo,6E,6E-842,Economy,Mumbai,Kolkata,20:30,22:45,2.6,non-stop,2,22200,346.88,VALIDATED_NORMAL,7704aab9d2c45d8d
2026-09-17T23:52:58Z,2026-10-03,Saturday,IndiGo,6E,6E-263,Economy,Bangalore,Delhi,20:30,22:45,2.7,non-stop,15,9670,151.09,VALIDATED_NORMAL,0d0b6eafbe6dd484
2026-09-17T23:52:58Z,2026-11-02,Monday,IndiGo,6E,6E-255,Premium Economy,Hyderabad,Bangalore,20:30,22:45,1.1,non-stop,45,3750,58.59,VALIDATED_NORMAL,22d1bca7bf7ef8d9
2026-09-17T23:52:58Z,2026-10-02,Friday,IndiGo,6E,6E-911,Economy,Bangalore,Delhi,18:00,20:15,2.7,non-stop,14,10170,158.91,VALIDATED_NORMAL,49d8741fbd542e7d
2026-09-17T23:52:58Z,2026-09-25,Friday,IndiGo,6E,6E-218,Economy,Delhi,Ahmedabad,18:00,20:15,1.6,non-stop,7,8550,133.59,VALIDATED_NORMAL,7f607ecbdd40234b
2026-09-17T23:52:58Z,2026-10-02,Friday,IndiGo,6E,6E-465,Economy,Delhi,Kolkata,18:00,20:15,2.2,non-stop,14,8080,126.25,VALIDATED_NORMAL,922d004081e2f5a0
2026-09-17T23:52:58Z,2026-09-19,Saturday,Air India,AI,AI-977,Economy,Mumbai,Delhi,11:15,13:30,2.1,non-stop,1,22760,355.62,VALIDATED_NORMAL,c4fe0307494f90e7
2026-09-17T23:52:58Z,2026-09-19,Saturday,IndiGo,6E,6E-642,Economy,Bangalore,Mumbai,08:30,10:45,1.7,non-stop,1,16230,253.59,VALIDATED_NORMAL,f99076707e319a66
2026-09-17T23:52:58Z,2026-10-02,Friday,IndiGo,6E,6E-487,Business,Bangalore,Mumbai,06:00,08:15,1.7,non-stop,14,24200,378.12,VALIDATED_NORMAL,4e47ec56d369c069
2026-09-17T23:52:58Z,2026-11-02,Monday,Vistara,UK,UK-426,Economy,Mumbai,Bangalore,14:45,17:00,1.7,non-stop,45,3030,47.34,VALIDATED_NORMAL,cdc5f439e3e0bb4a
2026-09-17T23:52:58Z,2026-10-02,Friday,AirAsia,I5,I5-705,Economy,Delhi,Chennai,18:00,20:15,5.3,1-stop,14,8210,128.28,VALIDATED_NORMAL,c7888bd1c6980f51
2026-09-17T23:52:58Z,2026-09-19,Saturday,IndiGo,6E,6E-796,Economy,Ahmedabad,Delhi,20:30,22:45,1.6,non-stop,1,15450,241.41,VALIDATED_NORMAL,9dfeffc5a7d6001c
2026-09-17T23:52:58Z,2026-09-25,Friday,IndiGo,6E,6E-475,Economy,Delhi,Bangalore,06:00,08:15,2.7,non-stop,7,14500,226.56,VALIDATED_NORMAL,027174e5c7b87c27
2026-09-17T23:52:58Z,2026-09-20,Sunday,Air India,AI,AI-184,Economy,Delhi,Ahmedabad,08:30,10:45,1.6,non-stop,2,15130,236.41,VALIDATED_NORMAL,3a26950aaaaff4bf
2026-09-17T23:52:58Z,2026-11-02,Monday,IndiGo,6E,6E-184,Economy,Hyderabad,Mumbai,04:30,06:45,1.5,non-stop,45,2520,39.38,VALIDATED_NORMAL,5a8e8e772b35df9f
2026-09-17T23:52:58Z,2026-10-09,Friday,Air India,AI,AI-518,Economy,Hyderabad,Bangalore,20:30,22:45,3.6,1-stop,21,3070,47.97,VALIDATED_NORMAL,4429ad1f7c007591
2026-09-17T23:52:58Z,2026-09-25,Friday,Air India,AI,AI-842,Economy,Mumbai,Hyderabad,20:30,22:45,1.5,non-stop,7,8080,126.25,VALIDATED_NORMAL,771c4899fb204c65
2026-09-17T23:53:58Z,2026-09-20,Sunday,AirAsia,I5,I5-446,Economy,Mumbai,Bangalore,18:00,20:15,1.7,non-stop,2,13050,203.91,VALIDATED_NORMAL,ad7dca0d29323929
2026-09-17T23:53:58Z,2026-09-25,Friday,Air India,AI,AI-141,Economy,Mumbai,Delhi,06:00,08:15,2.1,non-stop,7,12040,188.12,VALIDATED_NORMAL,579e76db143d1b17
2026-09-17T23:53:58Z,2026-09-19,Saturday,Air India,AI,AI-861,Economy,Hyderabad,Bangalore,08:30,10:45,1.1,non-stop,1,12260,191.56,VALIDATED_NORMAL,b35a212a0833fcaf
2026-09-17T23:53:58Z,2026-10-18,Sunday,Air India,AI,AI-184,Economy,Mumbai,Bangalore,20:30,22:45,1.7,non-stop,30,3890,60.78,VALIDATED_NORMAL,a9b597885957b65b
2026-09-17T23:53:58Z,2026-10-18,Sunday,SpiceJet,SG,SG-468,Economy,Kolkata,Delhi,11:15,13:30,2.2,non-stop,30,4150,64.84,VALIDATED_NORMAL,1d37dcb60015d41a
2026-09-17T23:53:58Z,2026-09-19,Saturday,AirAsia,I5,I5-687,Economy,Mumbai,Kolkata,11:15,13:30,2.6,non-stop,1,24780,387.19,FLAGGED_SURGE,ab37a98d62879aa8
2026-09-17T23:53:58Z,2026-10-03,Saturday,IndiGo,6E,6E-325,Economy,Delhi,Chennai,04:30,06:45,5.3,1-stop,15,9420,147.19,VALIDATED_NORMAL,ed7ad1446a5ad3a3
2026-09-17T23:53:58Z,2026-10-09,Friday,SpiceJet,SG,SG-143,Premium Economy,Bangalore,Hyderabad,20:30,22:45,1.1,non-stop,21,5820,90.94,VALIDATED_NORMAL,58205c54860bca51
2026-09-17T23:53:58Z,2026-10-09,Friday,IndiGo,6E,6E-740,Economy,Chennai,Delhi,08:30,10:45,2.8,non-stop,21,7670,119.84,VALIDATED_NORMAL,f6f4cb3ad7fa9226
2026-09-17T23:53:58Z,2026-10-03,Saturday,Air India,AI,AI-609,Economy,Delhi,Chennai,18:00,20:15,2.8,non-stop,15,10770,168.28,VALIDATED_NORMAL,cc52725631a90433
2026-09-17T23:53:58Z,2026-09-25,Friday,IndiGo,6E,6E-636,Economy,Bangalore,Mumbai,08:30,10:45,1.7,non-stop,7,8540,133.44,VALIDATED_NORMAL,c6d3f92ccfda5f34
2026-09-17T23:53:58Z,2026-10-03,Saturday,IndiGo,6E,6E-758,Economy,Hyderabad,Bangalore,04:30,06:45,1.1,non-stop,15,3920,61.25,VALIDATED_NORMAL,dd07c5ced5a312af
2026-09-17T23:53:58Z,2026-10-18,Sunday,SpiceJet,SG,SG-544,Economy,Delhi,Chennai,18:00,20:15,2.8,non-stop,30,5430,84.84,VALIDATED_NORMAL,b19ab4560d5d2647
2026-09-17T23:53:58Z,2026-09-20,Sunday,IndiGo,6E,6E-640,Economy,Chennai,Delhi,11:15,13:30,2.8,non-stop,2,22730,355.16,FLAGGED_SURGE,6d9e5513cb07c7c2
2026-09-17T23:53:58Z,2026-10-18,Sunday,IndiGo,6E,6E-159,Economy,Delhi,Kolkata,18:00,20:15,2.2,non-stop,30,4270,66.72,VALIDATED_NORMAL,8acb55340bc69fed
2026-09-17T23:53:58Z,2026-09-20,Sunday,IndiGo,6E,6E-355,Economy,Kolkata,Mumbai,08:30,10:45,2.6,non-stop,2,21520,336.25,VALIDATED_NORMAL,d885bfca7fdf661b
2026-09-17T23:53:58Z,2026-09-25,Friday,IndiGo,6E,6E-451,Economy,Mumbai,Bangalore,06:00,08:15,1.7,non-stop,7,8390,131.09,VALIDATED_NORMAL,a95bd08ee07e89b8
2026-09-17T23:53:58Z,2026-10-09,Friday,Vistara,UK,UK-759,Economy,Kolkata,Delhi,14:45,17:00,2.2,non-stop,21,6720,105.0,VALIDATED_NORMAL,35e2601ebb6d6b61
2026-09-17T23:54:58Z,2026-10-09,Friday,IndiGo,6E,6E-621,Economy,Hyderabad,Mumbai,11:15,13:30,1.5,non-stop,21,4120,64.38,VALIDATED_NORMAL,1c9da28e9aef76dd
2026-09-17T23:54:58Z,2026-10-03,Saturday,Air India,AI,AI-577,Economy,Kolkata,Delhi,18:00,20:15,4.7,1-stop,15,7620,119.06,VALIDATED_NORMAL,5e8cb98c1cd2cd8a
2026-09-17T23:54:58Z,2026-09-20,Sunday,Vistara,UK,UK-834,Economy,Delhi,Ahmedabad,08:30,10:45,1.6,non-stop,2,13800,215.62,VALIDATED_NORMAL,d321c09d41c3b671
2026-09-17T23:54:58Z,2026-11-02,Monday,IndiGo,6E,6E-642,Economy,Kolkata,Mumbai,20:30,22:45,2.6,non-stop,45,4230,66.09,VALIDATED_NORMAL,a706a4fd6c1daa72
2026-09-17T23:54:58Z,2026-09-20,Sunday,IndiGo,6E,6E-221,Economy,Delhi,Ahmedabad,14:45,17:00,4.1,1-stop,2,12770,199.53,VALIDATED_NORMAL,7eca2b2681a77ce3
2026-09-17T23:54:58Z,2026-09-19,Saturday,SpiceJet,SG,SG-194,Economy,Mumbai,Kolkata,06:00,08:15,2.6,non-stop,1,23640,369.38,VALIDATED_NORMAL,fc1c1ae7450aefe6
2026-09-17T23:54:58Z,2026-10-18,Sunday,Vistara,UK,UK-453,Economy,Kolkata,Delhi,04:30,06:45,2.2,non-stop,30,5330,83.28,VALIDATED_NORMAL,919b6c463b1a6064
2026-09-17T23:54:58Z,2026-11-02,Monday,IndiGo,6E,6E-250,Premium Economy,Chennai,Delhi,18:00,20:15,2.8,non-stop,45,9980,155.94,VALIDATED_NORMAL,1ae6bd66bbab5fb3
2026-09-17T23:54:58Z,2026-09-20,Sunday,Vistara,UK,UK-106,Economy,Mumbai,Kolkata,11:15,13:30,2.6,non-stop,2,24620,384.69,VALIDATED_NORMAL,6af3836b1b481874
2026-09-17T23:54:58Z,2026-09-19,Saturday,IndiGo,6E,6E-185,Premium Economy,Delhi,Mumbai,20:30,22:45,2.1,non-stop,1,43740,683.44,FLAGGED_SURGE,dcac4a36db0e81d8
2026-09-17T23:54:58Z,2026-10-02,Friday,SpiceJet,SG,SG-953,Economy,Mumbai,Kolkata,04:30,06:45,2.6,non-stop,14,9130,142.66,VALIDATED_NORMAL,853aab042128440b
2026-09-17T23:54:58Z,2026-09-20,Sunday,IndiGo,6E,6E-527,Economy,Ahmedabad,Delhi,06:00,08:15,1.6,non-stop,2,14110,220.47,VALIDATED_NORMAL,265eef2500d9e0ad
2026-09-17T23:54:58Z,2026-09-20,Sunday,IndiGo,6E,6E-473,Economy,Mumbai,Delhi,04:30,06:45,2.1,non-stop,2,17350,271.09,VALIDATED_NORMAL,0a286bcd9c92e161
2026-09-17T23:54:58Z,2026-10-02,Friday,Vistara,UK,UK-199,Economy,Delhi,Chennai,04:30,06:45,2.8,non-stop,14,10830,169.22,VALIDATED_NORMAL,2187eff5cbf0a938
2026-09-17T23:54:58Z,2026-10-02,Friday,IndiGo,6E,6E-888,Economy,Chennai,Delhi,08:30,10:45,2.8,non-stop,14,9500,148.44,VALIDATED_NORMAL,617b8f7698523a73
2026-09-17T23:54:58Z,2026-10-09,Friday,AirAsia,I5,I5-106,Economy,Ahmedabad,Delhi,11:15,13:30,4.1,1-stop,21,3570,55.78,VALIDATED_NORMAL,f1728a7fbfa15937
2026-09-17T23:54:58Z,2026-10-03,Saturday,Air India,AI,AI-649,Economy,Delhi,Ahmedabad,08:30,10:45,1.6,non-stop,15,6170,96.41,VALIDATED_NORMAL,0cb08b7b28f9ea0a
2026-09-17T23:54:58Z,2026-10-02,Friday,SpiceJet,SG,SG-159,Economy,Kolkata,Mumbai,06:00,08:15,2.6,non-stop,14,8360,130.62,VALIDATED_NORMAL,2060bb98768828f6
2026-09-17T23:55:58Z,2026-11-02,Monday,SpiceJet,SG,SG-775,Economy,Hyderabad,Mumbai,14:45,17:00,1.5,non-stop,45,2390,37.34,VALIDATED_NORMAL,7b7a1f5188a5d1ea
2026-09-17T23:55:58Z,2026-10-09,Friday,IndiGo,6E,6E-371,Economy,Mumbai,Hyderabad,20:30,22:45,1.5,non-stop,21,4310,67.34,VALIDATED_NORMAL,4c7379938869c866
2026-09-17T23:55:58Z,2026-09-20,Sunday,IndiGo,6E,6E-697,Economy,Hyderabad,Mumbai,08:30,10:45,1.5,non-stop,2,12480,195.0,VALIDATED_NORMAL,c959ac3bd10c4c9c
2026-09-17T23:55:58Z,2026-11-02,Monday,IndiGo,6E,6E-279,Economy,Mumbai,Kolkata,08:30,10:45,2.6,non-stop,45,4270,66.72,VALIDATED_NORMAL,ca682928326a57b6
2026-09-17T23:55:58Z,2026-09-20,Sunday,IndiGo,6E,6E-202,Economy,Bangalore,Mumbai,06:00,08:15,1.7,non-stop,2,13450,210.16,VALIDATED_NORMAL,d117447a318b4599
2026-09-17T23:55:58Z,2026-11-02,Monday,Akasa Air,QP,QP-688,Premium Economy,Delhi,Ahmedabad,20:30,22:45,1.6,non-stop,45,4960,77.5,VALIDATED_NORMAL,e0ffe5a107f8b045
2026-09-17T23:55:58Z,2026-09-25,Friday,Air India,AI,AI-581,Economy,Bangalore,Mumbai,08:30,10:45,4.2,1-stop,7,8650,135.16,VALIDATED_NORMAL,f6c480bdb4a0fea2
2026-09-17T23:55:58Z,2026-09-25,Friday,IndiGo,6E,6E-890,Economy,Chennai,Delhi,04:30,06:45,2.8,non-stop,7,14870,232.34,VALIDATED_NORMAL,8ba193c2440364a8
2026-09-17T23:55:58Z,2026-09-20,Sunday,Air India,AI,AI-262,Economy,Ahmedabad,Delhi,11:15,13:30,1.6,non-stop,2,13590,212.34,VALIDATED_NORMAL,ac9435ff978102fb
2026-09-17T23:55:58Z,2026-11-02,Monday,Vistara,UK,UK-610,Economy,Ahmedabad,Delhi,18:00,20:15,1.6,non-stop,45,2930,45.78,VALIDATED_NORMAL,305da27f02d91739
2026-09-17T23:55:58Z,2026-10-09,Friday,Vistara,UK,UK-623,Economy,Kolkata,Delhi,11:15,13:30,4.7,1-stop,21,5800,90.62,VALIDATED_NORMAL,003260d0c91beb6c
2026-09-17T23:55:58Z,2026-09-20,Sunday,SpiceJet,SG,SG-408,Economy,Kolkata,Delhi,04:30,06:45,2.2,non-stop,2,16510,257.97,VALIDATED_NORMAL,6f4df5c2111d3944
2026-09-17T23:55:58Z,2026-09-20,Sunday,IndiGo,6E,6E-501,Economy,Bangalore,Hyderabad,14:45,17:00,1.1,non-stop,2,8540,133.44,VALIDATED_NORMAL,ef22398c24c7deeb
2026-09-17T23:55:58Z,2026-09-19,Saturday,Vistara,UK,UK-556,Economy,Delhi,Bangalore,08:30,10:45,2.7,non-stop,1,29890,467.03,FLAGGED_SURGE,2d3538bea908e82e
2026-09-17T23:55:58Z,2026-10-02,Friday,IndiGo,6E,6E-485,Economy,Bangalore,Delhi,11:15,13:30,2.7,non-stop,14,9690,151.41,VALIDATED_NORMAL,287170ef68134137
2026-09-17T23:55:58Z,2026-09-20,Sunday,Vistara,UK,UK-994,Economy,Chennai,Delhi,20:30,22:45,5.3,1-stop,2,24080,376.25,VALIDATED_NORMAL,249eea3f49ef81e9
2026-09-17T23:55:58Z,2026-10-18,Sunday,IndiGo,6E,6E-375,Economy,Mumbai,Hyderabad,08:30,10:45,1.5,non-stop,30,3210,50.16,VALIDATED_NORMAL,03a79ff5fcf30120
2026-09-17T23:55:58Z,2026-09-19,Saturday,SpiceJet,SG,SG-703,Economy,Mumbai,Hyderabad,08:30,10:45,1.5,non-stop,1,14220,222.19,VALIDATED_NORMAL,2ad8f9776b3450e8
2026-09-17T23:56:58Z,2026-10-18,Sunday,IndiGo,6E,6E-796,Economy,Delhi,Ahmedabad,14:45,17:00,1.6,non-stop,30,3290,51.41,VALIDATED_NORMAL,523a0c420d6a4f37
2026-09-17T23:56:58Z,2026-11-02,Monday,IndiGo,6E,6E-410,Economy,Bangalore,Delhi,20:30,22:45,2.7,non-stop,45,4460,69.69,VALIDATED_NORMAL,aaa1e05edd8a0c32
2026-09-17T23:56:58Z,2026-10-18,Sunday,IndiGo,6E,6E-219,Business,Mumbai,Delhi,04:30,06:45,2.1,non-stop,30,17550,274.22,VALIDATED_NORMAL,95d3dec6e072f495
2026-09-17T23:56:58Z,2026-10-18,Sunday,IndiGo,6E,6E-943,Economy,Delhi,Chennai,11:15,13:30,2.8,non-stop,30,5780,90.31,VALIDATED_NORMAL,34f4e13c32519999
2026-09-17T23:56:58Z,2026-10-09,Friday,IndiGo,6E,6E-256,Economy,Bangalore,Delhi,11:15,13:30,2.7,non-stop,21,7030,109.84,VALIDATED_NORMAL,14a8b00677327841
2026-09-17T23:56:58Z,2026-09-19,Saturday,Air India,AI,AI-618,Economy,Mumbai,Bangalore,20:30,22:45,1.7,non-stop,1,18860,294.69,VALIDATED_NORMAL,8c3ca733d209fbfe
2026-09-17T23:56:58Z,2026-10-18,Sunday,IndiGo,6E,6E-438,Economy,Hyderabad,Mumbai,14:45,17:00,4.0,1-stop,30,2760,43.12,VALIDATED_NORMAL,5df6d1bd3a4a7d63
2026-09-17T23:56:58Z,2026-09-25,Friday,Vistara,UK,UK-907,Economy,Bangalore,Mumbai,14:45,17:00,1.7,non-stop,7,9860,154.06,VALIDATED_NORMAL,aae9108002c23d59
2026-09-17T23:56:58Z,2026-09-19,Saturday,Air India,AI,AI-759,Economy,Kolkata,Delhi,06:00,08:15,2.2,non-stop,1,25130,392.66,VALIDATED_NORMAL,77053a6959802ec5
2026-09-17T23:56:58Z,2026-10-18,Sunday,IndiGo,6E,6E-999,Economy,Mumbai,Kolkata,20:30,22:45,2.6,non-stop,30,5050,78.91,VALIDATED_NORMAL,849e3593ae443cc8
2026-09-17T23:56:58Z,2026-09-25,Friday,IndiGo,6E,6E-879,Economy,Delhi,Bangalore,20:30,22:45,2.7,non-stop,7,13930,217.66,VALIDATED_NORMAL,eaa05c9ecf2591cc
2026-09-17T23:56:58Z,2026-10-09,Friday,IndiGo,6E,6E-857,Economy,Kolkata,Mumbai,18:00,20:15,5.1,1-stop,21,6710,104.84,VALIDATED_NORMAL,a1f938e8286f7cf0
2026-09-17T23:56:58Z,2026-10-18,Sunday,AirAsia,I5,I5-563,Economy,Kolkata,Mumbai,11:15,13:30,2.6,non-stop,30,5200,81.25,VALIDATED_NORMAL,be126af48da98d47
2026-09-17T23:56:58Z,2026-10-18,Sunday,IndiGo,6E,6E-399,Economy,Delhi,Chennai,04:30,06:45,2.8,non-stop,30,5980,93.44,VALIDATED_NORMAL,81080a307d63a8fb
2026-09-17T23:56:58Z,2026-10-18,Sunday,IndiGo,6E,6E-850,Economy,Kolkata,Mumbai,08:30,10:45,2.6,non-stop,30,5460,85.31,VALIDATED_NORMAL,d159fbfdea50267b
2026-09-17T23:56:58Z,2026-09-19,Saturday,IndiGo,6E,6E-677,Economy,Bangalore,Delhi,20:30,22:45,2.7,non-stop,1,26430,412.97,VALIDATED_NORMAL,1afe41e87229e02a
2026-09-17T23:56:58Z,2026-11-02,Monday,Air India,AI,AI-873,Economy,Kolkata,Mumbai,04:30,06:45,2.6,non-stop,45,4320,67.5,VALIDATED_NORMAL,4ac44ab750ca9f85
2026-09-17T23:56:58Z,2026-11-02,Monday,IndiGo,6E,6E-276,Economy,Mumbai,Hyderabad,14:45,17:00,1.5,non-stop,45,2520,39.38,VALIDATED_NORMAL,17c13782f71878d8
2026-09-17T23:57:58Z,2026-09-19,Saturday,IndiGo,6E,6E-451,Economy,Chennai,Delhi,18:00,20:15,2.8,non-stop,1,28190,440.47,VALIDATED_NORMAL,18e65ba7015ac404
2026-09-17T23:57:58Z,2026-10-09,Friday,IndiGo,6E,6E-929,Economy,Delhi,Kolkata,08:30,10:45,4.7,1-stop,21,5830,91.09,VALIDATED_NORMAL,c215e524b95c2863
2026-09-17T23:57:58Z,2026-09-20,Sunday,Air India,AI,AI-732,Economy,Bangalore,Hyderabad,04:30,06:45,1.1,non-stop,2,9910,154.84,VALIDATED_NORMAL,b8e3dac4b33a9db1
2026-09-17T23:57:58Z,2026-10-02,Friday,IndiGo,6E,6E-291,Premium Economy,Delhi,Mumbai,11:15,13:30,2.1,non-stop,14,16430,256.72,VALIDATED_NORMAL,35ef5b1ff2ae9995
2026-09-17T23:57:58Z,2026-10-02,Friday,IndiGo,6E,6E-202,Economy,Chennai,Delhi,18:00,20:15,2.8,non-stop,14,9820,153.44,VALIDATED_NORMAL,f70ae1cbb0494438
2026-09-17T23:57:58Z,2026-09-20,Sunday,Air India,AI,AI-321,Economy,Kolkata,Delhi,18:00,20:15,2.2,non-stop,2,19920,311.25,VALIDATED_NORMAL,849f83b7a7ff977c
2026-09-17T23:57:58Z,2026-09-20,Sunday,Akasa Air,QP,QP-935,Economy,Bangalore,Mumbai,06:00,08:15,1.7,non-stop,2,12850,200.78,VALIDATED_NORMAL,83975c1275fc15d4
2026-09-17T23:57:58Z,2026-09-19,Saturday,IndiGo,6E,6E-960,Economy,Hyderabad,Bangalore,20:30,22:45,1.1,non-stop,1,10720,167.5,VALIDATED_NORMAL,63ef9921a88bc917
2026-09-17T23:57:58Z,2026-10-02,Friday,IndiGo,6E,6E-950,Economy,Bangalore,Mumbai,18:00,20:15,1.7,non-stop,14,6080,95.0,VALIDATED_NORMAL,8020259ed99ddfef
2026-09-17T23:57:58Z,2026-10-09,Friday,Air India,AI,AI-329,Economy,Hyderabad,Mumbai,06:00,08:15,4.0,1-stop,21,4130,64.53,VALIDATED_NORMAL,c79f6cea2aa48212
2026-09-17T23:57:58Z,2026-09-25,Friday,Vistara,UK,UK-902,Economy,Kolkata,Mumbai,06:00,08:15,2.6,non-stop,7,14620,228.44,VALIDATED_NORMAL,8757cef2c94386d6
2026-09-17T23:57:58Z,2026-10-02,Friday,Vistara,UK,UK-173,Premium Economy,Kolkata,Mumbai,08:30,10:45,2.6,non-stop,14,21300,332.81,VALIDATED_NORMAL,ffee23ee9a97df21
2026-09-17T23:57:58Z,2026-09-20,Sunday,IndiGo,6E,6E-978,Economy,Ahmedabad,Delhi,18:00,20:15,4.1,1-stop,2,11520,180.0,VALIDATED_NORMAL,0fbb8add0a228764
2026-09-17T23:57:58Z,2026-09-19,Saturday,Akasa Air,QP,QP-491,Economy,Bangalore,Delhi,04:30,06:45,2.7,non-stop,1,25680,401.25,VALIDATED_NORMAL,a519aa9804e2db81
2026-09-17T23:57:58Z,2026-09-19,Saturday,IndiGo,6E,6E-882,Economy,Kolkata,Mumbai,08:30,10:45,2.6,non-stop,1,25580,399.69,VALIDATED_NORMAL,012ad832eb88be68
2026-09-17T23:57:58Z,2026-10-09,Friday,IndiGo,6E,6E-451,Economy,Delhi,Bangalore,08:30,10:45,2.7,non-stop,21,6950,108.59,VALIDATED_NORMAL,e7b1817ae27e5fe1
2026-09-17T23:57:58Z,2026-10-09,Friday,Vistara,UK,UK-178,Economy,Delhi,Mumbai,20:30,22:45,4.6,1-stop,21,5970,93.28,VALIDATED_NORMAL,5b631f2817a9c839
2026-09-17T23:57:58Z,2026-09-20,Sunday,IndiGo,6E,6E-106,Economy,Delhi,Chennai,18:00,20:15,2.8,non-stop,2,23990,374.84,VALIDATED_NORMAL,14ff17656d907e13
2026-09-17T23:58:58Z,2026-10-03,Saturday,IndiGo,6E,6E-398,Economy,Ahmedabad,Delhi,20:30,22:45,1.6,non-stop,15,5340,83.44,VALIDATED_NORMAL,cf82969b99800cc4
2026-09-17T23:58:58Z,2026-10-18,Sunday,IndiGo,6E,6E-904,Premium Economy,Mumbai,Hyderabad,04:30,06:45,1.5,non-stop,30,6880,107.5,VALIDATED_NORMAL,a3814405fc384640
2026-09-17T23:58:58Z,2026-10-03,Saturday,IndiGo,6E,6E-799,Premium Economy,Mumbai,Hyderabad,18:00,20:15,1.5,non-stop,15,11420,178.44,VALIDATED_NORMAL,3d7973d56634e5fa
2026-09-17T23:58:58Z,2026-10-03,Saturday,Air India,AI,AI-555,Business,Chennai,Delhi,20:30,22:45,2.8,non-stop,15,37480,585.62,FLAGGED_SURGE,2407e5b16f724b94
2026-09-17T23:58:58Z,2026-10-09,Friday,Akasa Air,QP,QP-435,Economy,Mumbai,Bangalore,14:45,17:00,1.7,non-stop,21,4280,66.88,VALIDATED_NORMAL,98f9c29f3c730b53
2026-09-17T23:58:58Z,2026-10-02,Friday,IndiGo,6E,6E-641,Economy,Kolkata,Delhi,08:30,10:45,2.2,non-stop,14,8140,127.19,VALIDATED_NORMAL,51342a7d58c36ae1
2026-09-17T23:58:58Z,2026-10-02,Friday,SpiceJet,SG,SG-854,Economy,Delhi,Mumbai,20:30,22:45,2.1,non-stop,14,6760,105.62,VALIDATED_NORMAL,5e91b5c34fac5711
2026-09-17T23:58:58Z,2026-10-03,Saturday,IndiGo,6E,6E-663,Economy,Bangalore,Hyderabad,11:15,13:30,1.1,non-stop,15,3860,60.31,VALIDATED_NORMAL,5494debcf1286789
2026-09-17T23:58:58Z,2026-10-03,Saturday,IndiGo,6E,6E-225,Economy,Mumbai,Bangalore,08:30,10:45,1.7,non-stop,15,5990,93.59,VALIDATED_NORMAL,0a8ba92628cfee3c
2026-09-17T23:58:58Z,2026-09-25,Friday,IndiGo,6E,6E-845,Business,Hyderabad,Bangalore,08:30,10:45,3.6,1-stop,7,20610,322.03,VALIDATED_NORMAL,8200c659af618f22
2026-09-17T23:58:58Z,2026-11-02,Monday,SpiceJet,SG,SG-759,Economy,Chennai,Delhi,06:00,08:15,5.3,1-stop,45,3690,57.66,VALIDATED_NORMAL,a452ff02808db6e7
2026-09-17T23:58:58Z,2026-11-02,Monday,Air India,AI,AI-448,Economy,Mumbai,Delhi,08:30,10:45,4.6,1-stop,45,3350,52.34,VALIDATED_NORMAL,81e5c860db59c70f
2026-09-17T23:58:58Z,2026-09-20,Sunday,IndiGo,6E,6E-157,Economy,Bangalore,Mumbai,06:00,08:15,1.7,non-stop,2,13520,211.25,VALIDATED_NORMAL,2fd0dfe474344b47
2026-09-17T23:58:58Z,2026-10-02,Friday,IndiGo,6E,6E-679,Economy,Chennai,Delhi,18:00,20:15,2.8,non-stop,14,10330,161.41,VALIDATED_NORMAL,10bf571236f545fc
2026-09-17T23:58:58Z,2026-09-25,Friday,AirAsia,I5,I5-175,Economy,Delhi,Chennai,08:30,10:45,2.8,non-stop,7,12930,202.03,VALIDATED_NORMAL,e9261755df4ca1f9
2026-09-17T23:58:58Z,2026-09-19,Saturday,IndiGo,6E,6E-786,Economy,Ahmedabad,Delhi,14:45,17:00,1.6,non-stop,1,16660,260.31,VALIDATED_NORMAL,2b7977634e5627d8
2026-09-17T23:58:58Z,2026-09-19,Saturday,AirAsia,I5,I5-673,Economy,Delhi,Chennai,06:00,08:15,2.8,non-stop,1,24900,389.06,VALIDATED_NORMAL,a6f81f06d3f06ef0
2026-09-17T23:58:58Z,2026-10-09,Friday,IndiGo,6E,6E-335,Economy,Bangalore,Mumbai,20:30,22:45,1.7,non-stop,21,4730,73.91,VALIDATED_NORMAL,e8af1c51cf01f789
2026-09-17T23:59:25Z,2026-09-20,Sunday,Air India,AI,AI-729,Economy,Delhi,Kolkata,20:30,22:45,2.2,non-stop,2,19060,297.81,VALIDATED_NORMAL,1f29543b20169558
2026-09-17T23:59:25Z,2026-10-18,Sunday,Air India,AI,AI-387,Economy,Hyderabad,Bangalore,14:45,17:00,1.1,non-stop,30,2620,40.94,VALIDATED_NORMAL,71c5717f1ef1ff6f
2026-09-17T23:59:25Z,2026-10-09,Friday,Air India,AI,AI-542,Economy,Hyderabad,Mumbai,18:00,20:15,1.5,non-stop,21,4320,67.5,VALIDATED_NORMAL,731421228a725150
2026-09-17T23:59:25Z,2026-09-20,Sunday,IndiGo,6E,6E-272,Economy,Delhi,Kolkata,20:30,22:45,4.7,1-stop,2,17500,273.44,VALIDATED_NORMAL,5b83ea0dd1ce11c1
2026-09-17T23:59:25Z,2026-09-25,Friday,Vistara,UK,UK-300,Economy,Bangalore,Hyderabad,06:00,08:15,1.1,non-stop,7,6230,97.34,VALIDATED_NORMAL,187b0d070e8056a6
2026-09-17T23:59:25Z,2026-09-19,Saturday,IndiGo,6E,6E-421,Economy,Delhi,Bangalore,06:00,08:15,2.7,non-stop,1,29240,456.87,VALIDATED_NORMAL,5549b7f4c4af293f
2026-09-17T23:59:58Z,2026-10-02,Friday,Vistara,UK,UK-446,Economy,Chennai,Delhi,20:30,22:45,2.8,non-stop,14,11190,174.84,VALIDATED_NORMAL,71f0b1d0568d96a7
2026-09-17T23:59:58Z,2026-11-02,Monday,IndiGo,6E,6E-545,Business,Chennai,Delhi,20:30,22:45,2.8,non-stop,45,17040,266.25,VALIDATED_NORMAL,9c6490c0cd5ed03e
2026-09-17T23:59:58Z,2026-11-02,Monday,IndiGo,6E,6E-208,Economy,Mumbai,Delhi,04:30,06:45,2.1,non-stop,45,3240,50.62,VALIDATED_NORMAL,b78ad00e49ce61b3
2026-09-17T23:59:58Z,2026-10-03,Saturday,IndiGo,6E,6E-259,Economy,Bangalore,Mumbai,04:30,06:45,1.7,non-stop,15,6110,95.47,VALIDATED_NORMAL,25b1a0c4cc196d3e
2026-09-17T23:59:58Z,2026-10-09,Friday,IndiGo,6E,6E-682,Premium Economy,Bangalore,Hyderabad,14:45,17:00,1.1,non-stop,21,6580,102.81,VALIDATED_NORMAL,9d778d2e5eb90ccb
2026-09-17T23:59:58Z,2026-10-03,Saturday,IndiGo,6E,6E-389,Economy,Kolkata,Delhi,18:00,20:15,4.7,1-stop,15,6540,102.19,VALIDATED_NORMAL,810dbafc587bf703
2026-09-17T23:59:58Z,2026-09-25,Friday,SpiceJet,SG,SG-347,Economy,Bangalore,Delhi,06:00,08:15,2.7,non-stop,7,13320,208.12,VALIDATED_NORMAL,460503e4afe2317f
2026-09-17T23:59:58Z,2026-09-20,Sunday,IndiGo,6E,6E-210,Economy,Mumbai,Delhi,20:30,22:45,2.1,non-stop,2,16510,257.97,VALIDATED_NORMAL,be3dd93c052a21bb
2026-09-17T23:59:58Z,2026-10-09,Friday,IndiGo,6E,6E-991,Economy,Kolkata,Delhi,06:00,08:15,2.2,non-stop,21,6140,95.94,VALIDATED_NORMAL,c74c8d0c3c9a3f88
2026-09-17T23:59:58Z,2026-09-19,Saturday,IndiGo,6E,6E-135,Economy,Delhi,Ahmedabad,18:00,20:15,1.6,non-stop,1,15150,236.72,VALIDATED_NORMAL,51cee79bbccef5f3
2026-09-17T23:59:58Z,2026-09-19,Saturday,IndiGo,6E,6E-527,Premium Economy,Mumbai,Bangalore,04:30,06:45,1.7,non-stop,1,38680,604.38,FLAGGED_SURGE,05e9becb400e8a14
2026-09-17T23:59:58Z,2026-10-03,Saturday,IndiGo,6E,6E-975,Economy,Delhi,Mumbai,06:00,08:15,2.1,non-stop,15,7120,111.25,VALIDATED_NORMAL,f5b1756c37caf8e0
2026-09-17T23:59:58Z,2026-10-09,Friday,IndiGo,6E,6E-976,Economy,Hyderabad,Mumbai,20:30,22:45,1.5,non-stop,21,3920,61.25,VALIDATED_NORMAL,9e2d470537a98c02
2026-09-17T23:59:58Z,2026-10-02,Friday,IndiGo,6E,6E-499,Economy,Kolkata,Mumbai,20:30,22:45,2.6,non-stop,14,9140,142.81,VALIDATED_NORMAL,c4f13916ea6c8857
2026-09-17T23:59:58Z,2026-09-19,Saturday,IndiGo,6E,6E-228,Economy,Delhi,Bangalore,20:30,22:45,2.7,non-stop,1,26360,411.88,VALIDATED_NORMAL,db9f6efd9ee79cd4
2026-09-17T23:59:58Z,2026-11-02,Monday,IndiGo,6E,6E-815,Economy,Hyderabad,Bangalore,18:00,20:15,1.1,non-stop,45,1820,28.44,VALIDATED_NORMAL,66fc57586158d491
2026-09-17T23:59:58Z,2026-11-02,Monday,IndiGo,6E,6E-512,Economy,Hyderabad,Mumbai,18:00,20:15,1.5,non-stop,45,2500,39.06,VALIDATED_NORMAL,0a56c429c94fbfa9
2026-09-17T23:59:58Z,2026-10-03,Saturday,Vistara,UK,UK-614,Economy,Mumbai,Delhi,20:30,22:45,2.1,non-stop,15,8410,131.41,VALIDATED_NORMAL,609c60639e937cb5
2026-09-18T00:00:58Z,2026-10-03,Saturday,IndiGo,6E,6E-183,Economy,Kolkata,Mumbai,18:00,20:15,2.6,non-stop,15,8880,138.75,VALIDATED_NORMAL,fe912dac6980f66e
2026-09-18T00:00:58Z,2026-10-03,Saturday,Air India,AI,AI-338,Economy,Mumbai,Bangalore,18:00,20:15,1.7,non-stop,15,6640,103.75,VALIDATED_NORMAL,dd479327e29d4b1c
2026-09-18T00:00:58Z,2026-11-02,Monday,IndiGo,6E,6E-484,Economy,Bangalore,Delhi,14:45,17:00,2.7,non-stop,45,4140,64.69,VALIDATED_NORMAL,083972de4290878f
2026-09-18T00:00:58Z,2026-10-18,Sunday,IndiGo,6E,6E-581,Premium Economy,Hyderabad,Bangalore,08:30,10:45,1.1,non-stop,30,4670,72.97,VALIDATED_NORMAL,0b068df23f39c73a
2026-09-18T00:00:58Z,2026-11-02,Monday,IndiGo,6E,6E-677,Economy,Delhi,Ahmedabad,11:15,13:30,1.6,non-stop,45,2450,38.28,VALIDATED_NORMAL,c2fe02def5a25861
2026-09-18T00:00:58Z,2026-09-20,Sunday,IndiGo,6E,6E-359,Economy,Chennai,Delhi,08:30,10:45,2.8,non-stop,2,24410,381.41,VALIDATED_NORMAL,debdd289cf0ba102
2026-09-18T00:00:58Z,2026-09-19,Saturday,IndiGo,6E,6E-360,Economy,Mumbai,Kolkata,14:45,17:00,2.6,non-stop,1,27420,428.44,VALIDATED_NORMAL,fe8b6521cd018968
2026-09-18T00:00:58Z,2026-09-19,Saturday,IndiGo,6E,6E-613,Economy,Delhi,Kolkata,06:00,08:15,2.2,non-stop,1,21390,334.22,VALIDATED_NORMAL,f66ae2a5f4526624
2026-09-18T00:00:58Z,2026-09-19,Saturday,IndiGo,6E,6E-148,Economy,Mumbai,Kolkata,08:30,10:45,2.6,non-stop,1,28170,440.16,VALIDATED_NORMAL,0b8ca491f4c384bb
2026-09-18T00:00:58Z,2026-09-25,Friday,Akasa Air,QP,QP-832,Economy,Chennai,Delhi,11:15,13:30,2.8,non-stop,7,13700,214.06,VALIDATED_NORMAL,f207b614043a3165
2026-09-18T00:00:58Z,2026-10-02,Friday,IndiGo,6E,6E-550,Economy,Bangalore,Hyderabad,18:00,20:15,1.1,non-stop,14,3880,60.62,VALIDATED_NORMAL,9a1e6bfcfb9efa2f
2026-09-18T00:00:58Z,2026-10-03,Saturday,Air India,AI,AI-600,Economy,Delhi,Ahmedabad,08:30,10:45,1.6,non-stop,15,6270,97.97,VALIDATED_NORMAL,5ac7156b371ebee2
2026-09-18T00:00:58Z,2026-10-03,Saturday,Akasa Air,QP,QP-806,Economy,Mumbai,Bangalore,14:45,17:00,1.7,non-stop,15,5490,85.78,VALIDATED_NORMAL,d07aea8757196ad3
2026-09-18T00:00:58Z,2026-10-03,Saturday,IndiGo,6E,6E-828,Economy,Delhi,Ahmedabad,18:00,20:15,1.6,non-stop,15,5730,89.53,VALIDATED_NORMAL,1ac725556060594e
2026-09-18T00:00:58Z,2026-11-02,Monday,Vistara,UK,UK-523,Economy,Mumbai,Hyderabad,14:45,17:00,4.0,1-stop,45,2650,41.41,VALIDATED_NORMAL,43b52a7e9a585b75
2026-09-18T00:00:58Z,2026-10-02,Friday,IndiGo,6E,6E-775,Premium Economy,Mumbai,Hyderabad,06:00,08:15,1.5,non-stop,14,11170,174.53,VALIDATED_NORMAL,cef1dfe3a52c5aa6
2026-09-18T00:00:58Z,2026-09-25,Friday,IndiGo,6E,6E-532,Economy,Delhi,Chennai,04:30,06:45,2.8,non-stop,7,14260,222.81,VALIDATED_NORMAL,9d84ce9cfc97da6b
2026-09-18T00:00:58Z,2026-11-02,Monday,Akasa Air,QP,QP-865,Economy,Delhi,Chennai,06:00,08:15,2.8,non-stop,45,4120,64.38,VALIDATED_NORMAL,c6e4377e9b11b1d1
2026-09-18T00:01:58Z,2026-09-20,Sunday,IndiGo,6E,6E-150,Economy,Hyderabad,Mumbai,06:00,08:15,4.0,1-stop,2,11000,171.88,VALIDATED_NORMAL,f06f0562654415db
2026-09-18T00:01:58Z,2026-10-09,Friday,IndiGo,6E,6E-682,Economy,Delhi,Chennai,14:45,17:00,5.3,1-stop,21,7130,111.41,VALIDATED_NORMAL,3b417536c1a8958a
2026-09-18T00:01:58Z,2026-10-03,Saturday,IndiGo,6E,6E-127,Economy,Chennai,Delhi,14:45,17:00,2.8,non-stop,15,9530,148.91,VALIDATED_NORMAL,e914c9e9eefbcf60
2026-09-18T00:01:58Z,2026-09-25,Friday,IndiGo,6E,6E-237,Economy,Chennai,Delhi,14:45,17:00,2.8,non-stop,7,14150,221.09,VALIDATED_NORMAL,a36bad06f990a292
2026-09-18T00:01:58Z,2026-10-09,Friday,IndiGo,6E,6E-426,Economy,Hyderabad,Mumbai,18:00,20:15,1.5,non-stop,21,4010,62.66,VALIDATED_NORMAL,88608bd7a5b5c9b1
2026-09-18T00:01:58Z,2026-11-02,Monday,IndiGo,6E,6E-253,Economy,Delhi,Bangalore,11:15,13:30,2.7,non-stop,45,4630,72.34,VALIDATED_NORMAL,601ed41a3a43d4c6
2026-09-18T00:01:58Z,2026-10-02,Friday,Air India,AI,AI-171,Economy,Bangalore,Mumbai,06:00,08:15,1.7,non-stop,14,6150,96.09,VALIDATED_NORMAL,6a41a51ca067425d
2026-09-18T00:01:58Z,2026-11-02,Monday,IndiGo,6E,6E-620,Premium Economy,Delhi,Ahmedabad,08:30,10:45,1.6,non-stop,45,5620,87.81,VALIDATED_NORMAL,b4e81df2db08a6de
2026-09-18T00:01:58Z,2026-09-20,Sunday,IndiGo,6E,6E-572,Economy,Hyderabad,Bangalore,08:30,10:45,1.1,non-stop,2,8870,138.59,VALIDATED_NORMAL,13f5d02260592a64
2026-09-18T00:01:58Z,2026-10-02,Friday,IndiGo,6E,6E-479,Economy,Ahmedabad,Delhi,18:00,20:15,1.6,non-stop,14,6030,94.22,VALIDATED_NORMAL,40231863b3b0ded5
2026-09-18T00:01:58Z,2026-10-02,Friday,IndiGo,6E,6E-827,Economy,Delhi,Kolkata,08:30,10:45,2.2,non-stop,14,7750,121.09,VALIDATED_NORMAL,be463dc4a10cec8c
2026-09-18T00:01:58Z,2026-10-03,Saturday,Vistara,UK,UK-360,Premium Economy,Kolkata,Delhi,18:00,20:15,2.2,non-stop,15,16990,265.47,FLAGGED_SURGE,4e2085a756e4def5
2026-09-18T00:01:58Z,2026-10-18,Sunday,IndiGo,6E,6E-581,Economy,Delhi,Kolkata,04:30,06:45,2.2,non-stop,30,4830,75.47,VALIDATED_NORMAL,598fc8b8a87e10b1
2026-09-18T00:01:58Z,2026-10-02,Friday,Vistara,UK,UK-473,Economy,Delhi,Mumbai,14:45,17:00,2.1,non-stop,14,8520,133.12,VALIDATED_NORMAL,666f001973706726
2026-09-18T00:01:58Z,2026-10-02,Friday,IndiGo,6E,6E-795,Economy,Mumbai,Hyderabad,14:45,17:00,1.5,non-stop,14,5710,89.22,VALIDATED_NORMAL,3164f1feeb0be9d9
2026-09-18T00:01:58Z,2026-09-20,Sunday,Akasa Air,QP,QP-750,Premium Economy,Delhi,Bangalore,11:15,13:30,5.2,1-stop,2,40460,632.19,FLAGGED_SURGE,42a6c4e4abaa74a9
2026-09-18T00:01:58Z,2026-11-02,Monday,Air India,AI,AI-368,Economy,Mumbai,Delhi,11:15,13:30,2.1,non-stop,45,3640,56.88,VALIDATED_NORMAL,75c3986316d02eb5
2026-09-18T00:01:58Z,2026-09-25,Friday,IndiGo,6E,6E-805,Economy,Hyderabad,Bangalore,06:00,08:15,1.1,non-stop,7,5370,83.91,VALIDATED_NORMAL,2563c2b1f4c75b64
2026-09-18T00:02:58Z,2026-09-20,Sunday,Air India,AI,AI-574,Economy,Mumbai,Bangalore,18:00,20:15,1.7,non-stop,2,16180,252.81,VALIDATED_NORMAL,f2d30572bdb089d2
2026-09-18T00:02:58Z,2026-11-02,Monday,IndiGo,6E,6E-714,Economy,Mumbai,Hyderabad,18:00,20:15,1.5,non-stop,45,2490,38.91,VALIDATED_NORMAL,eae98bbaf2a266fe
2026-09-18T00:02:58Z,2026-10-18,Sunday,IndiGo,6E,6E-299,Economy,Delhi,Chennai,11:15,13:30,5.3,1-stop,30,5280,82.5,VALIDATED_NORMAL,0a63e0d2f74dd4a4
2026-09-18T00:02:58Z,2026-09-19,Saturday,IndiGo,6E,6E-561,Economy,Delhi,Ahmedabad,04:30,06:45,1.6,non-stop,1,15750,246.09,VALIDATED_NORMAL,e6952cd849effda3
2026-09-18T00:02:58Z,2026-10-03,Saturday,IndiGo,6E,6E-129,Economy,Delhi,Chennai,06:00,08:15,2.8,non-stop,15,9460,147.81,VALIDATED_NORMAL,c1c64090dcd5584e
2026-09-18T00:02:58Z,2026-10-18,Sunday,IndiGo,6E,6E-660,Economy,Mumbai,Bangalore,11:15,13:30,1.7,non-stop,30,3590,56.09,VALIDATED_NORMAL,3fcbe0a2df9cf28a
2026-09-18T00:02:58Z,2026-09-25,Friday,Air India,AI,AI-825,Economy,Kolkata,Mumbai,08:30,10:45,2.6,non-stop,7,14380,224.69,VALIDATED_NORMAL,e6420bd05f1716e4
2026-09-18T00:02:58Z,2026-09-25,Friday,IndiGo,6E,6E-405,Economy,Mumbai,Hyderabad,11:15,13:30,1.5,non-stop,7,7360,115.0,VALIDATED_NORMAL,c853cd48b0aa6826
2026-09-18T00:02:58Z,2026-10-03,Saturday,Akasa Air,QP,QP-402,Economy,Mumbai,Delhi,04:30,06:45,2.1,non-stop,15,6480,101.25,VALIDATED_NORMAL,783d63ccec59b868
2026-09-18T00:02:58Z,2026-10-09,Friday,IndiGo,6E,6E-483,Economy,Kolkata,Mumbai,06:00,08:15,2.6,non-stop,21,7440,116.25,VALIDATED_NORMAL,281232c2cc60bbb7
2026-09-18T00:02:58Z,2026-10-03,Saturday,IndiGo,6E,6E-355,Economy,Mumbai,Delhi,18:00,20:15,2.1,non-stop,15,7250,113.28,VALIDATED_NORMAL,287cbd1a8a3724b3
2026-09-18T00:02:58Z,2026-10-03,Saturday,Air India,AI,AI-610,Economy,Chennai,Delhi,08:30,10:45,2.8,non-stop,15,10860,169.69,VALIDATED_NORMAL,263d35e15fa48dd2
2026-09-18T00:02:58Z,2026-09-19,Saturday,SpiceJet,SG,SG-239,Economy,Kolkata,Mumbai,08:30,10:45,2.6,non-stop,1,26300,410.94,VALIDATED_NORMAL,dde51695eb9de651
2026-09-18T00:02:58Z,2026-10-03,Saturday,IndiGo,6E,6E-634,Economy,Hyderabad,Mumbai,11:15,13:30,1.5,non-stop,15,4920,76.88,VALIDATED_NORMAL,f9b9ed915837d38f
2026-09-18T00:02:58Z,2026-09-19,Saturday,IndiGo,6E,6E-912,Economy,Delhi,Mumbai,20:30,22:45,2.1,non-stop,1,21280,332.5,VALIDATED_NORMAL,2016dd14945da6cf
2026-09-18T00:02:58Z,2026-10-02,Friday,Akasa Air,QP,QP-311,Economy,Hyderabad,Mumbai,06:00,08:15,1.5,non-stop,14,4810,75.16,VALIDATED_NORMAL,88d0c1237c278dbb
2026-09-18T00:02:58Z,2026-10-02,Friday,Air India,AI,AI-178,Economy,Mumbai,Hyderabad,14:45,17:00,1.5,non-stop,14,5860,91.56,VALIDATED_NORMAL,4b2ddd17a18fa20f
2026-09-18T00:02:58Z,2026-09-25,Friday,Air India,AI,AI-103,Economy,Delhi,Chennai,18:00,20:15,2.8,non-stop,7,14930,233.28,VALIDATED_NORMAL,924d25e01d8a37a1
2026-09-18T00:03:58Z,2026-09-19,Saturday,Air India,AI,AI-638,Economy,Ahmedabad,Delhi,08:30,10:45,1.6,non-stop,1,16800,262.5,VALIDATED_NORMAL,657960bdd29271a0
2026-09-18T00:03:58Z,2026-09-19,Saturday,Air India,AI,AI-628,Business,Delhi,Chennai,14:45,17:00,2.8,non-stop,1,123310,1926.72,FLAGGED_SURGE,7378e2c9714bce1b
2026-09-18T00:03:58Z,2026-09-19,Saturday,Vistara,UK,UK-915,Economy,Delhi,Kolkata,08:30,10:45,2.2,non-stop,1,25380,396.56,VALIDATED_NORMAL,1ee74426f8ae06e5
2026-09-18T00:03:58Z,2026-10-18,Sunday,IndiGo,6E,6E-971,Economy,Bangalore,Mumbai,04:30,06:45,4.2,1-stop,30,3280,51.25,VALIDATED_NORMAL,b10cbc05fe66c874
2026-09-18T00:03:58Z,2026-09-19,Saturday,IndiGo,6E,6E-140,Economy,Bangalore,Hyderabad,04:30,06:45,1.1,non-stop,1,10400,162.5,VALIDATED_NORMAL,60cfd63a167d78fc
2026-09-18T00:03:58Z,2026-09-25,Friday,IndiGo,6E,6E-152,Economy,Kolkata,Mumbai,18:00,20:15,2.6,non-stop,7,13510,211.09,VALIDATED_NORMAL,4fbf07127166803c
2026-09-18T00:03:58Z,2026-09-25,Friday,IndiGo,6E,6E-374,Economy,Mumbai,Delhi,04:30,06:45,2.1,non-stop,7,10100,157.81,VALIDATED_NORMAL,cd794d9bc8015406
2026-09-18T00:03:58Z,2026-09-19,Saturday,IndiGo,6E,6E-155,Economy,Delhi,Chennai,14:45,17:00,2.8,non-stop,1,26950,421.09,VALIDATED_NORMAL,c0ead3598c72ad01
2026-09-18T00:03:58Z,2026-09-25,Friday,IndiGo,6E,6E-749,Economy,Mumbai,Kolkata,11:15,13:30,2.6,non-stop,7,12190,190.47,VALIDATED_NORMAL,c1b08c64003b42f8
2026-09-18T00:03:58Z,2026-11-02,Monday,AirAsia,I5,I5-378,Economy,Delhi,Ahmedabad,20:30,22:45,1.6,non-stop,45,2550,39.84,VALIDATED_NORMAL,94cb232c4a28e49a
2026-09-18T00:03:58Z,2026-10-09,Friday,IndiGo,6E,6E-212,Premium Economy,Delhi,Bangalore,18:00,20:15,2.7,non-stop,21,16410,256.41,VALIDATED_NORMAL,8c117e36bf2cd7d6
2026-09-18T00:03:58Z,2026-10-18,Sunday,IndiGo,6E,6E-385,Economy,Kolkata,Delhi,18:00,20:15,2.2,non-stop,30,4730,73.91,VALIDATED_NORMAL,65ddcf00e64b8dc2
2026-09-18T00:03:58Z,2026-10-03,Saturday,Vistara,UK,UK-438,Economy,Mumbai,Delhi,06:00,08:15,2.1,non-stop,15,8600,134.38,VALIDATED_NORMAL,5bc3a5d548154dcf
2026-09-18T00:03:58Z,2026-09-20,Sunday,Akasa Air,QP,QP-885,Economy,Bangalore,Delhi,04:30,06:45,2.7,non-stop,2,19890,310.78,VALIDATED_NORMAL,c34698c4e424d486
2026-09-18T00:03:58Z,2026-11-02,Monday,Vistara,UK,UK-327,Economy,Mumbai,Hyderabad,14:45,17:00,4.0,1-stop,45,2590,40.47,VALIDATED_NORMAL,dc705fadecaa5cfd
2026-09-18T00:03:58Z,2026-09-19,Saturday,IndiGo,6E,6E-542,Economy,Kolkata,Mumbai,14:45,17:00,2.6,non-stop,1,27910,436.09,VALIDATED_NORMAL,b4f4d9069c32ad85
2026-09-18T00:03:58Z,2026-09-25,Friday,IndiGo,6E,6E-146,Economy,Mumbai,Delhi,18:00,20:15,2.1,non-stop,7,9860,154.06,VALIDATED_NORMAL,0959c38e83a0a699
2026-09-18T00:03:58Z,2026-09-19,Saturday,Air India,AI,AI-246,Economy,Hyderabad,Bangalore,08:30,10:45,1.1,non-stop,1,12200,190.62,VALIDATED_NORMAL,e7d87f155d655b78
2026-09-18T00:04:58Z,2026-10-09,Friday,IndiGo,6E,6E-575,Economy,Mumbai,Kolkata,11:15,13:30,2.6,non-stop,21,6990,109.22,VALIDATED_NORMAL,54db030ad96b91ec
2026-09-18T00:04:58Z,2026-10-18,Sunday,AirAsia,I5,I5-699,Economy,Delhi,Kolkata,20:30,22:45,2.2,non-stop,30,4200,65.62,VALIDATED_NORMAL,f1fc0d2c0c4cf419
2026-09-18T00:04:58Z,2026-11-02,Monday,IndiGo,6E,6E-123,Economy,Bangalore,Mumbai,14:45,17:00,1.7,non-stop,45,2740,42.81,VALIDATED_NORMAL,9006341fe7b7bf3d
2026-09-18T00:04:58Z,2026-09-25,Friday,IndiGo,6E,6E-696,Economy,Mumbai,Hyderabad,20:30,22:45,1.5,non-stop,7,7690,120.16,VALIDATED_NORMAL,a482def7414a3b83
2026-09-18T00:04:58Z,2026-10-09,Friday,Air India,AI,AI-183,Economy,Kolkata,Mumbai,11:15,13:30,2.6,non-stop,21,7400,115.62,VALIDATED_NORMAL,6cf7e8298ad02898
2026-09-18T00:04:58Z,2026-09-20,Sunday,Air India,AI,AI-108,Economy,Chennai,Delhi,20:30,22:45,2.8,non-stop,2,25880,404.38,FLAGGED_SURGE,41dce990b3058802
2026-09-18T00:04:58Z,2026-11-02,Monday,IndiGo,6E,6E-124,Economy,Hyderabad,Mumbai,18:00,20:15,1.5,non-stop,45,2420,37.81,VALIDATED_NORMAL,116404624e07d60a
2026-09-18T00:04:58Z,2026-11-02,Monday,IndiGo,6E,6E-756,Premium Economy,Bangalore,Hyderabad,14:45,17:00,1.1,non-stop,45,3770,58.91,VALIDATED_NORMAL,6cf86e03b2a7daac
2026-09-18T00:04:58Z,2026-10-09,Friday,IndiGo,6E,6E-986,Economy,Delhi,Chennai,08:30,10:45,2.8,non-stop,21,7310,114.22,VALIDATED_NORMAL,bf081e85ec93d7f7
2026-09-18T00:04:58Z,2026-10-03,Saturday,IndiGo,6E,6E-862,Premium Economy,Mumbai,Hyderabad,11:15,13:30,1.5,non-stop,15,11370,177.66,VALIDATED_NORMAL,8f0e964b87a9314e
2026-09-18T00:04:58Z,2026-09-25,Friday,IndiGo,6E,6E-991,Economy,Delhi,Chennai,08:30,10:45,2.8,non-stop,7,15030,234.84,VALIDATED_NORMAL,6bc6fba75c39c8df
2026-09-18T00:04:58Z,2026-10-18,Sunday,IndiGo,6E,6E-824,Business,Kolkata,Delhi,04:30,06:45,2.2,non-stop,30,16890,263.91,VALIDATED_NORMAL,5365de91a828e943
2026-09-18T00:04:58Z,2026-11-02,Monday,Air India,AI,AI-171,Economy,Bangalore,Delhi,11:15,13:30,2.7,non-stop,45,4940,77.19,VALIDATED_NORMAL,62dfd57cfd93a2ad
2026-09-18T00:04:58Z,2026-10-09,Friday,IndiGo,6E,6E-465,Economy,Bangalore,Mumbai,18:00,20:15,4.2,1-stop,21,3970,62.03,VALIDATED_NORMAL,207fd670fc0e42ba
2026-09-18T00:04:58Z,2026-09-19,Saturday,IndiGo,6E,6E-910,Economy,Mumbai,Hyderabad,08:30,10:45,1.5,non-stop,1,14250,222.66,VALIDATED_NORMAL,a9b263e3fefdb824
2026-09-18T00:04:58Z,2026-10-03,Saturday,IndiGo,6E,6E-981,Economy,Bangalore,Delhi,08:30,10:45,2.7,non-stop,15,8650,135.16,VALIDATED_NORMAL,f3c38765d2a9fe61
2026-09-18T00:04:58Z,2026-11-02,Monday,Vistara,UK,UK-503,Economy,Delhi,Bangalore,06:00,08:15,2.7,non-stop,45,5140,80.31,VALIDATED_NORMAL,4f9dd28c5fa56715
2026-09-18T00:04:58Z,2026-10-18,Sunday,IndiGo,6E,6E-409,Economy,Kolkata,Delhi,06:00,08:15,2.2,non-stop,30,4400,68.75,VALIDATED_NORMAL,6db286f1ec271692
2026-09-18T00:05:58Z,2026-10-09,Friday,IndiGo,6E,6E-951,Economy,Mumbai,Kolkata,04:30,06:45,2.6,non-stop,21,7520,117.5,VALIDATED_NORMAL,c1a304bf6fa2698e
2026-09-18T00:05:58Z,2026-10-02,Friday,IndiGo,6E,6E-456,Economy,Hyderabad,Mumbai,14:45,17:00,1.5,non-stop,14,5090,79.53,VALIDATED_NORMAL,33e4ee79138a2b43
2026-09-18T00:05:58Z,2026-09-25,Friday,IndiGo,6E,6E-136,Premium Economy,Hyderabad,Mumbai,14:45,17:00,1.5,non-stop,7,16480,257.5,VALIDATED_NORMAL,f20404dde4bc5866
2026-09-18T00:05:58Z,2026-09-19,Saturday,IndiGo,6E,6E-871,Economy,Mumbai,Bangalore,20:30,22:45,1.7,non-stop,1,18170,283.91,VALIDATED_NORMAL,22c1a8e5ebad3348
2026-09-18T00:05:58Z,2026-09-25,Friday,IndiGo,6E,6E-792,Economy,Chennai,Delhi,04:30,06:45,2.8,non-stop,7,14410,225.16,VALIDATED_NORMAL,800ddac000f53429
2026-09-18T00:05:58Z,2026-09-25,Friday,IndiGo,6E,6E-852,Premium Economy,Delhi,Chennai,08:30,10:45,5.3,1-stop,7,27400,428.12,VALIDATED_NORMAL,abd7e5cd4a9a2fd5
2026-09-18T00:05:58Z,2026-09-19,Saturday,IndiGo,6E,6E-446,Economy,Bangalore,Delhi,18:00,20:15,2.7,non-stop,1,27970,437.03,VALIDATED_NORMAL,04b1b21d50147205
2026-09-18T00:05:58Z,2026-10-03,Saturday,Air India,AI,AI-723,Economy,Hyderabad,Bangalore,08:30,10:45,1.1,non-stop,15,3950,61.72,VALIDATED_NORMAL,944b9408226c40f4
2026-09-18T00:05:58Z,2026-10-18,Sunday,IndiGo,6E,6E-346,Economy,Delhi,Mumbai,11:15,13:30,2.1,non-stop,30,4590,71.72,VALIDATED_NORMAL,2c42b330deb25dfb
2026-09-18T00:05:58Z,2026-10-09,Friday,AirAsia,I5,I5-406,Economy,Mumbai,Delhi,20:30,22:45,4.6,1-stop,21,4860,75.94,VALIDATED_NORMAL,634017c7a5e98135
2026-09-18T00:05:58Z,2026-10-03,Saturday,IndiGo,6E,6E-920,Economy,Delhi,Chennai,06:00,08:15,2.8,non-stop,15,10230,159.84,VALIDATED_NORMAL,469abe41d0f138d3
2026-09-18T00:05:58Z,2026-10-18,Sunday,Vistara,UK,UK-903,Economy,Chennai,Delhi,20:30,22:45,2.8,non-stop,30,6720,105.0,VALIDATED_NORMAL,c4d89608e9ecaaf4
2026-09-18T00:05:58Z,2026-10-18,Sunday,IndiGo,6E,6E-774,Economy,Mumbai,Hyderabad,04:30,06:45,1.5,non-stop,30,2960,46.25,VALIDATED_NORMAL,21e05baea4072e33
2026-09-18T00:05:58Z,2026-10-02,Friday,IndiGo,6E,6E-664,Economy,Ahmedabad,Delhi,18:00,20:15,4.1,1-stop,14,5270,82.34,VALIDATED_NORMAL,355a364ee652bc9a
2026-09-18T00:05:58Z,2026-10-03,Saturday,IndiGo,6E,6E-236,Economy,Kolkata,Delhi,20:30,22:45,2.2,non-stop,15,7830,122.34,VALIDATED_NORMAL,6e96c19ca3c4307a
2026-09-18T00:05:58Z,2026-09-20,Sunday,SpiceJet,SG,SG-468,Economy,Bangalore,Mumbai,18:00,20:15,1.7,non-stop,2,13240,206.88,VALIDATED_NORMAL,930f8dca76469f73
2026-09-18T00:05:58Z,2026-09-19,Saturday,Vistara,UK,UK-271,Economy,Mumbai,Kolkata,06:00,08:15,2.6,non-stop,1,28960,452.5,VALIDATED_NORMAL,652ae37dffb20366
2026-09-18T00:05:58Z,2026-09-19,Saturday,IndiGo,6E,6E-207,Economy,Kolkata,Delhi,06:00,08:15,2.2,non-stop,1,22820,356.56,VALIDATED_NORMAL,67e9be96acfafc50
2026-09-18T00:06:58Z,2026-10-18,Sunday,SpiceJet,SG,SG-471,Economy,Chennai,Delhi,11:15,13:30,2.8,non-stop,30,5820,90.94,VALIDATED_NORMAL,f950ffda544c3d83
2026-09-18T00:06:58Z,2026-11-02,Monday,IndiGo,6E,6E-487,Economy,Kolkata,Delhi,08:30,10:45,4.7,1-stop,45,3230,50.47,VALIDATED_NORMAL,70af7456b1e2853a
2026-09-18T00:06:58Z,2026-09-25,Friday,IndiGo,6E,6E-273,Economy,Mumbai,Bangalore,20:30,22:45,1.7,non-stop,7,8090,126.41,VALIDATED_NORMAL,ebe680a86524db27
2026-09-18T00:06:58Z,2026-10-18,Sunday,IndiGo,6E,6E-817,Economy,Delhi,Ahmedabad,06:00,08:15,1.6,non-stop,30,3370,52.66,VALIDATED_NORMAL,b7cbeb655369a120
2026-09-18T00:06:58Z,2026-09-20,Sunday,SpiceJet,SG,SG-922,Economy,Bangalore,Mumbai,06:00,08:15,1.7,non-stop,2,13530,211.41,VALIDATED_NORMAL,ecc873f2574008ee
2026-09-18T00:06:58Z,2026-10-03,Saturday,IndiGo,6E,6E-344,Economy,Mumbai,Hyderabad,20:30,22:45,1.5,non-stop,15,5340,83.44,VALIDATED_NORMAL,ab852af814585e85
2026-09-18T00:06:58Z,2026-11-02,Monday,Air India,AI,AI-813,Economy,Delhi,Chennai,20:30,22:45,2.8,non-stop,45,5090,79.53,VALIDATED_NORMAL,7b97199dad4d30fc
2026-09-18T00:06:58Z,2026-10-18,Sunday,IndiGo,6E,6E-771,Economy,Mumbai,Delhi,08:30,10:45,2.1,non-stop,30,4490,70.16,VALIDATED_NORMAL,c822b8dd3a258a35
2026-09-18T00:06:58Z,2026-10-09,Friday,IndiGo,6E,6E-852,Economy,Delhi,Mumbai,18:00,20:15,2.1,non-stop,21,6030,94.22,VALIDATED_NORMAL,ac54c4a726c067c1
2026-09-18T00:06:58Z,2026-09-20,Sunday,SpiceJet,SG,SG-715,Premium Economy,Bangalore,Hyderabad,04:30,06:45,1.1,non-stop,2,17060,266.56,VALIDATED_NORMAL,c20bbfb1592893f1
2026-09-18T00:06:58Z,2026-09-20,Sunday,Air India,AI,AI-360,Economy,Kolkata,Mumbai,14:45,17:00,2.6,non-stop,2,21750,339.84,VALIDATED_NORMAL,fb0800b6b0a6f1c3
2026-09-18T00:06:58Z,2026-10-18,Sunday,IndiGo,6E,6E-227,Economy,Mumbai,Kolkata,11:15,13:30,2.6,non-stop,30,5480,85.62,VALIDATED_NORMAL,c2371c0197cd8790
2026-09-18T00:06:58Z,2026-11-02,Monday,IndiGo,6E,6E-126,Economy,Mumbai,Hyderabad,20:30,22:45,1.5,non-stop,45,2360,36.88,VALIDATED_NORMAL,dc5d11d990ebe86e
2026-09-18T00:06:58Z,2026-09-20,Sunday,IndiGo,6E,6E-721,Economy,Delhi,Ahmedabad,08:30,10:45,1.6,non-stop,2,12350,192.97,VALIDATED_NORMAL,7beaa4649624c8fd
2026-09-18T00:06:58Z,2026-09-20,Sunday,IndiGo,6E,6E-982,Economy,Mumbai,Bangalore,06:00,08:15,1.7,non-stop,2,13950,217.97,VALIDATED_NORMAL,94df1b82ae30ac5f
2026-09-18T00:06:58Z,2026-10-03,Saturday,Akasa Air,QP,QP-720,Economy,Ahmedabad,Delhi,11:15,13:30,1.6,non-stop,15,4770,74.53,VALIDATED_NORMAL,d4b20bfcd10efb4e
2026-09-18T00:06:58Z,2026-10-03,Saturday,IndiGo,6E,6E-290,Economy,Delhi,Bangalore,14:45,17:00,2.7,non-stop,15,9670,151.09,VALIDATED_NORMAL,640b357dd9834cd4
2026-09-18T00:06:58Z,2026-10-09,Friday,IndiGo,6E,6E-499,Economy,Delhi,Chennai,18:00,20:15,2.8,non-stop,21,7860,122.81,VALIDATED_NORMAL,8669fd42fba2cdf4
2026-09-18T00:07:58Z,2026-09-25,Friday,IndiGo,6E,6E-857,Premium Economy,Delhi,Bangalore,08:30,10:45,2.7,non-stop,7,28090,438.91,VALIDATED_NORMAL,c804b1c7fe5c7139
2026-09-18T00:07:58Z,2026-11-02,Monday,IndiGo,6E,6E-605,Economy,Kolkata,Delhi,08:30,10:45,2.2,non-stop,45,3560,55.62,VALIDATED_NORMAL,d05debc19711ee4e
2026-09-18T00:07:58Z,2026-09-19,Saturday,IndiGo,6E,6E-860,Economy,Delhi,Ahmedabad,18:00,20:15,1.6,non-stop,1,16110,251.72,VALIDATED_NORMAL,efa17d8d9e953bf5
2026-09-18T00:07:58Z,2026-09-19,Saturday,IndiGo,6E,6E-190,Economy,Delhi,Chennai,11:15,13:30,2.8,non-stop,1,28810,450.16,VALIDATED_NORMAL,b7926ecd3e06f684
2026-09-18T00:07:58Z,2026-10-18,Sunday,Air India,AI,AI-996,Economy,Bangalore,Delhi,04:30,06:45,2.7,non-stop,30,15259,238.42,VALIDATED_NORMAL,55f960da26262572
2026-09-18T00:07:58Z,2026-09-19,Saturday,IndiGo,6E,6E-587,Economy,Delhi,Bangalore,08:30,10:45,2.7,non-stop,1,29230,456.72,VALIDATED_NORMAL,e31efdb36730b20e
2026-09-18T00:07:58Z,2026-10-03,Saturday,IndiGo,6E,6E-891,Economy,Delhi,Ahmedabad,06:00,08:15,1.6,non-stop,15,12024,187.88,VALIDATED_NORMAL,53b9b2b2c83e6d41
2026-09-18T00:07:58Z,2026-10-02,Friday,IndiGo,6E,6E-382,Economy,Delhi,Ahmedabad,11:15,13:30,1.6,non-stop,14,5970,93.28,VALIDATED_NORMAL,ce3603cc1f9ad1d8
2026-09-18T00:07:58Z,2026-09-25,Friday,IndiGo,6E,6E-223,Economy,Mumbai,Bangalore,14:45,17:00,4.2,1-stop,7,8130,127.03,VALIDATED_NORMAL,85cbbe4c2682e96b
2026-09-18T00:07:58Z,2026-09-25,Friday,IndiGo,6E,6E-580,Economy,Bangalore,Hyderabad,14:45,17:00,1.1,non-stop,7,5800,90.62,VALIDATED_NORMAL,8056d861256ec8cf
2026-09-18T00:07:58Z,2026-11-02,Monday,IndiGo,6E,6E-913,Economy,Delhi,Bangalore,08:30,10:45,2.7,non-stop,45,4220,65.94,VALIDATED_NORMAL,09fb0dc697c6f863
2026-09-18T00:07:58Z,2026-09-19,Saturday,IndiGo,6E,6E-122,Economy,Delhi,Mumbai,04:30,06:45,4.6,1-stop,1,18560,290.0,VALIDATED_NORMAL,d2d1ae362b2eda3f
2026-09-18T00:07:58Z,2026-09-20,Sunday,Air India,AI,AI-808,Economy,Bangalore,Mumbai,06:00,08:15,1.7,non-stop,2,14290,223.28,VALIDATED_NORMAL,f82dcf95013c4a6b
2026-09-18T00:07:58Z,2026-10-18,Sunday,IndiGo,6E,6E-173,Economy,Bangalore,Hyderabad,20:30,22:45,3.6,1-stop,30,2040,31.87,VALIDATED_NORMAL,8d252a00156551d9
2026-09-18T00:07:58Z,2026-10-09,Friday,IndiGo,6E,6E-556,Economy,Bangalore,Hyderabad,04:30,06:45,1.1,non-stop,21,3000,46.88,VALIDATED_NORMAL,0794e12e656c157b
2026-09-18T00:07:58Z,2026-10-18,Sunday,Air India,AI,AI-512,Economy,Delhi,Bangalore,20:30,22:45,2.7,non-stop,30,6190,96.72,VALIDATED_NORMAL,b53d8aac5e80fb0b
2026-09-18T00:07:58Z,2026-10-18,Sunday,IndiGo,6E,6E-824,Economy,Bangalore,Mumbai,04:30,06:45,1.7,non-stop,30,3520,55.0,VALIDATED_NORMAL,5c60d976a8960a8e
2026-09-18T00:07:58Z,2026-09-25,Friday,Air India,AI,AI-106,Economy,Kolkata,Mumbai,08:30,10:45,5.1,1-stop,7,12430,194.22,VALIDATED_NORMAL,e7cebcaad09af51b
2026-09-18T00:08:58Z,2026-11-02,Monday,IndiGo,6E,6E-300,Economy,Chennai,Delhi,11:15,13:30,2.8,non-stop,45,4610,72.03,VALIDATED_NORMAL,10b5e095c9758b24
2026-09-18T00:08:58Z,2026-10-09,Friday,IndiGo,6E,6E-242,Economy,Mumbai,Kolkata,04:30,06:45,2.6,non-stop,21,14054,219.59,VALIDATED_NORMAL,63c3a519d8caf5fa
2026-09-18T00:08:58Z,2026-10-09,Friday,Air India,AI,AI-675,Economy,Chennai,Delhi,04:30,06:45,2.8,non-stop,21,7670,119.84,VALIDATED_NORMAL,b812ee0eb52fb75a
2026-09-18T00:08:58Z,2026-09-20,Sunday,IndiGo,6E,6E-900,Economy,Mumbai,Bangalore,04:30,06:45,1.7,non-stop,2,14260,222.81,VALIDATED_NORMAL,1062036434165b42
2026-09-18T00:08:58Z,2026-10-02,Friday,IndiGo,6E,6E-469,Economy,Mumbai,Delhi,11:15,13:30,2.1,non-stop,14,7330,114.53,VALIDATED_NORMAL,4c8389f6513dab4f
2026-09-18T00:08:58Z,2026-09-25,Friday,IndiGo,6E,6E-637,Economy,Mumbai,Kolkata,08:30,10:45,2.6,non-stop,7,13440,210.0,VALIDATED_NORMAL,5344ae4588852e0c
2026-09-18T00:08:58Z,2026-10-02,Friday,IndiGo,6E,6E-276,Economy,Delhi,Mumbai,14:45,17:00,2.1,non-stop,14,7140,111.56,VALIDATED_NORMAL,be6f79ad27b0f6b8
2026-09-18T00:08:58Z,2026-10-18,Sunday,IndiGo,6E,6E-496,Economy,Delhi,Mumbai,18:00,20:15,2.1,non-stop,30,4330,67.66,VALIDATED_NORMAL,41ff09e6065d9d4e
2026-09-18T00:08:58Z,2026-11-02,Monday,IndiGo,6E,6E-501,Economy,Delhi,Mumbai,20:30,22:45,2.1,non-stop,45,3470,54.22,VALIDATED_NORMAL,d5c493a409887244
2026-09-18T00:08:58Z,2026-09-25,Friday,IndiGo,6E,6E-250,Economy,Mumbai,Hyderabad,06:00,08:15,1.5,non-stop,7,7530,117.66,VALIDATED_NORMAL,1022d787a1dca1f1
2026-09-18T00:08:58Z,2026-11-02,Monday,IndiGo,6E,6E-878,Economy,Bangalore,Delhi,08:30,10:45,2.7,non-stop,45,4550,71.09,VALIDATED_NORMAL,03e6ade65940dd40
2026-09-18T00:08:58Z,2026-10-02,Friday,IndiGo,6E,6E-107,Economy,Delhi,Chennai,20:30,22:45,2.8,non-stop,14,10660,166.56,VALIDATED_NORMAL,2bd106f1186704e2
2026-09-18T00:08:58Z,2026-09-25,Friday,Akasa Air,QP,QP-416,Economy,Kolkata,Mumbai,18:00,20:15,2.6,non-stop,7,11910,186.09,VALIDATED_NORMAL,025082229eed583c
2026-09-18T00:08:58Z,2026-10-02,Friday,IndiGo,6E,6E-702,Economy,Bangalore,Delhi,06:00,08:15,2.7,non-stop,14,9190,143.59,VALIDATED_NORMAL,2c7e51cff58ea25a
2026-09-18T00:08:58Z,2026-09-19,Saturday,IndiGo,6E,6E-705,Economy,Bangalore,Hyderabad,04:30,06:45,3.6,1-stop,1,10390,162.34,VALIDATED_NORMAL,a5bc06624349cf74
2026-09-18T00:08:58Z,2026-10-18,Sunday,IndiGo,6E,6E-385,Economy,Delhi,Bangalore,11:15,13:30,2.7,non-stop,30,5260,82.19,VALIDATED_NORMAL,f092baee3e6c237b
2026-09-18T00:08:58Z,2026-11-02,Monday,IndiGo,6E,6E-552,Economy,Delhi,Mumbai,14:45,17:00,2.1,non-stop,45,3330,52.03,VALIDATED_NORMAL,745a4c8f7ffc645d
2026-09-18T00:08:58Z,2026-10-03,Saturday,IndiGo,6E,6E-203,Economy,Kolkata,Delhi,14:45,17:00,2.2,non-stop,15,7170,112.03,VALIDATED_NORMAL,1a49ba888d89a5cf
2026-09-18T00:09:58Z,2026-09-25,Friday,IndiGo,6E,6E-403,Premium Economy,Delhi,Mumbai,04:30,06:45,2.1,non-stop,7,20660,322.81,VALIDATED_NORMAL,9881e3935a6a6dc6
2026-09-18T00:09:58Z,2026-10-18,Sunday,IndiGo,6E,6E-958,Economy,Mumbai,Bangalore,18:00,20:15,1.7,non-stop,30,3560,55.62,VALIDATED_NORMAL,43e89bbfae52cc15
2026-09-18T00:09:58Z,2026-09-20,Sunday,AirAsia,I5,I5-254,Economy,Delhi,Kolkata,11:15,13:30,2.2,non-stop,2,17020,265.94,VALIDATED_NORMAL,d1cf640c2ba0c904
2026-09-18T00:09:58Z,2026-10-03,Saturday,Air India,AI,AI-840,Economy,Mumbai,Delhi,04:30,06:45,2.1,non-stop,15,8000,125.0,VALIDATED_NORMAL,3743acd553c12c7f
2026-09-18T00:09:58Z,2026-10-09,Friday,IndiGo,6E,6E-668,Premium Economy,Kolkata,Mumbai,04:30,06:45,2.6,non-stop,21,15520,242.5,VALIDATED_NORMAL,056681508efd2023
2026-09-18T00:09:58Z,2026-10-18,Sunday,Vistara,UK,UK-820,Economy,Bangalore,Mumbai,08:30,10:45,1.7,non-stop,30,4050,63.28,VALIDATED_NORMAL,827cdf570ec4ed95
2026-09-18T00:09:58Z,2026-10-09,Friday,Vistara,UK,UK-138,Business,Delhi,Kolkata,20:30,22:45,2.2,non-stop,21,24610,384.53,VALIDATED_NORMAL,adda716c835a8c02
2026-09-18T00:09:58Z,2026-11-02,Monday,Air India,AI,AI-318,Economy,Ahmedabad,Delhi,04:30,06:45,1.6,non-stop,45,2710,42.34,VALIDATED_NORMAL,2f3203fc362b7caf
2026-09-18T00:09:58Z,2026-10-18,Sunday,AirAsia,I5,I5-402,Economy,Hyderabad,Mumbai,08:30,10:45,1.5,non-stop,30,5762,90.03,VALIDATED_NORMAL,5ead845b25872dad
2026-09-18T00:09:58Z,2026-10-09,Friday,IndiGo,6E,6E-127,Economy,Bangalore,Delhi,04:30,06:45,2.7,non-stop,21,7310,114.22,VALIDATED_NORMAL,d61fdaccb732600b
2026-09-18T00:09:58Z,2026-10-18,Sunday,Vistara,UK,UK-190,Economy,Bangalore,Mumbai,18:00,20:15,1.7,non-stop,30,4050,63.28,VALIDATED_NORMAL,2c9d64fb78f43c91
2026-09-18T00:09:58Z,2026-10-02,Friday,IndiGo,6E,6E-450,Economy,Delhi,Kolkata,06:00,08:15,2.2,non-stop,14,7740,120.94,VALIDATED_NORMAL,25dab70f8b5fb6e7
2026-09-18T00:09:58Z,2026-10-09,Friday,Air India,AI,AI-736,Economy,Hyderabad,Bangalore,06:00,08:15,1.1,non-stop,21,3080,48.12,VALIDATED_NORMAL,4a0107959c571f89
2026-09-18T00:09:58Z,2026-10-02,Friday,IndiGo,6E,6E-192,Economy,Mumbai,Hyderabad,06:00,08:15,1.5,non-stop,14,5440,85.0,VALIDATED_NORMAL,b91c48aca85395e2
2026-09-18T00:09:58Z,2026-10-03,Saturday,IndiGo,6E,6E-680,Economy,Bangalore,Hyderabad,14:45,17:00,1.1,non-stop,15,3620,56.56,VALIDATED_NORMAL,bc0b5af2223160ab
2026-09-18T00:09:58Z,2026-09-25,Friday,Air India,AI,AI-826,Economy,Delhi,Chennai,11:15,13:30,5.3,1-stop,7,13330,208.28,VALIDATED_NORMAL,db05b867891f5a39
2026-09-18T00:09:58Z,2026-09-25,Friday,Vistara,UK,UK-776,Economy,Mumbai,Hyderabad,04:30,06:45,1.5,non-stop,7,7910,123.59,VALIDATED_NORMAL,dc55ab109faf7438
2026-09-18T00:09:58Z,2026-11-02,Monday,AirAsia,I5,I5-820,Economy,Bangalore,Hyderabad,06:00,08:15,1.1,non-stop,45,1540,24.06,VALIDATED_NORMAL,71c1ef2201571a23
2026-09-18T00:10:58Z,2026-09-25,Friday,Air India,AI,AI-641,Economy,Delhi,Bangalore,08:30,10:45,2.7,non-stop,7,15100,235.94,VALIDATED_NORMAL,9f2724b8614efde5
2026-09-18T00:10:58Z,2026-10-09,Friday,IndiGo,6E,6E-753,Economy,Chennai,Delhi,20:30,22:45,2.8,non-stop,21,8080,126.25,VALIDATED_NORMAL,63a1554a944559dd
2026-09-18T00:10:58Z,2026-10-18,Sunday,IndiGo,6E,6E-230,Economy,Delhi,Chennai,18:00,20:15,5.3,1-stop,30,5410,84.53,VALIDATED_NORMAL,abb871f3df7b2571
2026-09-18T00:10:58Z,2026-10-02,Friday,SpiceJet,SG,SG-522,Economy,Delhi,Ahmedabad,08:30,10:45,1.6,non-stop,14,5050,78.91,VALIDATED_NORMAL,4ef71a0a637ead57
2026-09-18T00:10:58Z,2026-10-02,Friday,Air India,AI,AI-439,Economy,Delhi,Mumbai,11:15,13:30,2.1,non-stop,14,15250,238.28,VALIDATED_NORMAL,5168b9314206ee93
2026-09-18T00:10:58Z,2026-09-19,Saturday,IndiGo,6E,6E-683,Economy,Chennai,Delhi,14:45,17:00,2.8,non-stop,1,30280,473.12,VALIDATED_NORMAL,9d45488a38f7c00d
2026-09-18T00:10:58Z,2026-09-25,Friday,IndiGo,6E,6E-243,Economy,Hyderabad,Bangalore,08:30,10:45,1.1,non-stop,7,5780,90.31,VALIDATED_NORMAL,93f7ace7eb12033f
2026-09-18T00:10:58Z,2026-09-19,Saturday,IndiGo,6E,6E-407,Economy,Delhi,Bangalore,18:00,20:15,2.7,non-stop,1,28800,450.0,VALIDATED_NORMAL,389445547ce5c78f
2026-09-18T00:10:58Z,2026-09-19,Saturday,SpiceJet,SG,SG-190,Economy,Delhi,Chennai,18:00,20:15,2.8,non-stop,1,25280,395.0,VALIDATED_NORMAL,3e7dd0ad2f2c5693
2026-09-18T00:10:58Z,2026-10-03,Saturday,IndiGo,6E,6E-764,Economy,Chennai,Delhi,08:30,10:45,2.8,non-stop,15,9540,149.06,VALIDATED_NORMAL,a6d48a347c4dfa61
2026-09-18T00:10:58Z,2026-09-19,Saturday,Air India,AI,AI-889,Economy,Mumbai,Hyderabad,08:30,10:45,1.5,non-stop,1,15640,244.38,VALIDATED_NORMAL,6ebc4af0b70fae4c
2026-09-18T00:10:58Z,2026-10-09,Friday,Air India,AI,AI-668,Economy,Bangalore,Mumbai,11:15,13:30,1.7,non-stop,21,4860,75.94,VALIDATED_NORMAL,69019e3d5152e679
2026-09-18T00:10:58Z,2026-10-03,Saturday,IndiGo,6E,6E-479,Economy,Mumbai,Kolkata,08:30,10:45,5.1,1-stop,15,8430,131.72,VALIDATED_NORMAL,24ebd44603074bea
2026-09-18T00:10:58Z,2026-10-02,Friday,Akasa Air,QP,QP-987,Economy,Delhi,Chennai,11:15,13:30,2.8,non-stop,14,8620,134.69,VALIDATED_NORMAL,25a2c0d12a98cf7b
2026-09-18T00:10:58Z,2026-09-20,Sunday,Vistara,UK,UK-447,Economy,Kolkata,Delhi,18:00,20:15,2.2,non-stop,2,20950,327.34,VALIDATED_NORMAL,23b3774e968fcbfe
2026-09-18T00:10:58Z,2026-09-20,Sunday,Akasa Air,QP,QP-694,Premium Economy,Ahmedabad,Delhi,14:45,17:00,1.6,non-stop,2,26620,415.94,VALIDATED_NORMAL,8e2a080ff1376667
2026-09-18T00:10:58Z,2026-10-03,Saturday,IndiGo,6E,6E-250,Economy,Delhi,Mumbai,18:00,20:15,2.1,non-stop,15,7610,118.91,VALIDATED_NORMAL,ad0ee0d5f9af9874
2026-09-18T00:10:58Z,2026-11-02,Monday,IndiGo,6E,6E-723,Economy,Bangalore,Hyderabad,08:30,10:45,1.1,non-stop,45,1770,27.66,VALIDATED_NORMAL,abd33ef6c9e05efa
2026-09-18T00:11:58Z,2026-10-18,Sunday,Vistara,UK,UK-281,Economy,Delhi,Kolkata,04:30,06:45,2.2,non-stop,30,5450,85.16,VALIDATED_NORMAL,90471ac35490a87c
2026-09-18T00:11:58Z,2026-09-19,Saturday,IndiGo,6E,6E-734,Economy,Delhi,Chennai,04:30,06:45,2.8,non-stop,1,29420,459.69,VALIDATED_NORMAL,e97b507f45fc5e24
2026-09-18T00:11:58Z,2026-09-20,Sunday,Air India,AI,AI-590,Economy,Hyderabad,Bangalore,04:30,06:45,1.1,non-stop,2,10300,160.94,VALIDATED_NORMAL,8a4c6d81117b3163
2026-09-18T00:11:58Z,2026-10-18,Sunday,IndiGo,6E,6E-505,Economy,Hyderabad,Bangalore,20:30,22:45,1.1,non-stop,30,2400,37.5,VALIDATED_NORMAL,dc735f5e44f63883
2026-09-18T00:11:58Z,2026-10-09,Friday,SpiceJet,SG,SG-532,Economy,Mumbai,Kolkata,20:30,22:45,2.6,non-stop,21,6810,106.41,VALIDATED_NORMAL,6fde996e4a82be9f
2026-09-18T00:11:58Z,2026-09-20,Sunday,Vistara,UK,UK-474,Economy,Mumbai,Hyderabad,20:30,22:45,1.5,non-stop,2,14120,220.62,VALIDATED_NORMAL,4992d2464612ce8b
2026-09-18T00:11:58Z,2026-09-20,Sunday,IndiGo,6E,6E-776,Premium Economy,Kolkata,Mumbai,06:00,08:15,5.1,1-stop,2,41930,655.16,FLAGGED_SURGE,43fdcda465f649f9
2026-09-18T00:11:58Z,2026-09-20,Sunday,IndiGo,6E,6E-111,Economy,Delhi,Ahmedabad,06:00,08:15,1.6,non-stop,2,13100,204.69,VALIDATED_NORMAL,0d21b50bfe7a4911
2026-09-18T00:11:58Z,2026-09-19,Saturday,IndiGo,6E,6E-442,Economy,Delhi,Ahmedabad,18:00,20:15,1.6,non-stop,1,17010,265.78,VALIDATED_NORMAL,cb1951ea3b154032
2026-09-18T00:11:58Z,2026-10-18,Sunday,Air India,AI,AI-783,Economy,Delhi,Chennai,04:30,06:45,2.8,non-stop,30,6260,97.81,VALIDATED_NORMAL,c00bfc5b9e0713d0
2026-09-18T00:11:58Z,2026-10-03,Saturday,IndiGo,6E,6E-542,Economy,Delhi,Kolkata,04:30,06:45,2.2,non-stop,15,7200,112.5,VALIDATED_NORMAL,2fbdc5c63b114679
2026-09-18T00:11:58Z,2026-11-02,Monday,IndiGo,6E,6E-403,Economy,Mumbai,Hyderabad,11:15,13:30,1.5,non-stop,45,2470,38.59,VALIDATED_NORMAL,4162757054b8d49a
2026-09-18T00:11:58Z,2026-09-19,Saturday,IndiGo,6E,6E-492,Economy,Kolkata,Mumbai,14:45,17:00,5.1,1-stop,1,25300,395.31,VALIDATED_NORMAL,7632004f961fe4f3
2026-09-18T00:11:58Z,2026-11-02,Monday,SpiceJet,SG,SG-822,Economy,Hyderabad,Bangalore,06:00,08:15,1.1,non-stop,45,1730,27.03,VALIDATED_NORMAL,97f10ba02ec3bb48
2026-09-18T00:11:58Z,2026-09-20,Sunday,IndiGo,6E,6E-705,Economy,Delhi,Kolkata,11:15,13:30,2.2,non-stop,2,18630,291.09,VALIDATED_NORMAL,042dded76f541dbb
2026-09-18T00:11:58Z,2026-10-03,Saturday,Vistara,UK,UK-785,Economy,Delhi,Bangalore,08:30,10:45,2.7,non-stop,15,10380,162.19,VALIDATED_NORMAL,eea2f955562843b8
2026-09-18T00:11:58Z,2026-09-19,Saturday,SpiceJet,SG,SG-433,Economy,Delhi,Bangalore,14:45,17:00,2.7,non-stop,1,24960,390.0,VALIDATED_NORMAL,05c0d11ad06b3e78
2026-09-18T00:11:58Z,2026-10-02,Friday,Vistara,UK,UK-289,Economy,Mumbai,Hyderabad,20:30,22:45,1.5,non-stop,14,6040,94.38,VALIDATED_NORMAL,13f01a51139188a4
2026-09-18T00:12:58Z,2026-10-09,Friday,IndiGo,6E,6E-829,Economy,Mumbai,Hyderabad,04:30,06:45,1.5,non-stop,21,4030,62.97,VALIDATED_NORMAL,f922f16cf3dad5a6
2026-09-18T00:12:58Z,2026-10-09,Friday,SpiceJet,SG,SG-482,Economy,Mumbai,Bangalore,04:30,06:45,1.7,non-stop,21,4510,70.47,VALIDATED_NORMAL,30dc565fcf186463
2026-09-18T00:12:58Z,2026-11-02,Monday,SpiceJet,SG,SG-879,Economy,Mumbai,Kolkata,18:00,20:15,2.6,non-stop,45,4180,65.31,VALIDATED_NORMAL,0c05e22e399c6faa
2026-09-18T00:12:58Z,2026-10-02,Friday,IndiGo,6E,6E-395,Economy,Bangalore,Hyderabad,04:30,06:45,1.1,non-stop,14,4150,64.84,VALIDATED_NORMAL,b05cd695d65e7320
2026-09-18T00:12:58Z,2026-09-19,Saturday,Air India,AI,AI-893,Economy,Chennai,Delhi,06:00,08:15,2.8,non-stop,1,28880,451.25,FLAGGED_SURGE,d540f789fcb9b7cc
2026-09-18T00:12:58Z,2026-09-25,Friday,IndiGo,6E,6E-417,Economy,Delhi,Kolkata,20:30,22:45,2.2,non-stop,7,10410,162.66,VALIDATED_NORMAL,96c286486066f0f7
2026-09-18T00:12:58Z,2026-09-20,Sunday,Akasa Air,QP,QP-502,Economy,Ahmedabad,Delhi,06:00,08:15,1.6,non-stop,2,12780,199.69,VALIDATED_NORMAL,c7562018199b750a
2026-09-18T00:12:58Z,2026-09-20,Sunday,Vistara,UK,UK-633,Economy,Bangalore,Hyderabad,08:30,10:45,1.1,non-stop,2,10500,164.06,VALIDATED_NORMAL,e63d29130eb97d82
2026-09-18T00:12:58Z,2026-09-25,Friday,SpiceJet,SG,SG-919,Economy,Bangalore,Mumbai,06:00,08:15,1.7,non-stop,7,7700,120.31,VALIDATED_NORMAL,3da422cce4cf117b
2026-09-18T00:12:58Z,2026-10-02,Friday,IndiGo,6E,6E-956,Economy,Hyderabad,Mumbai,11:15,13:30,1.5,non-stop,14,5740,89.69,VALIDATED_NORMAL,c6c1863d4ce15e3b
2026-09-18T00:12:58Z,2026-09-19,Saturday,IndiGo,6E,6E-611,Premium Economy,Mumbai,Kolkata,04:30,06:45,2.6,non-stop,1,56650,885.16,FLAGGED_SURGE,73b3b5e13142986b
2026-09-18T00:12:58Z,2026-09-25,Friday,SpiceJet,SG,SG-358,Economy,Delhi,Mumbai,18:00,20:15,4.6,1-stop,7,9060,141.56,VALIDATED_NORMAL,4942f0fe4eb4bd77
2026-09-18T00:12:58Z,2026-10-02,Friday,SpiceJet,SG,SG-327,Economy,Ahmedabad,Delhi,04:30,06:45,1.6,non-stop,14,5510,86.09,VALIDATED_NORMAL,c690a050978f9c40
2026-09-18T00:12:58Z,2026-09-25,Friday,Air India,AI,AI-496,Economy,Mumbai,Kolkata,04:30,06:45,2.6,non-stop,7,13750,214.84,VALIDATED_NORMAL,0105e6de7c13dcd3
2026-09-18T00:12:58Z,2026-10-18,Sunday,IndiGo,6E,6E-543,Economy,Bangalore,Hyderabad,08:30,10:45,1.1,non-stop,30,2220,34.69,VALIDATED_NORMAL,a5ca0372565c599a
2026-09-18T00:12:58Z,2026-10-18,Sunday,IndiGo,6E,6E-770,Economy,Kolkata,Delhi,11:15,13:30,2.2,non-stop,30,4800,75.0,VALIDATED_NORMAL,c17a1a3a4e858d07
2026-09-18T00:12:58Z,2026-09-20,Sunday,IndiGo,6E,6E-877,Economy,Delhi,Bangalore,08:30,10:45,2.7,non-stop,2,21370,333.91,VALIDATED_NORMAL,c43e0e92905330f9
2026-09-18T00:12:58Z,2026-11-02,Monday,IndiGo,6E,6E-145,Premium Economy,Kolkata,Delhi,11:15,13:30,2.2,non-stop,45,7320,114.38,VALIDATED_NORMAL,f10a651bdf94e684
2026-09-18T00:13:58Z,2026-11-02,Monday,IndiGo,6E,6E-197,Economy,Chennai,Delhi,06:00,08:15,2.8,non-stop,45,4260,66.56,VALIDATED_NORMAL,35ffff8fc8061143
2026-09-18T00:13:58Z,2026-09-25,Friday,Akasa Air,QP,QP-718,Economy,Delhi,Kolkata,11:15,13:30,2.2,non-stop,7,10450,163.28,VALIDATED_NORMAL,b6e2e6b65ff67cd5
2026-09-18T00:13:58Z,2026-10-09,Friday,Akasa Air,QP,QP-546,Business,Hyderabad,Bangalore,18:00,20:15,1.1,non-stop,21,10160,158.75,VALIDATED_NORMAL,58c977058e0964ab
2026-09-18T00:13:58Z,2026-10-02,Friday,IndiGo,6E,6E-317,Economy,Hyderabad,Bangalore,08:30,10:45,1.1,non-stop,14,4210,65.78,VALIDATED_NORMAL,c5da20844f30266e
2026-09-18T00:13:58Z,2026-10-02,Friday,IndiGo,6E,6E-171,Economy,Delhi,Kolkata,14:45,17:00,2.2,non-stop,14,7930,123.91,VALIDATED_NORMAL,b925e3adf76445c8
2026-09-18T00:13:58Z,2026-10-02,Friday,IndiGo,6E,6E-840,Economy,Bangalore,Delhi,20:30,22:45,2.7,non-stop,14,9340,145.94,VALIDATED_NORMAL,bafa7e37558b962e
2026-09-18T00:13:58Z,2026-09-19,Saturday,SpiceJet,SG,SG-613,Economy,Bangalore,Hyderabad,14:45,17:00,1.1,non-stop,1,11140,174.06,VALIDATED_NORMAL,e4236a68c876b5b0
2026-09-18T00:13:58Z,2026-09-20,Sunday,IndiGo,6E,6E-315,Economy,Mumbai,Kolkata,11:15,13:30,2.6,non-stop,2,22280,348.12,VALIDATED_NORMAL,13ef1b63e24b99f6
2026-09-18T00:13:58Z,2026-09-19,Saturday,Air India,AI,AI-587,Economy,Delhi,Ahmedabad,06:00,08:15,1.6,non-stop,1,17300,270.31,VALIDATED_NORMAL,3f64be35c15ae788
2026-09-18T00:13:58Z,2026-09-25,Friday,IndiGo,6E,6E-214,Economy,Kolkata,Delhi,11:15,13:30,2.2,non-stop,7,11280,176.25,VALIDATED_NORMAL,73fe4c23a77b8b1f
2026-09-18T00:13:58Z,2026-09-19,Saturday,IndiGo,6E,6E-586,Economy,Delhi,Mumbai,08:30,10:45,2.1,non-stop,1,20080,313.75,VALIDATED_NORMAL,ef0d8eaa907263b1
2026-09-18T00:13:58Z,2026-11-02,Monday,IndiGo,6E,6E-132,Economy,Hyderabad,Bangalore,08:30,10:45,1.1,non-stop,45,1800,28.12,VALIDATED_NORMAL,2e9ab1f64a3c8c57
2026-09-18T00:13:58Z,2026-09-25,Friday,IndiGo,6E,6E-604,Premium Economy,Delhi,Bangalore,20:30,22:45,2.7,non-stop,7,28610,447.03,VALIDATED_NORMAL,5694aa6e464e1090
2026-09-18T00:13:58Z,2026-09-19,Saturday,Air India,AI,AI-809,Economy,Mumbai,Kolkata,04:30,06:45,2.6,non-stop,1,29900,467.19,VALIDATED_NORMAL,20538c21507e7146
2026-09-18T00:13:58Z,2026-10-03,Saturday,Vistara,UK,UK-433,Economy,Bangalore,Delhi,08:30,10:45,2.7,non-stop,15,10440,163.12,VALIDATED_NORMAL,e834a3041d581266
2026-09-18T00:13:58Z,2026-11-02,Monday,IndiGo,6E,6E-149,Economy,Kolkata,Mumbai,04:30,06:45,2.6,non-stop,45,4330,67.66,VALIDATED_NORMAL,9068302bbd4b4035
2026-09-18T00:13:58Z,2026-11-02,Monday,IndiGo,6E,6E-350,Economy,Delhi,Mumbai,18:00,20:15,2.1,non-stop,45,3520,55.0,VALIDATED_NORMAL,e6d15298059f4b85
2026-09-18T00:13:58Z,2026-10-18,Sunday,Akasa Air,QP,QP-735,Economy,Delhi,Bangalore,14:45,17:00,2.7,non-stop,30,5070,79.22,VALIDATED_NORMAL,f8a37707c8559a65
2026-09-18T00:14:58Z,2026-09-20,Sunday,SpiceJet,SG,SG-247,Economy,Mumbai,Delhi,06:00,08:15,2.1,non-stop,2,16730,261.41,VALIDATED_NORMAL,5cd142f5d07bd166
2026-09-18T00:14:58Z,2026-09-19,Saturday,Vistara,UK,UK-550,Economy,Bangalore,Delhi,14:45,17:00,2.7,non-stop,1,32720,511.25,VALIDATED_NORMAL,d3ab0ecb5cf5864e
2026-09-18T00:14:58Z,2026-09-25,Friday,SpiceJet,SG,SG-492,Economy,Kolkata,Mumbai,14:45,17:00,2.6,non-stop,7,11850,185.16,VALIDATED_NORMAL,1025a656d5d4c6b1
2026-09-18T00:14:58Z,2026-11-02,Monday,IndiGo,6E,6E-145,Economy,Hyderabad,Mumbai,04:30,06:45,1.5,non-stop,45,2530,39.53,VALIDATED_NORMAL,217f7524f5e7821d
2026-09-18T00:14:58Z,2026-10-03,Saturday,Air India,AI,AI-452,Economy,Chennai,Delhi,08:30,10:45,2.8,non-stop,15,10170,158.91,VALIDATED_NORMAL,47b80e46d3ada116
2026-09-18T00:14:58Z,2026-10-09,Friday,IndiGo,6E,6E-913,Economy,Delhi,Chennai,11:15,13:30,2.8,non-stop,21,7980,124.69,VALIDATED_NORMAL,4033d31d04e00c90
2026-09-18T00:14:58Z,2026-11-02,Monday,SpiceJet,SG,SG-867,Economy,Bangalore,Delhi,08:30,10:45,5.2,1-stop,45,3740,58.44,VALIDATED_NORMAL,8b4887b99ba715f4
2026-09-18T00:14:58Z,2026-10-03,Saturday,Akasa Air,QP,QP-568,Economy,Ahmedabad,Delhi,06:00,08:15,1.6,non-stop,15,5100,79.69,VALIDATED_NORMAL,6bc2355b516668d2
2026-09-18T00:14:58Z,2026-09-19,Saturday,Akasa Air,QP,QP-230,Economy,Delhi,Ahmedabad,08:30,10:45,1.6,non-stop,1,15050,235.16,VALIDATED_NORMAL,3714c3ef5ea65bda
2026-09-18T00:14:58Z,2026-10-18,Sunday,IndiGo,6E,6E-703,Economy,Delhi,Kolkata,06:00,08:15,4.7,1-stop,30,4200,65.62,VALIDATED_NORMAL,8e57713b8036e083
2026-09-18T00:14:58Z,2026-09-19,Saturday,IndiGo,6E,6E-754,Economy,Mumbai,Hyderabad,08:30,10:45,1.5,non-stop,1,14490,226.41,VALIDATED_NORMAL,5822f4e90847daeb
2026-09-18T00:14:58Z,2026-09-20,Sunday,Air India,AI,AI-494,Economy,Delhi,Mumbai,08:30,10:45,2.1,non-stop,2,18560,290.0,VALIDATED_NORMAL,b7f9c105ca0c2e9d
2026-09-18T00:14:58Z,2026-09-25,Friday,Air India,AI,AI-486,Premium Economy,Mumbai,Hyderabad,20:30,22:45,1.5,non-stop,7,17920,280.0,VALIDATED_NORMAL,87131732fa72ff80
2026-09-18T00:14:58Z,2026-09-19,Saturday,Vistara,UK,UK-235,Economy,Mumbai,Delhi,06:00,08:15,2.1,non-stop,1,25410,397.03,VALIDATED_NORMAL,1cdd3122542cdc19
2026-09-18T00:14:58Z,2026-10-09,Friday,Vistara,UK,UK-873,Economy,Mumbai,Delhi,11:15,13:30,2.1,non-stop,21,6280,98.12,VALIDATED_NORMAL,bd7d0040712da4f9
2026-09-18T00:14:58Z,2026-11-02,Monday,Vistara,UK,UK-445,Economy,Delhi,Chennai,14:45,17:00,5.3,1-stop,45,4860,75.94,VALIDATED_NORMAL,481d622a5a362bdf
2026-09-18T00:14:58Z,2026-10-02,Friday,Vistara,UK,UK-326,Premium Economy,Chennai,Delhi,14:45,17:00,2.8,non-stop,14,24160,377.5,VALIDATED_NORMAL,9ddcb68124aad908
2026-09-18T00:14:58Z,2026-10-18,Sunday,IndiGo,6E,6E-619,Economy,Delhi,Mumbai,06:00,08:15,2.1,non-stop,30,4140,64.69,VALIDATED_NORMAL,25eb400f43f94680
2026-09-18T00:15:58Z,2026-10-02,Friday,IndiGo,6E,6E-194,Economy,Delhi,Bangalore,04:30,06:45,2.7,non-stop,14,9840,153.75,VALIDATED_NORMAL,f99ce8a834ecf779
2026-09-18T00:15:58Z,2026-10-03,Saturday,IndiGo,6E,6E-457,Economy,Mumbai,Hyderabad,08:30,10:45,1.5,non-stop,15,4850,75.78,VALIDATED_NORMAL,019bd4eacc3cbb34
2026-09-18T00:15:58Z,2026-09-19,Saturday,Vistara,UK,UK-449,Economy,Chennai,Delhi,18:00,20:15,2.8,non-stop,1,33960,530.62,VALIDATED_NORMAL,ace6b525b0881d63
2026-09-18T00:15:58Z,2026-11-02,Monday,IndiGo,6E,6E-373,Business,Hyderabad,Bangalore,04:30,06:45,1.1,non-stop,45,6920,108.12,VALIDATED_NORMAL,c3cc03cbbaf4d983
2026-09-18T00:15:58Z,2026-09-20,Sunday,IndiGo,6E,6E-276,Business,Mumbai,Bangalore,14:45,17:00,1.7,non-stop,2,55730,870.78,FLAGGED_SURGE,7c7269b11a8104a5
2026-09-18T00:15:58Z,2026-10-02,Friday,Air India,AI,AI-518,Economy,Delhi,Bangalore,20:30,22:45,2.7,non-stop,14,10050,157.03,VALIDATED_NORMAL,09b73f16e6345eb0
2026-09-18T00:15:58Z,2026-09-19,Saturday,IndiGo,6E,6E-260,Economy,Kolkata,Delhi,08:30,10:45,2.2,non-stop,1,23770,371.41,VALIDATED_NORMAL,3b0c1833284c3c49
2026-09-18T00:15:58Z,2026-10-09,Friday,IndiGo,6E,6E-735,Economy,Delhi,Chennai,11:15,13:30,5.3,1-stop,21,7350,114.84,VALIDATED_NORMAL,f75d4c9597b17155
2026-09-18T00:15:58Z,2026-09-20,Sunday,Vistara,UK,UK-243,Business,Ahmedabad,Delhi,04:30,06:45,1.6,non-stop,2,57050,891.41,FLAGGED_SURGE,070986bf016aae65
2026-09-18T00:15:58Z,2026-09-25,Friday,Air India,AI,AI-866,Economy,Bangalore,Hyderabad,11:15,13:30,1.1,non-stop,7,5780,90.31,VALIDATED_NORMAL,55ea5d54d07fa39f
2026-09-18T00:15:58Z,2026-09-20,Sunday,IndiGo,6E,6E-468,Economy,Delhi,Chennai,08:30,10:45,2.8,non-stop,2,24640,385.0,VALIDATED_NORMAL,ae22bc157c0f1f0d
2026-09-18T00:15:58Z,2026-10-02,Friday,IndiGo,6E,6E-825,Economy,Mumbai,Bangalore,06:00,08:15,1.7,non-stop,14,6270,97.97,VALIDATED_NORMAL,4953407e812f5ef8
2026-09-18T00:15:58Z,2026-11-02,Monday,IndiGo,6E,6E-176,Economy,Delhi,Bangalore,18:00,20:15,2.7,non-stop,45,4490,70.16,VALIDATED_NORMAL,2b6a1651965adbef
2026-09-18T00:15:58Z,2026-09-25,Friday,IndiGo,6E,6E-302,Economy,Mumbai,Delhi,08:30,10:45,4.6,1-stop,7,9250,144.53,VALIDATED_NORMAL,ca1c65a68f6717e4
2026-09-18T00:15:58Z,2026-10-02,Friday,Air India,AI,AI-589,Economy,Bangalore,Delhi,04:30,06:45,2.7,non-stop,14,10680,166.88,VALIDATED_NORMAL,45de65e1c95948e4
2026-09-18T00:15:58Z,2026-09-20,Sunday,IndiGo,6E,6E-385,Premium Economy,Delhi,Ahmedabad,14:45,17:00,1.6,non-stop,2,28490,445.16,VALIDATED_NORMAL,2945f02d5901a8fb
2026-09-18T00:15:58Z,2026-10-18,Sunday,IndiGo,6E,6E-229,Economy,Chennai,Delhi,18:00,20:15,2.8,non-stop,30,13717,214.33,VALIDATED_NORMAL,66fd2c0802df9ebf
2026-09-18T00:15:58Z,2026-10-09,Friday,SpiceJet,SG,SG-141,Economy,Mumbai,Kolkata,08:30,10:45,2.6,non-stop,21,6630,103.59,VALIDATED_NORMAL,4b6e648f490191bd
2026-09-18T00:16:58Z,2026-10-18,Sunday,IndiGo,6E,6E-340,Economy,Mumbai,Hyderabad,18:00,20:15,1.5,non-stop,30,3190,49.84,VALIDATED_NORMAL,8f5bf02c014e68bc
2026-09-18T00:16:58Z,2026-10-09,Friday,IndiGo,6E,6E-821,Economy,Mumbai,Delhi,20:30,22:45,2.1,non-stop,21,13665,213.52,VALIDATED_NORMAL,53b7c7f3f27140a7
2026-09-18T00:16:58Z,2026-10-03,Saturday,IndiGo,6E,6E-576,Economy,Delhi,Mumbai,14:45,17:00,2.1,non-stop,15,6960,108.75,VALIDATED_NORMAL,289791269b1629c0
2026-09-18T00:16:58Z,2026-10-02,Friday,IndiGo,6E,6E-528,Economy,Hyderabad,Mumbai,04:30,06:45,1.5,non-stop,14,5170,80.78,VALIDATED_NORMAL,9310768e714417b1
2026-09-18T00:16:58Z,2026-10-03,Saturday,Air India,AI,AI-706,Economy,Delhi,Ahmedabad,04:30,06:45,1.6,non-stop,15,6330,98.91,VALIDATED_NORMAL,8ed9a2f5b0a601b1
2026-09-18T00:16:58Z,2026-09-25,Friday,IndiGo,6E,6E-513,Economy,Ahmedabad,Delhi,04:30,06:45,1.6,non-stop,7,8290,129.53,VALIDATED_NORMAL,2c0bb7b5a38f29c3
2026-09-18T00:16:58Z,2026-09-25,Friday,Akasa Air,QP,QP-870,Economy,Mumbai,Hyderabad,18:00,20:15,1.5,non-stop,7,6710,104.84,VALIDATED_NORMAL,70269f75ffac212d
2026-09-18T00:16:58Z,2026-10-09,Friday,IndiGo,6E,6E-899,Economy,Kolkata,Delhi,20:30,22:45,4.7,1-stop,21,5400,84.38,VALIDATED_NORMAL,bc550551f3f9ed87
2026-09-18T00:16:58Z,2026-11-02,Monday,Air India,AI,AI-157,Economy,Kolkata,Delhi,14:45,17:00,2.2,non-stop,45,3700,57.81,VALIDATED_NORMAL,f371c428fea7ee47
2026-09-18T00:16:58Z,2026-10-18,Sunday,IndiGo,6E,6E-536,Premium Economy,Kolkata,Delhi,14:45,17:00,2.2,non-stop,30,10160,158.75,VALIDATED_NORMAL,e7216bdeca75c337
2026-09-18T00:16:58Z,2026-10-02,Friday,IndiGo,6E,6E-592,Economy,Delhi,Mumbai,20:30,22:45,2.1,non-stop,14,7940,124.06,VALIDATED_NORMAL,ed64124d7692ea38
2026-09-18T00:16:58Z,2026-10-18,Sunday,IndiGo,6E,6E-336,Economy,Ahmedabad,Delhi,20:30,22:45,1.6,non-stop,30,3520,55.0,VALIDATED_NORMAL,ba43c26e03a2e0ee
2026-09-18T00:16:58Z,2026-09-20,Sunday,Akasa Air,QP,QP-976,Economy,Chennai,Delhi,18:00,20:15,2.8,non-stop,2,21300,332.81,FLAGGED_SURGE,68afb30795ba87b0
2026-09-18T00:16:58Z,2026-10-03,Saturday,IndiGo,6E,6E-520,Economy,Mumbai,Kolkata,06:00,08:15,2.6,non-stop,15,8670,135.47,VALIDATED_NORMAL,bf3827497276c070
2026-09-18T00:16:58Z,2026-10-02,Friday,IndiGo,6E,6E-899,Economy,Bangalore,Hyderabad,18:00,20:15,1.1,non-stop,14,3950,61.72,VALIDATED_NORMAL,c28925f7e963ab04
2026-09-18T00:16:58Z,2026-10-02,Friday,IndiGo,6E,6E-906,Economy,Hyderabad,Bangalore,20:30,22:45,1.1,non-stop,14,3900,60.94,VALIDATED_NORMAL,83814edf5e08be7a
2026-09-18T00:16:58Z,2026-10-02,Friday,IndiGo,6E,6E-429,Economy,Hyderabad,Bangalore,14:45,17:00,3.6,1-stop,14,3850,60.16,VALIDATED_NORMAL,a3844ab3625e296d
2026-09-18T00:16:58Z,2026-09-19,Saturday,IndiGo,6E,6E-118,Economy,Mumbai,Bangalore,14:45,17:00,4.2,1-stop,1,16880,263.75,FLAGGED_SURGE,20e8def2338867e4
2026-09-18T00:17:02Z,2026-09-20,Sunday,Vistara,UK,UK-641,Economy,Delhi,Bangalore,06:00,08:15,2.7,non-stop,2,25540,399.06,VALIDATED_NORMAL,0649ee3f60ba93e3
2026-09-18T00:17:02Z,2026-09-19,Saturday,IndiGo,6E,6E-225,Economy,Delhi,Kolkata,06:00,08:15,2.2,non-stop,1,22180,346.56,VALIDATED_NORMAL,6028184a76efd906
2026-09-18T00:17:02Z,2026-09-20,Sunday,IndiGo,6E,6E-383,Economy,Hyderabad,Mumbai,14:45,17:00,1.5,non-stop,2,12560,196.25,VALIDATED_NORMAL,36ae5d63746c7365
2026-09-18T00:17:02Z,2026-10-09,Friday,Air India,AI,AI-216,Economy,Delhi,Chennai,11:15,13:30,2.8,non-stop,21,7880,123.12,VALIDATED_NORMAL,16b4a4c01d59e9e4
2026-09-18T00:17:58Z,2026-09-19,Saturday,IndiGo,6E,6E-904,Economy,Hyderabad,Mumbai,08:30,10:45,1.5,non-stop,1,14200,221.88,VALIDATED_NORMAL,31b055df856094cd
2026-09-18T00:17:58Z,2026-10-18,Sunday,IndiGo,6E,6E-616,Economy,Ahmedabad,Delhi,04:30,06:45,1.6,non-stop,30,3540,55.31,VALIDATED_NORMAL,907b0d1ed3f4714d
2026-09-18T00:17:58Z,2026-09-19,Saturday,IndiGo,6E,6E-191,Business,Delhi,Mumbai,08:30,10:45,2.1,non-stop,1,85520,1336.25,FLAGGED_SURGE,b979698c737c1bb8
2026-09-18T00:17:58Z,2026-10-02,Friday,IndiGo,6E,6E-532,Economy,Kolkata,Delhi,08:30,10:45,2.2,non-stop,14,7790,121.72,VALIDATED_NORMAL,e8fbf6768e083b5d
2026-09-18T00:17:58Z,2026-10-18,Sunday,Akasa Air,QP,QP-694,Economy,Hyderabad,Bangalore,20:30,22:45,3.6,1-stop,30,2000,31.25,VALIDATED_NORMAL,edf93108843e1fd8
2026-09-18T00:17:58Z,2026-09-25,Friday,Vistara,UK,UK-759,Economy,Mumbai,Delhi,06:00,08:15,2.1,non-stop,7,11420,178.44,VALIDATED_NORMAL,94b7d72f1e4e3968
2026-09-18T00:17:58Z,2026-09-25,Friday,IndiGo,6E,6E-579,Economy,Mumbai,Delhi,08:30,10:45,2.1,non-stop,7,11180,174.69,VALIDATED_NORMAL,d73de7c4a1a4086a
2026-09-18T00:17:58Z,2026-11-02,Monday,Akasa Air,QP,QP-818,Economy,Chennai,Delhi,06:00,08:15,2.8,non-stop,45,3940,61.56,VALIDATED_NORMAL,fa240e5078b22896
2026-09-18T00:17:58Z,2026-10-02,Friday,IndiGo,6E,6E-541,Economy,Mumbai,Kolkata,20:30,22:45,2.6,non-stop,14,9140,142.81,VALIDATED_NORMAL,5095259f7ad57006
2026-09-18T00:17:58Z,2026-09-19,Saturday,IndiGo,6E,6E-916,Economy,Bangalore,Mumbai,18:00,20:15,1.7,non-stop,1,16520,258.12,VALIDATED_NORMAL,f665268446241259
2026-09-18T00:17:58Z,2026-09-19,Saturday,IndiGo,6E,6E-217,Economy,Mumbai,Hyderabad,04:30,06:45,1.5,non-stop,1,15150,236.72,VALIDATED_NORMAL,be8cf3ab598379aa
2026-09-18T00:17:58Z,2026-11-02,Monday,IndiGo,6E,6E-329,Economy,Ahmedabad,Delhi,11:15,13:30,1.6,non-stop,45,2580,40.31,VALIDATED_NORMAL,7ad2825ccc739cb5
2026-09-18T00:17:58Z,2026-09-20,Sunday,Air India,AI,AI-206,Premium Economy,Ahmedabad,Delhi,06:00,08:15,1.6,non-stop,2,31720,495.62,VALIDATED_NORMAL,dab31f8f699044cb
2026-09-18T00:17:58Z,2026-11-02,Monday,Air India,AI,AI-637,Economy,Mumbai,Kolkata,06:00,08:15,2.6,non-stop,45,4610,72.03,VALIDATED_NORMAL,3c7b99b76f5b02bc
2026-09-18T00:17:58Z,2026-09-19,Saturday,IndiGo,6E,6E-425,Economy,Bangalore,Mumbai,20:30,22:45,1.7,non-stop,1,17620,275.31,VALIDATED_NORMAL,b7ed0cc9642e1db1
2026-09-18T00:17:58Z,2026-10-18,Sunday,IndiGo,6E,6E-623,Economy,Mumbai,Bangalore,04:30,06:45,1.7,non-stop,30,3640,56.88,VALIDATED_NORMAL,e697cd18e457c2fc
2026-09-18T00:17:58Z,2026-09-20,Sunday,IndiGo,6E,6E-668,Economy,Hyderabad,Bangalore,18:00,20:15,1.1,non-stop,2,9300,145.31,VALIDATED_NORMAL,39252c3a9840e938
2026-09-18T00:17:58Z,2026-09-25,Friday,AirAsia,I5,I5-419,Premium Economy,Hyderabad,Bangalore,20:30,22:45,3.6,1-stop,7,9750,152.34,VALIDATED_NORMAL,0b2ad30b5e114c4e
2026-09-18T00:18:58Z,2026-09-20,Sunday,IndiGo,6E,6E-366,Premium Economy,Bangalore,Hyderabad,11:15,13:30,1.1,non-stop,2,20220,315.94,VALIDATED_NORMAL,fbbe0ae8d89b97e0
2026-09-18T00:18:58Z,2026-10-09,Friday,IndiGo,6E,6E-544,Business,Delhi,Kolkata,14:45,17:00,2.2,non-stop,21,22300,348.44,VALIDATED_NORMAL,34e8be60008d3f0a
2026-09-18T00:18:58Z,2026-09-25,Friday,IndiGo,6E,6E-733,Premium Economy,Mumbai,Kolkata,18:00,20:15,2.6,non-stop,7,28590,446.72,VALIDATED_NORMAL,b4a62a79e898dc44
2026-09-18T00:18:58Z,2026-10-02,Friday,IndiGo,6E,6E-707,Premium Economy,Delhi,Kolkata,20:30,22:45,2.2,non-stop,14,17610,275.16,VALIDATED_NORMAL,51b3678ce69de197
2026-09-18T00:18:58Z,2026-10-09,Friday,IndiGo,6E,6E-288,Economy,Bangalore,Delhi,18:00,20:15,2.7,non-stop,21,7610,118.91,VALIDATED_NORMAL,0921c418f6061e12
2026-09-18T00:18:58Z,2026-10-02,Friday,IndiGo,6E,6E-503,Economy,Delhi,Bangalore,20:30,22:45,2.7,non-stop,14,9210,143.91,VALIDATED_NORMAL,27323ff26670631c
2026-09-18T00:18:58Z,2026-10-09,Friday,IndiGo,6E,6E-743,Economy,Delhi,Mumbai,18:00,20:15,4.6,1-stop,21,5460,85.31,VALIDATED_NORMAL,078426071d83b610
2026-09-18T00:18:58Z,2026-10-09,Friday,IndiGo,6E,6E-830,Economy,Delhi,Mumbai,06:00,08:15,2.1,non-stop,21,5570,87.03,VALIDATED_NORMAL,913be48aac3cb971
2026-09-18T00:18:58Z,2026-09-20,Sunday,IndiGo,6E,6E-922,Economy,Mumbai,Hyderabad,06:00,08:15,1.5,non-stop,2,12160,190.0,VALIDATED_NORMAL,25dce9307856ab08
2026-09-18T00:18:58Z,2026-11-02,Monday,IndiGo,6E,6E-508,Business,Bangalore,Mumbai,18:00,20:15,1.7,non-stop,45,10780,168.44,VALIDATED_NORMAL,ba3166a959b5997b
2026-09-18T00:18:58Z,2026-10-18,Sunday,IndiGo,6E,6E-730,Economy,Mumbai,Hyderabad,04:30,06:45,1.5,non-stop,30,3080,48.12,VALIDATED_NORMAL,c07b159fd83a2ed5
2026-09-18T00:18:58Z,2026-10-03,Saturday,IndiGo,6E,6E-290,Economy,Chennai,Delhi,20:30,22:45,2.8,non-stop,15,9780,152.81,VALIDATED_NORMAL,7013fe89363e26be
2026-09-18T00:18:58Z,2026-09-25,Friday,IndiGo,6E,6E-251,Economy,Mumbai,Kolkata,20:30,22:45,2.6,non-stop,7,12940,202.19,VALIDATED_NORMAL,6a81da0bc6cadc74
2026-09-18T00:18:58Z,2026-10-03,Saturday,IndiGo,6E,6E-679,Economy,Ahmedabad,Delhi,18:00,20:15,1.6,non-stop,15,5840,91.25,VALIDATED_NORMAL,024fa79600a565e9
2026-09-18T00:18:58Z,2026-09-20,Sunday,IndiGo,6E,6E-164,Economy,Delhi,Bangalore,08:30,10:45,2.7,non-stop,2,23820,372.19,VALIDATED_NORMAL,c45c54abe1725308
2026-09-18T00:18:58Z,2026-10-09,Friday,IndiGo,6E,6E-731,Business,Delhi,Ahmedabad,20:30,22:45,1.6,non-stop,21,16910,264.22,VALIDATED_NORMAL,2796e2d762cae92c
2026-09-18T00:18:58Z,2026-10-09,Friday,IndiGo,6E,6E-660,Economy,Delhi,Bangalore,11:15,13:30,5.2,1-stop,21,6640,103.75,VALIDATED_NORMAL,857ff43cbf341cbb
2026-09-18T00:18:58Z,2026-11-02,Monday,IndiGo,6E,6E-744,Economy,Hyderabad,Mumbai,08:30,10:45,1.5,non-stop,45,2310,36.09,VALIDATED_NORMAL,dd8519f38382fc80
2026-09-18T00:19:58Z,2026-10-18,Sunday,IndiGo,6E,6E-861,Economy,Mumbai,Kolkata,06:00,08:15,2.6,non-stop,30,5550,86.72,VALIDATED_NORMAL,33f37dc448079543
2026-09-18T00:19:58Z,2026-09-25,Friday,Air India,AI,AI-230,Economy,Chennai,Delhi,04:30,06:45,2.8,non-stop,7,14450,225.78,VALIDATED_NORMAL,7ff87adf6b5240c6
2026-09-18T00:19:58Z,2026-10-03,Saturday,IndiGo,6E,6E-575,Economy,Mumbai,Kolkata,20:30,22:45,2.6,non-stop,15,8880,138.75,VALIDATED_NORMAL,87081f16e26978bc
2026-09-18T00:19:58Z,2026-10-03,Saturday,IndiGo,6E,6E-635,Economy,Hyderabad,Bangalore,06:00,08:15,1.1,non-stop,15,3660,57.19,VALIDATED_NORMAL,1bc6d76d95b69560
2026-09-18T00:19:58Z,2026-11-02,Monday,IndiGo,6E,6E-254,Economy,Delhi,Kolkata,04:30,06:45,2.2,non-stop,45,3320,51.88,VALIDATED_NORMAL,8d1d8ea3a6589d89
2026-09-18T00:19:58Z,2026-10-09,Friday,Akasa Air,QP,QP-618,Economy,Delhi,Ahmedabad,06:00,08:15,1.6,non-stop,21,3930,61.41,VALIDATED_NORMAL,50d44b56cf9e1c21
2026-09-18T00:19:58Z,2026-10-03,Saturday,IndiGo,6E,6E-736,Economy,Delhi,Kolkata,20:30,22:45,4.7,1-stop,15,6510,101.72,VALIDATED_NORMAL,2aa35b128bc5c764
2026-09-18T00:19:58Z,2026-09-25,Friday,IndiGo,6E,6E-514,Economy,Mumbai,Hyderabad,14:45,17:00,1.5,non-stop,7,7580,118.44,VALIDATED_NORMAL,55082a1a16b78236
2026-09-18T00:19:58Z,2026-09-20,Sunday,IndiGo,6E,6E-377,Economy,Mumbai,Kolkata,04:30,06:45,2.6,non-stop,2,22640,353.75,FLAGGED_SURGE,d2eabcd60a2eaf26
2026-09-18T00:19:58Z,2026-09-19,Saturday,Akasa Air,QP,QP-747,Economy,Mumbai,Delhi,06:00,08:15,2.1,non-stop,1,20590,321.72,FLAGGED_SURGE,c1d60f4c97304be8
2026-09-18T00:19:58Z,2026-10-09,Friday,IndiGo,6E,6E-112,Economy,Chennai,Delhi,11:15,13:30,2.8,non-stop,21,7380,115.31,VALIDATED_NORMAL,62d6ed3490349193
2026-09-18T00:19:58Z,2026-10-18,Sunday,IndiGo,6E,6E-152,Economy,Chennai,Delhi,20:30,22:45,2.8,non-stop,30,6130,95.78,VALIDATED_NORMAL,7771f5d4ffcb4c94
2026-09-18T00:19:58Z,2026-10-09,Friday,Air India,AI,AI-883,Economy,Hyderabad,Bangalore,20:30,22:45,1.1,non-stop,21,3420,53.44,VALIDATED_NORMAL,91aa5548f0b3f4cd
2026-09-18T00:19:58Z,2026-11-02,Monday,IndiGo,6E,6E-797,Economy,Ahmedabad,Delhi,04:30,06:45,1.6,non-stop,45,2440,38.12,VALIDATED_NORMAL,be5b6c0f85e08ff7
2026-09-18T00:19:58Z,2026-10-02,Friday,Air India,AI,AI-449,Economy,Delhi,Kolkata,08:30,10:45,2.2,non-stop,14,9050,141.41,VALIDATED_NORMAL,455fba50c394306a
2026-09-18T00:19:58Z,2026-10-03,Saturday,IndiGo,6E,6E-936,Economy,Bangalore,Delhi,14:45,17:00,2.7,non-stop,15,8680,135.62,VALIDATED_NORMAL,b2edf8041050386e
2026-09-18T00:19:58Z,2026-10-18,Sunday,IndiGo,6E,6E-244,Economy,Bangalore,Delhi,20:30,22:45,2.7,non-stop,30,5470,85.47,VALIDATED_NORMAL,30345ceddc0a52dc
2026-09-18T00:19:58Z,2026-10-18,Sunday,IndiGo,6E,6E-854,Business,Bangalore,Delhi,08:30,10:45,2.7,non-stop,30,19970,312.03,FLAGGED_SURGE,56a0a31ec9d3b400
2026-09-18T00:20:58Z,2026-11-02,Monday,Vistara,UK,UK-427,Economy,Mumbai,Hyderabad,18:00,20:15,1.5,non-stop,45,2880,45.0,VALIDATED_NORMAL,ad3956c3e6e21612
2026-09-18T00:20:58Z,2026-09-19,Saturday,IndiGo,6E,6E-479,Economy,Bangalore,Hyderabad,18:00,20:15,1.1,non-stop,1,11310,176.72,VALIDATED_NORMAL,887f9f412e2c5b1d
2026-09-18T00:20:58Z,2026-09-19,Saturday,SpiceJet,SG,SG-890,Economy,Mumbai,Bangalore,08:30,10:45,1.7,non-stop,1,17170,268.28,VALIDATED_NORMAL,e9b6303380308c20
2026-09-18T00:20:58Z,2026-10-03,Saturday,Vistara,UK,UK-303,Premium Economy,Delhi,Bangalore,11:15,13:30,2.7,non-stop,15,23000,359.38,VALIDATED_NORMAL,7a1d9dd7878974a0
2026-09-18T00:20:58Z,2026-09-19,Saturday,IndiGo,6E,6E-510,Economy,Delhi,Ahmedabad,06:00,08:15,1.6,non-stop,1,15890,248.28,VALIDATED_NORMAL,ce2aacc2744e19ff
2026-09-18T00:20:58Z,2026-09-25,Friday,IndiGo,6E,6E-222,Economy,Bangalore,Hyderabad,11:15,13:30,1.1,non-stop,7,5500,85.94,VALIDATED_NORMAL,dd751a8efe058f84
2026-09-18T00:20:58Z,2026-09-19,Saturday,Akasa Air,QP,QP-630,Economy,Mumbai,Bangalore,04:30,06:45,1.7,non-stop,1,16000,250.0,VALIDATED_NORMAL,da13c891023cbf7c
2026-09-18T00:20:58Z,2026-10-09,Friday,IndiGo,6E,6E-716,Premium Economy,Mumbai,Hyderabad,04:30,06:45,1.5,non-stop,21,8000,125.0,VALIDATED_NORMAL,331099e0ade49543
2026-09-18T00:20:58Z,2026-10-09,Friday,IndiGo,6E,6E-624,Economy,Ahmedabad,Delhi,04:30,06:45,1.6,non-stop,21,4070,63.59,VALIDATED_NORMAL,022981620378348f
2026-09-18T00:20:58Z,2026-10-18,Sunday,IndiGo,6E,6E-682,Economy,Mumbai,Kolkata,20:30,22:45,2.6,non-stop,30,5080,79.38,VALIDATED_NORMAL,72ab232f853f8e65
2026-09-18T00:20:58Z,2026-10-03,Saturday,Air India,AI,AI-858,Economy,Bangalore,Mumbai,08:30,10:45,1.7,non-stop,15,6740,105.31,VALIDATED_NORMAL,a9a8a86c01f9ec22
2026-09-18T00:20:58Z,2026-10-18,Sunday,Air India,AI,AI-881,Economy,Hyderabad,Bangalore,08:30,10:45,1.1,non-stop,30,2390,37.34,VALIDATED_NORMAL,f63caffd12180f51
2026-09-18T00:20:58Z,2026-10-18,Sunday,IndiGo,6E,6E-803,Economy,Mumbai,Bangalore,18:00,20:15,1.7,non-stop,30,3540,55.31,VALIDATED_NORMAL,fdb4b4a294f3a557
2026-09-18T00:20:58Z,2026-09-25,Friday,Vistara,UK,UK-480,Business,Chennai,Delhi,20:30,22:45,2.8,non-stop,7,58380,912.19,FLAGGED_SURGE,116b4648835c4f6f
2026-09-18T00:20:58Z,2026-11-02,Monday,IndiGo,6E,6E-620,Economy,Delhi,Bangalore,14:45,17:00,2.7,non-stop,45,4310,67.34,VALIDATED_NORMAL,ae3a0d971f112306
2026-09-18T00:20:58Z,2026-09-25,Friday,IndiGo,6E,6E-178,Economy,Delhi,Chennai,18:00,20:15,2.8,non-stop,7,15060,235.31,VALIDATED_NORMAL,639d7f00921ebabd
2026-09-18T00:20:58Z,2026-10-09,Friday,IndiGo,6E,6E-662,Economy,Hyderabad,Bangalore,08:30,10:45,3.6,1-stop,21,2920,45.62,VALIDATED_NORMAL,6d91b7b51c1697d9
2026-09-18T00:20:58Z,2026-10-18,Sunday,SpiceJet,SG,SG-831,Economy,Delhi,Bangalore,04:30,06:45,2.7,non-stop,30,5290,82.66,VALIDATED_NORMAL,18e79b2fd62c7611
2026-09-18T00:21:58Z,2026-09-20,Sunday,IndiGo,6E,6E-552,Economy,Mumbai,Kolkata,08:30,10:45,2.6,non-stop,2,20550,321.09,FLAGGED_SURGE,a814b0f712156b20
2026-09-18T00:21:58Z,2026-10-02,Friday,IndiGo,6E,6E-123,Economy,Delhi,Ahmedabad,18:00,20:15,1.6,non-stop,14,6140,95.94,VALIDATED_NORMAL,2ebf455c9edc741c
2026-09-18T00:21:58Z,2026-10-02,Friday,IndiGo,6E,6E-656,Economy,Mumbai,Kolkata,18:00,20:15,2.6,non-stop,14,9050,141.41,VALIDATED_NORMAL,138fffd85d445d5b
2026-09-18T00:21:58Z,2026-10-18,Sunday,IndiGo,6E,6E-225,Economy,Bangalore,Delhi,08:30,10:45,2.7,non-stop,30,5860,91.56,VALIDATED_NORMAL,e7c9abec774b6fc9
2026-09-18T00:21:58Z,2026-09-20,Sunday,IndiGo,6E,6E-567,Premium Economy,Delhi,Ahmedabad,11:15,13:30,1.6,non-stop,2,28540,445.94,FLAGGED_SURGE,09093585a416779e
2026-09-18T00:21:58Z,2026-10-02,Friday,IndiGo,6E,6E-663,Economy,Hyderabad,Mumbai,20:30,22:45,1.5,non-stop,14,5360,83.75,VALIDATED_NORMAL,068fbca19ef9b3a4
2026-09-18T00:21:58Z,2026-11-02,Monday,Vistara,UK,UK-164,Economy,Mumbai,Kolkata,14:45,17:00,2.6,non-stop,45,4540,70.94,VALIDATED_NORMAL,7ccf8a56926eedad
2026-09-18T00:21:58Z,2026-10-18,Sunday,IndiGo,6E,6E-832,Economy,Delhi,Mumbai,04:30,06:45,2.1,non-stop,30,4240,66.25,VALIDATED_NORMAL,a45da7a29a33bf5b
2026-09-18T00:21:58Z,2026-10-02,Friday,Akasa Air,QP,QP-127,Economy,Chennai,Delhi,08:30,10:45,2.8,non-stop,14,8720,136.25,VALIDATED_NORMAL,408610bd7452d5da
2026-09-18T00:21:58Z,2026-11-02,Monday,IndiGo,6E,6E-978,Economy,Hyderabad,Bangalore,06:00,08:15,1.1,non-stop,45,1780,27.81,VALIDATED_NORMAL,ee78e377ea7fd452
2026-09-18T00:21:58Z,2026-09-25,Friday,IndiGo,6E,6E-963,Economy,Delhi,Chennai,14:45,17:00,2.8,non-stop,7,13560,211.88,VALIDATED_NORMAL,f81bfe3934c1874c
2026-09-18T00:21:58Z,2026-09-25,Friday,Akasa Air,QP,QP-683,Economy,Kolkata,Delhi,20:30,22:45,2.2,non-stop,7,9980,155.94,VALIDATED_NORMAL,a41c6614278d60cf
2026-09-18T00:21:58Z,2026-10-18,Sunday,IndiGo,6E,6E-439,Economy,Bangalore,Mumbai,11:15,13:30,1.7,non-stop,30,3670,57.34,VALIDATED_NORMAL,1d2e72cb47667950
2026-09-18T00:21:58Z,2026-10-18,Sunday,Air India,AI,AI-470,Economy,Mumbai,Bangalore,20:30,22:45,4.2,1-stop,30,3560,55.62,VALIDATED_NORMAL,069fe46fee7970ba
2026-09-18T00:21:58Z,2026-09-20,Sunday,IndiGo,6E,6E-802,Economy,Bangalore,Mumbai,06:00,08:15,1.7,non-stop,2,14240,222.5,VALIDATED_NORMAL,f62d93b305cd94e1
2026-09-18T00:21:58Z,2026-10-09,Friday,IndiGo,6E,6E-311,Economy,Hyderabad,Bangalore,18:00,20:15,1.1,non-stop,21,2910,45.47,VALIDATED_NORMAL,42066d0920fc4eb8
2026-09-18T00:21:58Z,2026-11-02,Monday,IndiGo,6E,6E-110,Economy,Bangalore,Delhi,14:45,17:00,2.7,non-stop,45,10309,161.08,VALIDATED_NORMAL,0db8839bad6bec17
2026-09-18T00:21:58Z,2026-11-02,Monday,IndiGo,6E,6E-683,Premium Economy,Chennai,Delhi,08:30,10:45,2.8,non-stop,45,9080,141.88,VALIDATED_NORMAL,d9ae33cf213fc348
2026-09-18T00:22:58Z,2026-10-03,Saturday,Air India,AI,AI-641,Economy,Bangalore,Hyderabad,18:00,20:15,3.6,1-stop,15,3800,59.38,VALIDATED_NORMAL,3e948a018f4fd48c
2026-09-18T00:22:58Z,2026-11-02,Monday,IndiGo,6E,6E-925,Economy,Delhi,Bangalore,18:00,20:15,2.7,non-stop,45,4660,72.81,VALIDATED_NORMAL,aa1f348a5b2abd40
2026-09-18T00:22:58Z,2026-11-02,Monday,IndiGo,6E,6E-105,Economy,Ahmedabad,Delhi,20:30,22:45,1.6,non-stop,45,2410,37.66,VALIDATED_NORMAL,2a5c13983351e101
2026-09-18T00:22:58Z,2026-10-18,Sunday,IndiGo,6E,6E-200,Premium Economy,Kolkata,Mumbai,14:45,17:00,2.6,non-stop,30,10830,169.22,VALIDATED_NORMAL,1743ad3b35c016fc
2026-09-18T00:22:58Z,2026-11-02,Monday,IndiGo,6E,6E-458,Economy,Mumbai,Hyderabad,18:00,20:15,1.5,non-stop,45,2540,39.69,VALIDATED_NORMAL,558280ff443ffeeb
2026-09-18T00:22:58Z,2026-11-02,Monday,IndiGo,6E,6E-664,Economy,Delhi,Chennai,20:30,22:45,2.8,non-stop,45,10310,161.09,VALIDATED_NORMAL,34be394ed1a05ceb
2026-09-18T00:22:58Z,2026-10-18,Sunday,Air India,AI,AI-925,Economy,Ahmedabad,Delhi,20:30,22:45,1.6,non-stop,30,3390,52.97,VALIDATED_NORMAL,94d47079d8a8a30b
2026-09-18T00:22:58Z,2026-10-18,Sunday,IndiGo,6E,6E-238,Economy,Chennai,Delhi,08:30,10:45,2.8,non-stop,30,5920,92.5,VALIDATED_NORMAL,2f80c43878bdf0c0
2026-09-18T00:22:58Z,2026-10-18,Sunday,AirAsia,I5,I5-336,Economy,Hyderabad,Mumbai,04:30,06:45,1.5,non-stop,30,2770,43.28,VALIDATED_NORMAL,327eca1a6ac1b789
2026-09-18T00:22:58Z,2026-09-20,Sunday,IndiGo,6E,6E-297,Economy,Delhi,Bangalore,06:00,08:15,2.7,non-stop,2,23130,361.41,VALIDATED_NORMAL,93ccbf4f892d24fd
2026-09-18T00:22:58Z,2026-10-03,Saturday,IndiGo,6E,6E-191,Business,Delhi,Bangalore,11:15,13:30,5.2,1-stop,15,33860,529.06,VALIDATED_NORMAL,a0c31617ae0b2f34
2026-09-18T00:22:58Z,2026-09-20,Sunday,Air India,AI,AI-467,Economy,Delhi,Chennai,20:30,22:45,5.3,1-stop,2,22220,347.19,VALIDATED_NORMAL,5c1e22bf22f69fd7
2026-09-18T00:22:58Z,2026-09-25,Friday,Vistara,UK,UK-818,Premium Economy,Ahmedabad,Delhi,04:30,06:45,1.6,non-stop,7,18010,281.41,VALIDATED_NORMAL,5e872ae1cfa13bb9
2026-09-18T00:22:58Z,2026-10-09,Friday,IndiGo,6E,6E-167,Economy,Hyderabad,Bangalore,08:30,10:45,1.1,non-stop,21,2800,43.75,VALIDATED_NORMAL,fa4cafaaa85abb31
2026-09-18T00:22:58Z,2026-09-19,Saturday,IndiGo,6E,6E-546,Economy,Mumbai,Delhi,06:00,08:15,2.1,non-stop,1,21940,342.81,VALIDATED_NORMAL,02aafda682279e9c
2026-09-18T00:22:58Z,2026-10-03,Saturday,IndiGo,6E,6E-647,Economy,Kolkata,Mumbai,20:30,22:45,2.6,non-stop,15,9480,148.12,VALIDATED_NORMAL,65700a051f07ee36
2026-09-18T00:22:58Z,2026-10-03,Saturday,IndiGo,6E,6E-402,Economy,Mumbai,Delhi,04:30,06:45,2.1,non-stop,15,6840,106.88,VALIDATED_NORMAL,758e37f766728a45
2026-09-18T00:22:58Z,2026-10-03,Saturday,IndiGo,6E,6E-229,Economy,Chennai,Delhi,08:30,10:45,2.8,non-stop,15,9930,155.16,VALIDATED_NORMAL,ee9a5b577b7a0c65
2026-09-18T00:23:58Z,2026-10-18,Sunday,Vistara,UK,UK-154,Premium Economy,Hyderabad,Bangalore,20:30,22:45,1.1,non-stop,30,5420,84.69,VALIDATED_NORMAL,cf15c9b73077d547
2026-09-18T00:23:58Z,2026-10-18,Sunday,IndiGo,6E,6E-700,Premium Economy,Delhi,Bangalore,06:00,08:15,2.7,non-stop,30,11560,180.62,VALIDATED_NORMAL,696e980fa72badc3
2026-09-18T00:23:58Z,2026-10-03,Saturday,AirAsia,I5,I5-524,Economy,Delhi,Mumbai,06:00,08:15,2.1,non-stop,15,7130,111.41,VALIDATED_NORMAL,ee89fe95b942cd9f
2026-09-18T00:23:58Z,2026-09-25,Friday,IndiGo,6E,6E-869,Business,Kolkata,Mumbai,18:00,20:15,2.6,non-stop,7,52650,822.66,FLAGGED_SURGE,873b0f0ddc5c08d7
2026-09-18T00:23:58Z,2026-09-25,Friday,IndiGo,6E,6E-503,Economy,Hyderabad,Mumbai,18:00,20:15,1.5,non-stop,7,7880,123.12,VALIDATED_NORMAL,396f71c0df76bf6d
2026-09-18T00:23:58Z,2026-10-09,Friday,Vistara,UK,UK-369,Premium Economy,Mumbai,Kolkata,06:00,08:15,2.6,non-stop,21,15510,242.34,VALIDATED_NORMAL,cebf2b3510cd11df
2026-09-18T00:23:58Z,2026-10-03,Saturday,IndiGo,6E,6E-315,Premium Economy,Mumbai,Delhi,04:30,06:45,2.1,non-stop,15,14580,227.81,VALIDATED_NORMAL,57d075ee0c100c53
2026-09-18T00:23:58Z,2026-09-20,Sunday,IndiGo,6E,6E-620,Economy,Delhi,Kolkata,18:00,20:15,2.2,non-stop,2,17920,280.0,VALIDATED_NORMAL,0a199c6eaab721f9
2026-09-18T00:23:58Z,2026-09-25,Friday,IndiGo,6E,6E-256,Economy,Kolkata,Mumbai,04:30,06:45,2.6,non-stop,7,12220,190.94,VALIDATED_NORMAL,77db518bf854fa4a
2026-09-18T00:23:58Z,2026-10-09,Friday,IndiGo,6E,6E-601,Economy,Delhi,Bangalore,11:15,13:30,2.7,non-stop,21,6940,108.44,VALIDATED_NORMAL,d1b92188982e92d0
2026-09-18T00:23:58Z,2026-10-09,Friday,Akasa Air,QP,QP-473,Economy,Delhi,Chennai,11:15,13:30,2.8,non-stop,21,6620,103.44,VALIDATED_NORMAL,ee6bd7c808361e56
2026-09-18T00:23:58Z,2026-09-19,Saturday,IndiGo,6E,6E-498,Economy,Delhi,Mumbai,14:45,17:00,2.1,non-stop,1,21840,341.25,VALIDATED_NORMAL,b6e3ea04871f1cae
2026-09-18T00:23:58Z,2026-11-02,Monday,Air India,AI,AI-520,Economy,Hyderabad,Bangalore,08:30,10:45,1.1,non-stop,45,1810,28.28,VALIDATED_NORMAL,9034bed0503396de
2026-09-18T00:23:58Z,2026-10-02,Friday,IndiGo,6E,6E-688,Economy,Delhi,Ahmedabad,18:00,20:15,4.1,1-stop,14,5110,79.84,VALIDATED_NORMAL,830f8cbbf761659f
2026-09-18T00:23:58Z,2026-09-19,Saturday,Air India,AI,AI-118,Economy,Bangalore,Hyderabad,08:30,10:45,1.1,non-stop,1,12370,193.28,VALIDATED_NORMAL,0b0324cd63c5ce27
2026-09-18T00:23:58Z,2026-10-09,Friday,IndiGo,6E,6E-814,Economy,Mumbai,Hyderabad,18:00,20:15,1.5,non-stop,21,4110,64.22,VALIDATED_NORMAL,4474300430638424
2026-09-18T00:23:58Z,2026-09-20,Sunday,Vistara,UK,UK-516,Economy,Delhi,Ahmedabad,20:30,22:45,1.6,non-stop,2,15270,238.59,VALIDATED_NORMAL,9f4d896a03e4f684
2026-09-18T00:23:58Z,2026-09-25,Friday,Air India,AI,AI-742,Economy,Mumbai,Delhi,08:30,10:45,2.1,non-stop,7,10640,166.25,VALIDATED_NORMAL,4613972f98885a75
2026-09-18T00:24:58Z,2026-09-25,Friday,IndiGo,6E,6E-565,Economy,Kolkata,Delhi,06:00,08:15,2.2,non-stop,7,10400,162.5,VALIDATED_NORMAL,d4186e544c57e78e
2026-09-18T00:24:58Z,2026-10-03,Saturday,IndiGo,6E,6E-442,Economy,Ahmedabad,Delhi,04:30,06:45,1.6,non-stop,15,5620,87.81,VALIDATED_NORMAL,5bd3e5402cceee6e
2026-09-18T00:24:58Z,2026-09-19,Saturday,IndiGo,6E,6E-971,Premium Economy,Hyderabad,Mumbai,08:30,10:45,1.5,non-stop,1,31520,492.5,VALIDATED_NORMAL,973b18b8b3a56daf
2026-09-18T00:24:58Z,2026-11-02,Monday,IndiGo,6E,6E-118,Economy,Hyderabad,Bangalore,06:00,08:15,1.1,non-stop,45,1870,29.22,VALIDATED_NORMAL,b9a81c1e2a3ef441
2026-09-18T00:24:58Z,2026-09-19,Saturday,IndiGo,6E,6E-331,Economy,Delhi,Kolkata,18:00,20:15,2.2,non-stop,1,22990,359.22,VALIDATED_NORMAL,2dcdc66c4f4d91ba
2026-09-18T00:24:58Z,2026-10-09,Friday,IndiGo,6E,6E-868,Economy,Bangalore,Mumbai,18:00,20:15,1.7,non-stop,21,4580,71.56,VALIDATED_NORMAL,1a8d51f701801781
2026-09-18T00:24:58Z,2026-10-03,Saturday,IndiGo,6E,6E-437,Economy,Bangalore,Delhi,18:00,20:15,2.7,non-stop,15,9060,141.56,VALIDATED_NORMAL,4bbe9668e945f11f
2026-09-18T00:24:58Z,2026-10-03,Saturday,IndiGo,6E,6E-435,Economy,Bangalore,Mumbai,11:15,13:30,1.7,non-stop,15,6210,97.03,VALIDATED_NORMAL,7df7695e82234785
2026-09-18T00:24:58Z,2026-10-02,Friday,IndiGo,6E,6E-113,Economy,Delhi,Mumbai,08:30,10:45,2.1,non-stop,14,16387,256.05,VALIDATED_NORMAL,f86eb3026997a5ea
2026-09-18T00:24:58Z,2026-10-02,Friday,IndiGo,6E,6E-770,Economy,Delhi,Kolkata,04:30,06:45,2.2,non-stop,14,7890,123.28,VALIDATED_NORMAL,c5c3c35d7c7c9035
2026-09-18T00:24:58Z,2026-11-02,Monday,Air India,AI,AI-356,Economy,Bangalore,Hyderabad,20:30,22:45,1.1,non-stop,45,1950,30.47,VALIDATED_NORMAL,7349cf91dcbeaa45
2026-09-18T00:24:58Z,2026-10-18,Sunday,IndiGo,6E,6E-642,Economy,Ahmedabad,Delhi,20:30,22:45,1.6,non-stop,30,3160,49.38,VALIDATED_NORMAL,19f80e3b888ca24f
2026-09-18T00:24:58Z,2026-09-20,Sunday,IndiGo,6E,6E-957,Premium Economy,Hyderabad,Mumbai,08:30,10:45,1.5,non-stop,2,24420,381.56,VALIDATED_NORMAL,9f6c5e09b44492a7
2026-09-18T00:24:58Z,2026-09-20,Sunday,IndiGo,6E,6E-317,Economy,Mumbai,Delhi,08:30,10:45,2.1,non-stop,2,17510,273.59,VALIDATED_NORMAL,37b4839dd3f89bb8
2026-09-18T00:24:58Z,2026-11-02,Monday,Vistara,UK,UK-775,Economy,Delhi,Ahmedabad,04:30,06:45,1.6,non-stop,45,2960,46.25,VALIDATED_NORMAL,1b996eb988dffaf4
2026-09-18T00:24:58Z,2026-10-09,Friday,IndiGo,6E,6E-817,Economy,Chennai,Delhi,20:30,22:45,2.8,non-stop,21,7470,116.72,VALIDATED_NORMAL,1aa0eb75a54b6410
2026-09-18T00:24:58Z,2026-09-19,Saturday,IndiGo,6E,6E-904,Economy,Ahmedabad,Delhi,08:30,10:45,1.6,non-stop,1,16180,252.81,VALIDATED_NORMAL,1c8294f3de1fc03a
2026-09-18T00:24:58Z,2026-09-20,Sunday,Akasa Air,QP,QP-460,Business,Delhi,Ahmedabad,11:15,13:30,1.6,non-stop,2,43240,675.62,FLAGGED_SURGE,5f2f4af051f32e56
2026-09-18T00:25:58Z,2026-11-02,Monday,Air India,AI,AI-400,Economy,Mumbai,Delhi,14:45,17:00,2.1,non-stop,45,3750,58.59,VALIDATED_NORMAL,e37addd145236baf
2026-09-18T00:25:58Z,2026-10-03,Saturday,IndiGo,6E,6E-803,Economy,Mumbai,Hyderabad,04:30,06:45,1.5,non-stop,15,4940,77.19,VALIDATED_NORMAL,97c849816950dc4d
2026-09-18T00:25:58Z,2026-10-09,Friday,IndiGo,6E,6E-740,Premium Economy,Mumbai,Kolkata,20:30,22:45,2.6,non-stop,21,13990,218.59,VALIDATED_NORMAL,564f71f3ed8c7f87
2026-09-18T00:25:58Z,2026-09-25,Friday,Air India,AI,AI-411,Economy,Bangalore,Mumbai,11:15,13:30,1.7,non-stop,7,9100,142.19,VALIDATED_NORMAL,3222773bb03156e7
2026-09-18T00:25:58Z,2026-09-20,Sunday,IndiGo,6E,6E-922,Economy,Kolkata,Mumbai,04:30,06:45,2.6,non-stop,2,21590,337.34,VALIDATED_NORMAL,20aa88d6b18b783d
2026-09-18T00:25:58Z,2026-10-18,Sunday,IndiGo,6E,6E-752,Economy,Delhi,Ahmedabad,14:45,17:00,4.1,1-stop,30,3000,46.88,VALIDATED_NORMAL,25c2ade7d1eee154
2026-09-18T00:25:58Z,2026-09-20,Sunday,IndiGo,6E,6E-783,Premium Economy,Delhi,Chennai,08:30,10:45,2.8,non-stop,2,51870,810.47,FLAGGED_SURGE,2859ef685c60ffb7
2026-09-18T00:25:58Z,2026-10-03,Saturday,IndiGo,6E,6E-275,Economy,Delhi,Chennai,18:00,20:15,2.8,non-stop,15,22444,350.69,VALIDATED_NORMAL,064acf5ac920d194
2026-09-18T00:25:58Z,2026-09-19,Saturday,IndiGo,6E,6E-526,Business,Delhi,Kolkata,04:30,06:45,2.2,non-stop,1,89160,1393.12,FLAGGED_SURGE,dd5c1b9ad809b6ad
2026-09-18T00:25:58Z,2026-09-20,Sunday,IndiGo,6E,6E-729,Economy,Mumbai,Kolkata,18:00,20:15,2.6,non-stop,2,22070,344.84,VALIDATED_NORMAL,97dfffedbaf716e6
2026-09-18T00:25:58Z,2026-11-02,Monday,Vistara,UK,UK-645,Premium Economy,Delhi,Kolkata,11:15,13:30,2.2,non-stop,45,7990,124.84,VALIDATED_NORMAL,9721b83806377437
2026-09-18T00:25:58Z,2026-11-02,Monday,IndiGo,6E,6E-594,Economy,Bangalore,Mumbai,20:30,22:45,1.7,non-stop,45,2840,44.38,VALIDATED_NORMAL,7202da09607b53fd
2026-09-18T00:25:58Z,2026-10-02,Friday,IndiGo,6E,6E-875,Economy,Mumbai,Delhi,20:30,22:45,2.1,non-stop,14,8060,125.94,VALIDATED_NORMAL,c77b10f88bd5dce8
2026-09-18T00:25:58Z,2026-10-03,Saturday,Vistara,UK,UK-663,Premium Economy,Ahmedabad,Delhi,18:00,20:15,1.6,non-stop,15,12630,197.34,VALIDATED_NORMAL,5aa162009c548b6a
2026-09-18T00:25:58Z,2026-10-09,Friday,IndiGo,6E,6E-662,Economy,Delhi,Bangalore,20:30,22:45,2.7,non-stop,21,7500,117.19,VALIDATED_NORMAL,f6990a1ba5684fa3
2026-09-18T00:25:58Z,2026-09-20,Sunday,Akasa Air,QP,QP-209,Economy,Kolkata,Delhi,06:00,08:15,2.2,non-stop,2,17390,271.72,VALIDATED_NORMAL,49804a55aa006e9d
2026-09-18T00:25:58Z,2026-10-02,Friday,IndiGo,6E,6E-119,Economy,Delhi,Kolkata,20:30,22:45,2.2,non-stop,14,8440,131.88,VALIDATED_NORMAL,e2a3d85c69813935
2026-09-18T00:25:58Z,2026-09-25,Friday,SpiceJet,SG,SG-934,Economy,Kolkata,Mumbai,18:00,20:15,2.6,non-stop,7,12050,188.28,VALIDATED_NORMAL,84c97ae6460f6138
2026-09-18T00:26:36Z,2026-10-02,Friday,SpiceJet,SG,SG-212,Premium Economy,Delhi,Kolkata,18:00,20:15,2.2,non-stop,14,15730,245.78,VALIDATED_NORMAL,8fb47d0c7b4c39b9
2026-09-18T00:26:36Z,2026-09-19,Saturday,Air India,AI,AI-327,Economy,Delhi,Chennai,04:30,06:45,2.8,non-stop,1,29140,455.31,VALIDATED_NORMAL,ee3f07e48c45d218
2026-09-18T00:26:36Z,2026-09-19,Saturday,IndiGo,6E,6E-413,Economy,Delhi,Bangalore,14:45,17:00,2.7,non-stop,1,27780,434.06,VALIDATED_NORMAL,968bf4d7129ae390
2026-09-18T00:26:36Z,2026-09-25,Friday,IndiGo,6E,6E-688,Economy,Bangalore,Mumbai,18:00,20:15,1.7,non-stop,7,8200,128.12,VALIDATED_NORMAL,2a3339bb74f1f62f
